2026-08-11 21:18:04,680 - __main__ - DEBUG - [36mVerbose [DEBUG] logging enabled. Detailed messages will now be shown.[0m
2026-08-11 21:18:04,682 - __main__ - INFO - Server address: [36m0.0.0.0[0m
2026-08-11 21:18:04,683 - __main__ - INFO - Server port: [36m9000[0m
2026-08-11 21:18:04,683 - __main__ - INFO - Whitelist is [91mdisabled![0m
2026-08-11 21:18:04,683 - __main__ - WARNING - [33mYou are not using a whitelist.[0m
2026-08-11 21:18:04,683 - __main__ - INFO - [94mActing as Server![0m
2026-08-11 21:18:04,683 - __main__ - DEBUG - pyserver.py is initialized from this point.
2026-08-11 21:18:04,684 - __main__ - INFO - Server listening on [36m0.0.0.0:9000[0m
2026-08-11 21:19:22,794 - __main__ - DEBUG - [36mVerbose [DEBUG] logging enabled. Detailed messages will now be shown.[0m
2026-08-11 21:19:22,797 - __main__ - INFO - Server address: [36m0.0.0.0[0m
2026-08-11 21:19:22,797 - __main__ - INFO - Server port: [36m9000[0m
2026-08-11 21:19:22,797 - __main__ - INFO - Whitelist is [91mdisabled![0m
2026-08-11 21:19:22,797 - __main__ - WARNING - [33mYou are not using a whitelist.[0m
2026-08-11 21:19:22,798 - __main__ - INFO - [94mActing as Server![0m
2026-08-11 21:19:22,798 - __main__ - DEBUG - pyserver.py is initialized from this point.
2026-08-11 21:19:22,798 - __main__ - INFO - Server listening on [36m0.0.0.0:9000[0m
2026-08-11 21:20:02,262 - __main__ - DEBUG - [36mVerbose [DEBUG] logging enabled. Detailed messages will now be shown.[0m
2026-08-11 21:20:02,264 - __main__ - INFO - Server address: [36m0.0.0.0[0m
2026-08-11 21:20:02,264 - __main__ - INFO - Server port: [36m9000[0m
2026-08-11 21:20:02,265 - __main__ - INFO - Whitelist is [91mdisabled![0m
2026-08-11 21:20:02,265 - __main__ - WARNING - [33mYou are not using a whitelist.[0m
2026-08-11 21:20:02,265 - __main__ - INFO - [94mActing as Server![0m
2026-08-11 21:20:02,265 - __main__ - DEBUG - pyserver.py is initialized from this point.
2026-08-11 21:20:02,265 - __main__ - INFO - Server listening on [36m0.0.0.0:9000[0m
2026-08-12 14:00:29,731 - pyserver - DEBUG - [36mVerbose [DEBUG] logging enabled. Detailed messages will now be shown.[0m
2026-08-12 14:00:29,737 - pyserver - INFO - Server address: [36m0.0.0.0[0m
2026-08-12 14:00:29,738 - pyserver - INFO - Server port: [36m9000[0m
2026-08-12 14:00:29,739 - pyserver - INFO - Whitelist is [91mdisabled![0m
2026-08-12 14:00:29,739 - pyserver - WARNING - [33mYou are not using a whitelist.[0m
2026-08-12 14:00:29,744 - pyserver - INFO - [94mActing as Server![0m
2026-08-12 14:00:29,744 - pyserver - DEBUG - pyserver.py is initialized from this point.
2026-08-12 14:00:29,747 - pyserver - INFO - Server listening on [36m0.0.0.0:9000[0m
2026-08-12 14:00:29,747 - pyserver - INFO - [36m Waiting for UDP [0m
2026-08-12 14:01:13,462 - unity.py - ERROR - [31mUnknown OpCode: UDPI [0m
2026-08-12 14:01:17,096 - unity.py - ERROR - [31mUnknown OpCode: Play [0m
2026-08-12 14:05:00,024 - pyserver - DEBUG - [36mVerbose [DEBUG] logging enabled. Detailed messages will now be shown.[0m
2026-08-12 14:05:00,051 - pyserver - INFO - Server address: [36m0.0.0.0[0m
2026-08-12 14:05:00,055 - pyserver - INFO - Server port: [36m9000[0m
2026-08-12 14:05:00,056 - pyserver - INFO - Whitelist is [91mdisabled![0m
2026-08-12 14:05:00,057 - pyserver - WARNING - [33mYou are not using a whitelist.[0m
2026-08-12 14:05:00,057 - pyserver - INFO - [94mActing as Server![0m
2026-08-12 14:05:00,061 - pyserver - DEBUG - pyserver.py is initialized from this point.
2026-08-12 14:05:00,066 - pyserver - INFO - Server listening on [36m0.0.0.0:9000[0m
2026-08-12 14:05:00,069 - pyserver - INFO - [36m Waiting for UDP [0m
2026-08-12 14:05:45,820 - pyserver - INFO - [36m UDP is ready, signaling session type (server)[0m
2026-08-12 14:05:48,938 - unity.py - INFO - Got Host Player Object Position: 4.501976,0,-7.1949816
2026-08-12 14:05:48,938 - unity.py - ERROR - [31mUnknown OpCode: 0003 [0m
2026-08-12 14:06:31,741 - unity.py - INFO - Got Host Player Object Position: 4.490972,0,-7.1958666
2026-08-12 14:06:31,742 - unity.py - ERROR - [31mUnknown OpCode: 0003 [0m
2026-08-12 14:06:31,773 - unity.py - INFO - Got Host Player Object Position: 4.474506,0,-7.197191
2026-08-12 14:06:31,773 - unity.py - ERROR - [31mUnknown OpCode: 0003 [0m
2026-08-12 14:06:31,784 - unity.py - INFO - Got Host Player Object Position: 4.4634995,0,-7.1980767
2026-08-12 14:06:31,784 - unity.py - ERROR - [31mUnknown OpCode: 0003 [0m
2026-08-12 14:06:31,805 - unity.py - INFO - Got Host Player Object Position: 4.4506655,0,-7.199109
2026-08-12 14:06:31,805 - unity.py - ERROR - [31mUnknown OpCode: 0003 [0m
2026-08-12 14:06:31,816 - unity.py - INFO - Got Host Player Object Position: 4.4359803,0,-7.2002907
2026-08-12 14:06:31,816 - unity.py - ERROR - [31mUnknown OpCode: 0003 [0m
2026-08-12 14:06:31,837 - unity.py - INFO - Got Host Player Object Position: 4.419488,0,-7.2016172
2026-08-12 14:06:31,837 - unity.py - ERROR - [31mUnknown OpCode: 0003 [0m
2026-08-12 14:06:31,858 - unity.py - INFO - Got Host Player Object Position: 4.401124,0,-7.2030945
2026-08-12 14:06:31,858 - unity.py - ERROR - [31mUnknown OpCode: 0003 [0m
2026-08-12 14:06:31,879 - unity.py - INFO - Got Host Player Object Position: 4.38099,0,-7.2047143
2026-08-12 14:06:31,879 - unity.py - ERROR - [31mUnknown OpCode: 0003 [0m
2026-08-12 14:06:31,890 - unity.py - INFO - Got Host Player Object Position: 4.359007,0,-7.206483
2026-08-12 14:06:31,890 - unity.py - ERROR - [31mUnknown OpCode: 0003 [0m
2026-08-12 14:06:31,900 - unity.py - INFO - Got Host Player Object Position: 4.335161,0,-7.208401
2026-08-12 14:06:31,901 - unity.py - ERROR - [31mUnknown OpCode: 0003 [0m
2026-08-12 14:06:31,921 - unity.py - INFO - Got Host Player Object Position: 4.3095255,0,-7.2104635
2026-08-12 14:06:31,922 - unity.py - ERROR - [31mUnknown OpCode: 0003 [0m
2026-08-12 14:06:31,932 - unity.py - INFO - Got Host Player Object Position: 4.282007,0,-7.212677
2026-08-12 14:06:31,933 - unity.py - ERROR - [31mUnknown OpCode: 0003 [0m
2026-08-12 14:06:31,953 - unity.py - INFO - Got Host Player Object Position: 4.2527194,0,-7.215033
2026-08-12 14:06:31,954 - unity.py - ERROR - [31mUnknown OpCode: 0003 [0m
2026-08-12 14:06:31,974 - unity.py - INFO - Got Host Player Object Position: 4.2215695,0,-7.217539
2026-08-12 14:06:31,975 - unity.py - ERROR - [31mUnknown OpCode: 0003 [0m
2026-08-12 14:06:31,985 - unity.py - INFO - Got Host Player Object Position: 4.188588,0,-7.2201924
2026-08-12 14:06:31,985 - unity.py - ERROR - [31mUnknown OpCode: 0003 [0m
2026-08-12 14:06:32,006 - unity.py - INFO - Got Host Player Object Position: 4.153809,0,-7.22299
2026-08-12 14:06:32,006 - unity.py - ERROR - [31mUnknown OpCode: 0003 [0m
2026-08-12 14:06:32,017 - unity.py - INFO - Got Host Player Object Position: 4.117188,0,-7.225936
2026-08-12 14:06:32,017 - unity.py - ERROR - [31mUnknown OpCode: 0003 [0m
2026-08-12 14:06:32,038 - unity.py - INFO - Got Host Player Object Position: 4.082476,0,-7.2287283
2026-08-12 14:06:32,038 - unity.py - ERROR - [31mUnknown OpCode: 0003 [0m
2026-08-12 14:06:32,059 - unity.py - INFO - Got Host Player Object Position: 4.0495195,0,-7.2313795
2026-08-12 14:06:32,059 - unity.py - ERROR - [31mUnknown OpCode: 0003 [0m
2026-08-12 14:06:32,070 - unity.py - INFO - Got Host Player Object Position: 4.0184274,0,-7.233881
2026-08-12 14:06:32,070 - unity.py - ERROR - [31mUnknown OpCode: 0003 [0m
2026-08-12 14:06:32,091 - unity.py - INFO - Got Host Player Object Position: 3.9891386,0,-7.236237
2026-08-12 14:06:32,091 - unity.py - ERROR - [31mUnknown OpCode: 0003 [0m
2026-08-12 14:06:32,102 - unity.py - INFO - Got Host Player Object Position: 3.9617465,0,-7.2384405
2026-08-12 14:06:32,102 - unity.py - ERROR - [31mUnknown OpCode: 0003 [0m
2026-08-12 14:06:32,123 - unity.py - INFO - Got Host Player Object Position: 3.9361174,0,-7.2405024
2026-08-12 14:06:32,124 - unity.py - ERROR - [31mUnknown OpCode: 0003 [0m
2026-08-12 14:06:32,134 - unity.py - INFO - Got Host Player Object Position: 3.9123766,0,-7.242412
2026-08-12 14:06:32,134 - unity.py - ERROR - [31mUnknown OpCode: 0003 [0m
2026-08-12 14:06:32,166 - unity.py - INFO - Got Host Player Object Position: 3.8913343,0,-7.244105
2026-08-12 14:06:32,166 - unity.py - ERROR - [31mUnknown OpCode: 0003 [0m
2026-08-12 14:06:32,177 - unity.py - INFO - Got Host Player Object Position: 3.8713622,0,-7.245712
2026-08-12 14:06:32,177 - unity.py - ERROR - [31mUnknown OpCode: 0003 [0m
2026-08-12 14:06:32,189 - unity.py - INFO - Got Host Player Object Position: 3.853114,0,-7.2471795
2026-08-12 14:06:32,190 - unity.py - ERROR - [31mUnknown OpCode: 0003 [0m
2026-08-12 14:06:32,201 - unity.py - INFO - Got Host Player Object Position: 3.836661,0,-7.248503
2026-08-12 14:06:32,201 - unity.py - ERROR - [31mUnknown OpCode: 0003 [0m
2026-08-12 14:06:32,222 - unity.py - INFO - Got Host Player Object Position: 3.8220556,0,-7.249678
2026-08-12 14:06:32,222 - unity.py - ERROR - [31mUnknown OpCode: 0003 [0m
2026-08-12 14:06:32,243 - unity.py - INFO - Got Host Player Object Position: 3.80925,0,-7.250708
2026-08-12 14:06:32,243 - unity.py - ERROR - [31mUnknown OpCode: 0003 [0m
2026-08-12 14:06:32,254 - unity.py - INFO - Got Host Player Object Position: 3.7982893,0,-7.2515903
2026-08-12 14:06:32,254 - unity.py - ERROR - [31mUnknown OpCode: 0003 [0m
2026-08-12 14:06:32,306 - unity.py - INFO - Got Host Player Object Position: 3.7783527,0,-7.253194
2026-08-12 14:06:32,306 - unity.py - ERROR - [31mUnknown OpCode: 0003 [0m
2026-08-12 14:06:45,239 - pyserver - DEBUG - [36mVerbose [DEBUG] logging enabled. Detailed messages will now be shown.[0m
2026-08-12 14:06:45,241 - pyserver - INFO - Server address: [36m0.0.0.0[0m
2026-08-12 14:06:45,241 - pyserver - INFO - Server port: [36m9000[0m
2026-08-12 14:06:45,242 - pyserver - INFO - Whitelist is [91mdisabled![0m
2026-08-12 14:06:45,242 - pyserver - WARNING - [33mYou are not using a whitelist.[0m
2026-08-12 14:06:45,243 - pyserver - INFO - [94mActing as Server![0m
2026-08-12 14:06:45,243 - pyserver - DEBUG - pyserver.py is initialized from this point.
2026-08-12 14:06:45,244 - pyserver - INFO - Server listening on [36m0.0.0.0:9000[0m
2026-08-12 14:06:45,246 - pyserver - INFO - [36m Waiting for UDP [0m
2026-08-12 14:07:29,690 - pyserver - INFO - [36m UDP is ready, signaling session type (server)[0m
2026-08-12 14:07:32,808 - unity.py - INFO - Got Host Player Object Position: 4.501976,0,-7.1949816
2026-08-12 14:07:51,110 - unity.py - INFO - Got Host Player Object Position: 4.491247,0,-7.1973796
2026-08-12 14:07:51,152 - unity.py - INFO - Got Host Player Object Position: 4.475099,0,-7.200989
2026-08-12 14:07:51,164 - unity.py - INFO - Got Host Player Object Position: 4.4643497,0,-7.2033916
2026-08-12 14:07:51,185 - unity.py - INFO - Got Host Player Object Position: 4.4518247,0,-7.206191
2026-08-12 14:07:51,195 - unity.py - INFO - Got Host Player Object Position: 4.4374943,0,-7.209394
2026-08-12 14:07:51,216 - unity.py - INFO - Got Host Player Object Position: 4.4213357,0,-7.213006
2026-08-12 14:07:51,227 - unity.py - INFO - Got Host Player Object Position: 4.4034147,0,-7.2170115
2026-08-12 14:07:51,248 - unity.py - INFO - Got Host Player Object Position: 4.3836713,0,-7.2214246
2026-08-12 14:07:51,269 - unity.py - INFO - Got Host Player Object Position: 4.3621426,0,-7.2262363
2026-08-12 14:07:51,280 - unity.py - INFO - Got Host Player Object Position: 4.338837,0,-7.2314453
2026-08-12 14:07:51,301 - unity.py - INFO - Got Host Player Object Position: 4.3137527,0,-7.237052
2026-08-12 14:07:51,311 - unity.py - INFO - Got Host Player Object Position: 4.2868147,0,-7.2430735
2026-08-12 14:07:51,332 - unity.py - INFO - Got Host Player Object Position: 4.2581453,0,-7.249481
2026-08-12 14:07:51,343 - unity.py - INFO - Got Host Player Object Position: 4.2276454,0,-7.2562985
2026-08-12 14:07:51,364 - unity.py - INFO - Got Host Player Object Position: 4.1954017,0,-7.2635055
2026-08-12 14:07:51,385 - unity.py - INFO - Got Host Player Object Position: 4.1613383,0,-7.271119
2026-08-12 14:07:51,397 - unity.py - INFO - Got Host Player Object Position: 4.1255546,0,-7.279117
2026-08-12 14:07:51,419 - unity.py - INFO - Got Host Player Object Position: 4.0897017,0,-7.287131
2026-08-12 14:07:51,429 - unity.py - INFO - Got Host Player Object Position: 4.053918,0,-7.295129
2026-08-12 14:07:51,450 - unity.py - INFO - Got Host Player Object Position: 4.018065,0,-7.3031425
2026-08-12 14:07:51,461 - unity.py - INFO - Got Host Player Object Position: 3.9822812,0,-7.311141
2026-08-12 14:07:51,482 - unity.py - INFO - Got Host Player Object Position: 3.9482002,0,-7.3187585
2026-08-12 14:07:51,503 - unity.py - INFO - Got Host Player Object Position: 3.9160042,0,-7.325955
2026-08-12 14:07:51,514 - unity.py - INFO - Got Host Player Object Position: 3.885163,0,-7.33093
2026-08-12 14:07:51,535 - unity.py - INFO - Got Host Player Object Position: 3.8557494,0,-7.3337426
2026-08-12 14:07:51,547 - unity.py - INFO - Got Host Player Object Position: 3.8276584,0,-7.334385
2026-08-12 14:07:51,568 - unity.py - INFO - Got Host Player Object Position: 3.801847,0,-7.336438
2026-08-12 14:07:51,579 - unity.py - INFO - Got Host Player Object Position: 3.7781165,0,-7.3398476
2026-08-12 14:07:51,601 - unity.py - INFO - Got Host Player Object Position: 3.756659,0,-7.3446436
2026-08-12 14:07:51,611 - unity.py - INFO - Got Host Player Object Position: 3.7369616,0,-7.349046
2026-08-12 14:07:51,632 - unity.py - INFO - Got Host Player Object Position: 3.7190804,0,-7.3530426
2026-08-12 14:07:51,653 - unity.py - INFO - Got Host Player Object Position: 3.7029598,0,-7.356646
2026-08-12 14:07:51,674 - unity.py - INFO - Got Host Player Object Position: 3.688667,0,-7.3598404
2026-08-12 14:07:51,684 - unity.py - INFO - Got Host Player Object Position: 3.6760948,0,-7.362651
2026-08-12 14:07:51,695 - unity.py - INFO - Got Host Player Object Position: 3.665391,0,-7.365043
2026-08-12 14:07:51,738 - unity.py - INFO - Got Host Player Object Position: 3.6503139,0,-7.368413
2026-08-12 14:07:51,779 - unity.py - INFO - Got Host Player Object Position: 3.6396255,0,-7.370802
2026-08-12 14:08:05,029 - unity.py - INFO - Got Host Player Object Position: 3.6286328,0,-7.3696756
2026-08-12 14:08:05,061 - unity.py - INFO - Got Host Player Object Position: 3.6122131,0,-7.3679934
2026-08-12 14:08:05,082 - unity.py - INFO - Got Host Player Object Position: 3.6012535,0,-7.36687
2026-08-12 14:08:05,092 - unity.py - INFO - Got Host Player Object Position: 3.5884454,0,-7.3655577
2026-08-12 14:08:05,113 - unity.py - INFO - Got Host Player Object Position: 3.5738354,0,-7.3640604
2026-08-12 14:08:05,123 - unity.py - INFO - Got Host Player Object Position: 3.5573652,0,-7.362373
2026-08-12 14:08:05,145 - unity.py - INFO - Got Host Player Object Position: 3.5390756,0,-7.360499
2026-08-12 14:08:05,165 - unity.py - INFO - Got Host Player Object Position: 3.5189736,0,-7.358439
2026-08-12 14:08:05,177 - unity.py - INFO - Got Host Player Object Position: 3.4970522,0,-7.3561926
2026-08-12 14:08:05,199 - unity.py - INFO - Got Host Player Object Position: 3.4732597,0,-7.353755
2026-08-12 14:08:05,209 - unity.py - INFO - Got Host Player Object Position: 3.447693,0,-7.3511353
2026-08-12 14:08:05,230 - unity.py - INFO - Got Host Player Object Position: 3.4202483,0,-7.348323
2026-08-12 14:08:05,241 - unity.py - INFO - Got Host Player Object Position: 3.3910213,0,-7.345328
2026-08-12 14:08:05,261 - unity.py - INFO - Got Host Player Object Position: 3.359955,0,-7.3421445
2026-08-12 14:08:05,283 - unity.py - INFO - Got Host Player Object Position: 3.327083,0,-7.338776
2026-08-12 14:08:05,294 - unity.py - INFO - Got Host Player Object Position: 3.2923188,0,-7.335214
2026-08-12 14:08:05,315 - unity.py - INFO - Got Host Player Object Position: 3.2558434,0,-7.331476
2026-08-12 14:08:05,325 - unity.py - INFO - Got Host Player Object Position: 3.2192965,0,-7.3277316
2026-08-12 14:08:05,346 - unity.py - INFO - Got Host Player Object Position: 3.1828208,0,-7.323994
2026-08-12 14:08:05,357 - unity.py - INFO - Got Host Player Object Position: 3.1462731,0,-7.320249
2026-08-12 14:08:05,378 - unity.py - INFO - Got Host Player Object Position: 3.1097977,0,-7.316511
2026-08-12 14:08:05,399 - unity.py - INFO - Got Host Player Object Position: 3.0732496,0,-7.3127666
2026-08-12 14:08:05,411 - unity.py - INFO - Got Host Player Object Position: 3.036774,0,-7.3090286
2026-08-12 14:08:05,431 - unity.py - INFO - Got Host Player Object Position: 3.000226,0,-7.3052835
2026-08-12 14:08:05,442 - unity.py - INFO - Got Host Player Object Position: 2.9637504,0,-7.301546
2026-08-12 14:08:05,463 - unity.py - INFO - Got Host Player Object Position: 2.9272032,0,-7.297801
2026-08-12 14:08:05,474 - unity.py - INFO - Got Host Player Object Position: 2.8907275,0,-7.2940636
2026-08-12 14:08:05,495 - unity.py - INFO - Got Host Player Object Position: 2.8541813,0,-7.2903185
2026-08-12 14:08:05,516 - unity.py - INFO - Got Host Player Object Position: 2.8177056,0,-7.286581
2026-08-12 14:08:05,527 - unity.py - INFO - Got Host Player Object Position: 2.781159,0,-7.2828364
2026-08-12 14:08:05,548 - unity.py - INFO - Got Host Player Object Position: 2.7446833,0,-7.2790985
2026-08-12 14:08:05,558 - unity.py - INFO - Got Host Player Object Position: 2.7081363,0,-7.275354
2026-08-12 14:08:05,579 - unity.py - INFO - Got Host Player Object Position: 2.6718931,0,-7.2697973
2026-08-12 14:08:05,600 - unity.py - INFO - Got Host Player Object Position: 2.6359024,0,-7.262426
2026-08-12 14:08:05,620 - unity.py - INFO - Got Host Player Object Position: 2.6003978,0,-7.2532687
2026-08-12 14:08:05,631 - unity.py - INFO - Got Host Player Object Position: 2.5653028,0,-7.2424035
2026-08-12 14:08:05,642 - unity.py - INFO - Got Host Player Object Position: 2.530803,0,-7.229877
2026-08-12 14:08:05,663 - unity.py - INFO - Got Host Player Object Position: 2.4969158,0,-7.2157774
2026-08-12 14:08:05,674 - unity.py - INFO - Got Host Player Object Position: 2.4637194,0,-7.2002068
2026-08-12 14:08:05,694 - unity.py - INFO - Got Host Player Object Position: 2.4311895,0,-7.183131
2026-08-12 14:08:05,715 - unity.py - INFO - Got Host Player Object Position: 2.3994684,0,-7.1647406
2026-08-12 14:08:05,726 - unity.py - INFO - Got Host Player Object Position: 2.368465,0,-7.1450295
2026-08-12 14:08:05,746 - unity.py - INFO - Got Host Player Object Position: 2.3383207,0,-7.1241546
2026-08-12 14:08:05,767 - unity.py - INFO - Got Host Player Object Position: 2.308961,0,-7.10207
2026-08-12 14:08:05,778 - unity.py - INFO - Got Host Player Object Position: 2.280364,0,-7.079121
2026-08-12 14:08:05,799 - unity.py - INFO - Got Host Player Object Position: 2.2524056,0,-7.055286
2026-08-12 14:08:05,809 - unity.py - INFO - Got Host Player Object Position: 2.225126,0,-7.030786
2026-08-12 14:08:05,830 - unity.py - INFO - Got Host Player Object Position: 2.1983688,0,-7.00561
2026-08-12 14:08:05,841 - unity.py - INFO - Got Host Player Object Position: 2.1721537,0,-6.979974
2026-08-12 14:08:05,861 - unity.py - INFO - Got Host Player Object Position: 2.1462338,0,-6.9539385
2026-08-12 14:08:05,882 - unity.py - INFO - Got Host Player Object Position: 2.1205964,0,-6.9277244
2026-08-12 14:08:05,893 - unity.py - INFO - Got Host Player Object Position: 2.0950758,0,-6.9012966
2026-08-12 14:08:05,914 - unity.py - INFO - Got Host Player Object Position: 2.068991,0,-6.8755283
2026-08-12 14:08:05,924 - unity.py - INFO - Got Host Player Object Position: 2.042275,0,-6.8503075
2026-08-12 14:08:05,944 - unity.py - INFO - Got Host Player Object Position: 2.0148134,0,-6.826011
2026-08-12 14:08:05,965 - unity.py - INFO - Got Host Player Object Position: 1.9868362,0,-6.8022003
2026-08-12 14:08:05,976 - unity.py - INFO - Got Host Player Object Position: 1.9585233,0,-6.778902
2026-08-12 14:08:05,997 - unity.py - INFO - Got Host Player Object Position: 1.9298315,0,-6.755956
2026-08-12 14:08:06,008 - unity.py - INFO - Got Host Player Object Position: 1.9009184,0,-6.733407
2026-08-12 14:08:06,029 - unity.py - INFO - Got Host Player Object Position: 1.8716744,0,-6.711169
2026-08-12 14:08:06,050 - unity.py - INFO - Got Host Player Object Position: 1.842219,0,-6.6893325
2026-08-12 14:08:06,061 - unity.py - INFO - Got Host Player Object Position: 1.8124976,0,-6.6677384
2026-08-12 14:08:06,082 - unity.py - INFO - Got Host Player Object Position: 1.7826469,0,-6.6464458
2026-08-12 14:08:06,093 - unity.py - INFO - Got Host Player Object Position: 1.752571,0,-6.6253467
2026-08-12 14:08:06,114 - unity.py - INFO - Got Host Player Object Position: 1.7223896,0,-6.6045256
2026-08-12 14:08:06,134 - unity.py - INFO - Got Host Player Object Position: 1.6919684,0,-6.5839286
2026-08-12 14:08:06,145 - unity.py - INFO - Got Host Player Object Position: 1.6612916,0,-6.563777
2026-08-12 14:08:06,166 - unity.py - INFO - Got Host Player Object Position: 1.6304363,0,-6.543968
2026-08-12 14:08:06,176 - unity.py - INFO - Got Host Player Object Position: 1.5993307,0,-6.5244174
2026-08-12 14:08:06,197 - unity.py - INFO - Got Host Player Object Position: 1.5681176,0,-6.505177
2026-08-12 14:08:06,208 - unity.py - INFO - Got Host Player Object Position: 1.5366762,0,-6.486172
2026-08-12 14:08:06,229 - unity.py - INFO - Got Host Player Object Position: 1.5051159,0,-6.467507
2026-08-12 14:08:06,249 - unity.py - INFO - Got Host Player Object Position: 1.473284,0,-6.449166
2026-08-12 14:08:06,260 - unity.py - INFO - Got Host Player Object Position: 1.4413084,0,-6.4312215
2026-08-12 14:08:06,281 - unity.py - INFO - Got Host Player Object Position: 1.4090533,0,-6.413635
2026-08-12 14:08:06,292 - unity.py - INFO - Got Host Player Object Position: 1.3766189,0,-6.3965335
2026-08-12 14:08:06,312 - unity.py - INFO - Got Host Player Object Position: 1.3438854,0,-6.3798547
2026-08-12 14:08:06,333 - unity.py - INFO - Got Host Player Object Position: 1.3108323,0,-6.3639827
2026-08-12 14:08:06,344 - unity.py - INFO - Got Host Player Object Position: 1.2774686,0,-6.3486013
2026-08-12 14:08:06,365 - unity.py - INFO - Got Host Player Object Position: 1.2438816,0,-6.3338923
2026-08-12 14:08:06,376 - unity.py - INFO - Got Host Player Object Position: 1.2099271,0,-6.319862
2026-08-12 14:08:06,396 - unity.py - INFO - Got Host Player Object Position: 1.175742,0,-6.306602
2026-08-12 14:08:06,418 - unity.py - INFO - Got Host Player Object Position: 1.1411858,0,-6.2941265
2026-08-12 14:08:06,428 - unity.py - INFO - Got Host Player Object Position: 1.1064343,0,-6.282431
2026-08-12 14:08:06,449 - unity.py - INFO - Got Host Player Object Position: 1.0713577,0,-6.271506
2026-08-12 14:08:06,460 - unity.py - INFO - Got Host Player Object Position: 1.0361204,0,-6.261368
2026-08-12 14:08:06,481 - unity.py - INFO - Got Host Player Object Position: 1.0006088,0,-6.2519517
2026-08-12 14:08:06,491 - unity.py - INFO - Got Host Player Object Position: 0.96497786,0,-6.2432985
2026-08-12 14:08:06,512 - unity.py - INFO - Got Host Player Object Position: 0.92906976,0,-6.2355347
2026-08-12 14:08:06,533 - unity.py - INFO - Got Host Player Object Position: 0.89299405,0,-6.228978
2026-08-12 14:08:06,544 - unity.py - INFO - Got Host Player Object Position: 0.8567177,0,-6.2231674
2026-08-12 14:08:06,565 - unity.py - INFO - Got Host Player Object Position: 0.8204035,0,-6.2180953
2026-08-12 14:08:06,576 - unity.py - INFO - Got Host Player Object Position: 0.7839277,0,-6.213713
2026-08-12 14:08:06,596 - unity.py - INFO - Got Host Player Object Position: 0.7474392,0,-6.210103
2026-08-12 14:08:06,618 - unity.py - INFO - Got Host Player Object Position: 0.71081716,0,-6.2071886
2026-08-12 14:08:06,629 - unity.py - INFO - Got Host Player Object Position: 0.67422086,0,-6.204918
2026-08-12 14:08:06,649 - unity.py - INFO - Got Host Player Object Position: 0.63751847,0,-6.203283
2026-08-12 14:08:06,660 - unity.py - INFO - Got Host Player Object Position: 0.60086614,0,-6.2022586
2026-08-12 14:08:06,680 - unity.py - INFO - Got Host Player Object Position: 0.5641299,0,-6.2018094
2026-08-12 14:08:06,691 - unity.py - INFO - Got Host Player Object Position: 0.5274635,0,-6.201937
2026-08-12 14:08:06,712 - unity.py - INFO - Got Host Player Object Position: 0.49072996,0,-6.2025456
2026-08-12 14:08:06,732 - unity.py - INFO - Got Host Player Object Position: 0.45408678,0,-6.203857
2026-08-12 14:08:06,743 - unity.py - INFO - Got Host Player Object Position: 0.41738725,0,-6.2055554
2026-08-12 14:08:06,764 - unity.py - INFO - Got Host Player Object Position: 0.38077956,0,-6.2076335
2026-08-12 14:08:06,775 - unity.py - INFO - Got Host Player Object Position: 0.34411988,0,-6.2100363
2026-08-12 14:08:06,796 - unity.py - INFO - Got Host Player Object Position: 0.30755404,0,-6.2127533
2026-08-12 14:08:06,817 - unity.py - INFO - Got Host Player Object Position: 0.27093723,0,-6.215731
2026-08-12 14:08:06,827 - unity.py - INFO - Got Host Player Object Position: 0.23441291,0,-6.2189584
2026-08-12 14:08:06,848 - unity.py - INFO - Got Host Player Object Position: 0.19784717,0,-6.222511
2026-08-12 14:08:06,868 - unity.py - INFO - Got Host Player Object Position: 0.16137804,0,-6.2263117
2026-08-12 14:08:06,879 - unity.py - INFO - Got Host Player Object Position: 0.124865256,0,-6.2303743
2026-08-12 14:08:06,900 - unity.py - INFO - Got Host Player Object Position: 0.08845274,0,-6.234684
2026-08-12 14:08:06,910 - unity.py - INFO - Got Host Player Object Position: 0.052011255,0,-6.2393517
2026-08-12 14:08:06,931 - unity.py - INFO - Got Host Player Object Position: 0.015670914,0,-6.244232
2026-08-12 14:08:06,942 - unity.py - INFO - Got Host Player Object Position: -0.020710386,0,-6.2493453
2026-08-12 14:08:06,962 - unity.py - INFO - Got Host Player Object Position: -0.056993015,0,-6.2546377
2026-08-12 14:08:06,983 - unity.py - INFO - Got Host Player Object Position: -0.093308486,0,-6.2601943
2026-08-12 14:08:06,994 - unity.py - INFO - Got Host Player Object Position: -0.12951368,0,-6.265993
2026-08-12 14:08:07,015 - unity.py - INFO - Got Host Player Object Position: -0.1657592,0,-6.271993
2026-08-12 14:08:07,025 - unity.py - INFO - Got Host Player Object Position: -0.2019017,0,-6.2781706
2026-08-12 14:08:07,046 - unity.py - INFO - Got Host Player Object Position: -0.23808111,0,-6.2845497
2026-08-12 14:08:07,067 - unity.py - INFO - Got Host Player Object Position: -0.2741512,0,-6.291137
2026-08-12 14:08:07,078 - unity.py - INFO - Got Host Player Object Position: -0.31025127,0,-6.297958
2026-08-12 14:08:07,099 - unity.py - INFO - Got Host Player Object Position: -0.34623203,0,-6.3050165
2026-08-12 14:08:07,109 - unity.py - INFO - Got Host Player Object Position: -0.38219452,0,-6.312529
2026-08-12 14:08:07,130 - unity.py - INFO - Got Host Player Object Position: -0.41801956,0,-6.32034
2026-08-12 14:08:07,150 - unity.py - INFO - Got Host Player Object Position: -0.45385253,0,-6.328448
2026-08-12 14:08:07,161 - unity.py - INFO - Got Host Player Object Position: -0.48957947,0,-6.33686
2026-08-12 14:08:07,182 - unity.py - INFO - Got Host Player Object Position: -0.52519536,0,-6.345575
2026-08-12 14:08:07,193 - unity.py - INFO - Got Host Player Object Position: -0.5608115,0,-6.3545866
2026-08-12 14:08:07,213 - unity.py - INFO - Got Host Player Object Position: -0.5962862,0,-6.3638597
2026-08-12 14:08:07,234 - unity.py - INFO - Got Host Player Object Position: -0.63176405,0,-6.373399
2026-08-12 14:08:07,245 - unity.py - INFO - Got Host Player Object Position: -0.66710573,0,-6.3831663
2026-08-12 14:08:07,266 - unity.py - INFO - Got Host Player Object Position: -0.702474,0,-6.3931074
2026-08-12 14:08:07,276 - unity.py - INFO - Got Host Player Object Position: -0.73772913,0,-6.403183
2026-08-12 14:08:07,297 - unity.py - INFO - Got Host Player Object Position: -0.7730088,0,-6.4134326
2026-08-12 14:08:07,318 - unity.py - INFO - Got Host Player Object Position: -0.8082018,0,-6.423723
2026-08-12 14:08:07,329 - unity.py - INFO - Got Host Player Object Position: -0.8431882,0,-6.4349327
2026-08-12 14:08:07,350 - unity.py - INFO - Got Host Player Object Position: -0.8777795,0,-6.4470935
2026-08-12 14:08:07,360 - unity.py - INFO - Got Host Player Object Position: -0.91208065,0,-6.460254
2026-08-12 14:08:07,381 - unity.py - INFO - Got Host Player Object Position: -0.94591784,0,-6.474378
2026-08-12 14:08:07,392 - unity.py - INFO - Got Host Player Object Position: -0.9793539,0,-6.4896016
2026-08-12 14:08:07,413 - unity.py - INFO - Got Host Player Object Position: -1.0122118,0,-6.505874
2026-08-12 14:08:07,434 - unity.py - INFO - Got Host Player Object Position: -1.044546,0,-6.5233145
2026-08-12 14:08:07,444 - unity.py - INFO - Got Host Player Object Position: -1.0761765,0,-6.54186
2026-08-12 14:08:07,465 - unity.py - INFO - Got Host Player Object Position: -1.1071335,0,-6.561643
2026-08-12 14:08:07,476 - unity.py - INFO - Got Host Player Object Position: -1.1372627,0,-6.5825396
2026-08-12 14:08:07,497 - unity.py - INFO - Got Host Player Object Position: -1.1665543,0,-6.604714
2026-08-12 14:08:07,518 - unity.py - INFO - Got Host Player Object Position: -1.1948293,0,-6.6280584
2026-08-12 14:08:07,528 - unity.py - INFO - Got Host Player Object Position: -1.2221057,0,-6.652669
2026-08-12 14:08:07,550 - unity.py - INFO - Got Host Player Object Position: -1.2481905,0,-6.6784377
2026-08-12 14:08:07,561 - unity.py - INFO - Got Host Player Object Position: -1.2730961,0,-6.705445
2026-08-12 14:08:07,581 - unity.py - INFO - Got Host Player Object Position: -1.2966597,0,-6.733537
2026-08-12 14:08:07,602 - unity.py - INFO - Got Host Player Object Position: -1.3188499,0,-6.762817
2026-08-12 14:08:07,613 - unity.py - INFO - Got Host Player Object Position: -1.3395298,0,-6.7930956
2026-08-12 14:08:07,634 - unity.py - INFO - Got Host Player Object Position: -1.3587275,0,-6.824419
2026-08-12 14:08:07,645 - unity.py - INFO - Got Host Player Object Position: -1.3762999,0,-6.8566003
2026-08-12 14:08:07,667 - unity.py - INFO - Got Host Player Object Position: -1.3938866,0,-6.888856
2026-08-12 14:08:07,677 - unity.py - INFO - Got Host Player Object Position: -1.4114388,0,-6.9210486
2026-08-12 14:08:07,698 - unity.py - INFO - Got Host Player Object Position: -1.4290254,0,-6.953304
2026-08-12 14:08:07,709 - unity.py - INFO - Got Host Player Object Position: -1.4465778,0,-6.985496
2026-08-12 14:08:07,731 - unity.py - INFO - Got Host Player Object Position: -1.4641644,0,-7.0177517
2026-08-12 14:08:07,752 - unity.py - INFO - Got Host Player Object Position: -1.4817168,0,-7.049944
2026-08-12 14:08:07,763 - unity.py - INFO - Got Host Player Object Position: -1.4993033,0,-7.0821996
2026-08-12 14:08:07,784 - unity.py - INFO - Got Host Player Object Position: -1.5168557,0,-7.114392
2026-08-12 14:08:07,794 - unity.py - INFO - Got Host Player Object Position: -1.5344423,0,-7.1466475
2026-08-12 14:08:07,815 - unity.py - INFO - Got Host Player Object Position: -1.5519946,0,-7.1788397
2026-08-12 14:08:07,836 - unity.py - INFO - Got Host Player Object Position: -1.569581,0,-7.211095
2026-08-12 14:08:07,847 - unity.py - INFO - Got Host Player Object Position: -1.5871333,0,-7.243287
2026-08-12 14:08:07,867 - unity.py - INFO - Got Host Player Object Position: -1.604861,0,-7.2754664
2026-08-12 14:08:07,878 - unity.py - INFO - Got Host Player Object Position: -1.6232777,0,-7.3071723
2026-08-12 14:08:07,899 - unity.py - INFO - Got Host Player Object Position: -1.6445339,0,-7.337137
2026-08-12 14:08:07,909 - unity.py - INFO - Got Host Player Object Position: -1.666884,0,-7.36382
2026-08-12 14:08:07,930 - unity.py - INFO - Got Host Player Object Position: -1.6903465,0,-7.387119
2026-08-12 14:08:07,951 - unity.py - INFO - Got Host Player Object Position: -1.7142514,0,-7.407106
2026-08-12 14:08:07,962 - unity.py - INFO - Got Host Player Object Position: -1.7382958,0,-7.424004
2026-08-12 14:08:07,982 - unity.py - INFO - Got Host Player Object Position: -1.7618984,0,-7.4381576
2026-08-12 14:08:07,993 - unity.py - INFO - Got Host Player Object Position: -1.7846596,0,-7.450107
2026-08-12 14:08:08,014 - unity.py - INFO - Got Host Player Object Position: -1.8061885,0,-7.4603066
2026-08-12 14:08:08,035 - unity.py - INFO - Got Host Player Object Position: -1.8262779,0,-7.469314
2026-08-12 14:08:08,046 - unity.py - INFO - Got Host Player Object Position: -1.8446627,0,-7.4775567
2026-08-12 14:08:08,078 - unity.py - INFO - Got Host Player Object Position: -1.86026,0,-7.48455
2026-08-12 14:08:08,089 - unity.py - INFO - Got Host Player Object Position: -1.8749387,0,-7.4911313
2026-08-12 14:08:08,100 - unity.py - INFO - Got Host Player Object Position: -1.888325,0,-7.4971333
2026-08-12 14:08:08,111 - unity.py - INFO - Got Host Player Object Position: -1.9000003,0,-7.502368
2026-08-12 14:08:08,132 - unity.py - INFO - Got Host Player Object Position: -1.9100385,0,-7.5068684
2026-08-12 14:08:08,163 - unity.py - INFO - Got Host Player Object Position: -1.9250674,0,-7.513607
2026-08-12 14:08:52,599 - pyserver - DEBUG - [36mVerbose [DEBUG] logging enabled. Detailed messages will now be shown.[0m
2026-08-12 14:08:52,603 - pyserver - INFO - Server address: [36m0.0.0.0[0m
2026-08-12 14:08:52,604 - pyserver - INFO - Server port: [36m9000[0m
2026-08-12 14:08:52,605 - pyserver - INFO - Whitelist is [91mdisabled![0m
2026-08-12 14:08:52,605 - pyserver - WARNING - [33mYou are not using a whitelist.[0m
2026-08-12 14:08:52,605 - pyserver - INFO - [94mActing as Server![0m
2026-08-12 14:08:52,606 - pyserver - DEBUG - pyserver.py is initialized from this point.
2026-08-12 14:08:52,609 - pyserver - INFO - [36m Waiting for UDP [0m
2026-08-12 14:09:13,944 - pyserver - DEBUG - [36mVerbose [DEBUG] logging enabled. Detailed messages will now be shown.[0m
2026-08-12 14:09:13,948 - pyserver - INFO - Server address: [36m0.0.0.0[0m
2026-08-12 14:09:13,949 - pyserver - INFO - Server port: [36m9000[0m
2026-08-12 14:09:13,949 - pyserver - INFO - Whitelist is [91mdisabled![0m
2026-08-12 14:09:13,950 - pyserver - WARNING - [33mYou are not using a whitelist.[0m
2026-08-12 14:09:13,950 - pyserver - INFO - [94mActing as Server![0m
2026-08-12 14:09:13,950 - pyserver - DEBUG - pyserver.py is initialized from this point.
2026-08-12 14:09:13,951 - pyserver - INFO - Server listening on [36m0.0.0.0:9000[0m
2026-08-12 14:09:13,951 - pyserver - INFO - [36m Waiting for UDP [0m
2026-08-12 14:09:48,546 - unity.py - INFO - [36mHandling UDP Data: 0001[0m
2026-08-12 14:09:48,554 - pyserver - INFO - [36m UDP is ready, signaling session type (server)[0m
2026-08-12 14:09:51,596 - unity.py - INFO - [36mHandling UDP Data: 0003:4.501976,0,-7.1949816[0m
2026-08-12 14:09:51,597 - unity.py - INFO - Got Host Player Object Position: 4.501976,0,-7.1949816
2026-08-12 14:10:07,469 - unity.py - INFO - [36mHandling UDP Data: 0003:4.491586,0,-7.191475[0m
2026-08-12 14:10:07,469 - unity.py - INFO - Got Host Player Object Position: 4.491586,0,-7.191475
2026-08-12 14:10:07,500 - unity.py - INFO - [36mHandling UDP Data: 0003:4.4759235,0,-7.186188[0m
2026-08-12 14:10:07,500 - unity.py - INFO - Got Host Player Object Position: 4.4759235,0,-7.186188
2026-08-12 14:10:07,511 - unity.py - INFO - [36mHandling UDP Data: 0003:4.4654727,0,-7.182661[0m
2026-08-12 14:10:07,511 - unity.py - INFO - Got Host Player Object Position: 4.4654727,0,-7.182661
2026-08-12 14:10:07,532 - unity.py - INFO - [36mHandling UDP Data: 0003:4.4533033,0,-7.1785536[0m
2026-08-12 14:10:07,532 - unity.py - INFO - Got Host Player Object Position: 4.4533033,0,-7.1785536
2026-08-12 14:10:07,542 - unity.py - INFO - [36mHandling UDP Data: 0003:4.4394073,0,-7.1738634[0m
2026-08-12 14:10:07,543 - unity.py - INFO - Got Host Player Object Position: 4.4394073,0,-7.1738634
2026-08-12 14:10:07,564 - unity.py - INFO - [36mHandling UDP Data: 0003:4.4237547,0,-7.16858[0m
2026-08-12 14:10:07,564 - unity.py - INFO - Got Host Player Object Position: 4.4237547,0,-7.16858
2026-08-12 14:10:07,585 - unity.py - INFO - [36mHandling UDP Data: 0003:4.40632,0,-7.1626954[0m
2026-08-12 14:10:07,585 - unity.py - INFO - Got Host Player Object Position: 4.40632,0,-7.1626954
2026-08-12 14:10:07,595 - unity.py - INFO - [36mHandling UDP Data: 0003:4.387177,0,-7.1562343[0m
2026-08-12 14:10:07,596 - unity.py - INFO - Got Host Player Object Position: 4.387177,0,-7.1562343
2026-08-12 14:10:07,617 - unity.py - INFO - [36mHandling UDP Data: 0003:4.366254,0,-7.1491723[0m
2026-08-12 14:10:07,617 - unity.py - INFO - Got Host Player Object Position: 4.366254,0,-7.1491723
2026-08-12 14:10:07,627 - unity.py - INFO - [36mHandling UDP Data: 0003:4.34365,0,-7.141543[0m
2026-08-12 14:10:07,628 - unity.py - INFO - Got Host Player Object Position: 4.34365,0,-7.141543
2026-08-12 14:10:07,648 - unity.py - INFO - [36mHandling UDP Data: 0003:4.3192925,0,-7.133322[0m
2026-08-12 14:10:07,649 - unity.py - INFO - Got Host Player Object Position: 4.3192925,0,-7.133322
2026-08-12 14:10:07,669 - unity.py - INFO - [36mHandling UDP Data: 0003:4.2932034,0,-7.124516[0m
2026-08-12 14:10:07,670 - unity.py - INFO - Got Host Player Object Position: 4.2932034,0,-7.124516
2026-08-12 14:10:07,681 - unity.py - INFO - [36mHandling UDP Data: 0003:4.268827,0,-7.1162887[0m
2026-08-12 14:10:07,681 - unity.py - INFO - Got Host Player Object Position: 4.268827,0,-7.1162887
2026-08-12 14:10:07,702 - unity.py - INFO - [36mHandling UDP Data: 0003:4.2462106,0,-7.108655[0m
2026-08-12 14:10:07,702 - unity.py - INFO - Got Host Player Object Position: 4.2462106,0,-7.108655
2026-08-12 14:10:07,713 - unity.py - INFO - [36mHandling UDP Data: 0003:4.2253003,0,-7.1015973[0m
2026-08-12 14:10:07,713 - unity.py - INFO - Got Host Player Object Position: 4.2253003,0,-7.1015973
2026-08-12 14:10:07,733 - unity.py - INFO - [36mHandling UDP Data: 0003:4.2061715,0,-7.095141[0m
2026-08-12 14:10:07,734 - unity.py - INFO - Got Host Player Object Position: 4.2061715,0,-7.095141
2026-08-12 14:10:07,744 - unity.py - INFO - [36mHandling UDP Data: 0003:4.188695,0,-7.089242[0m
2026-08-12 14:10:07,744 - unity.py - INFO - Got Host Player Object Position: 4.188695,0,-7.089242
2026-08-12 14:10:07,765 - unity.py - INFO - [36mHandling UDP Data: 0003:4.173059,0,-7.083965[0m
2026-08-12 14:10:07,765 - unity.py - INFO - Got Host Player Object Position: 4.173059,0,-7.083965
2026-08-12 14:10:07,786 - unity.py - INFO - [36mHandling UDP Data: 0003:4.1591053,0,-7.079255[0m
2026-08-12 14:10:07,786 - unity.py - INFO - Got Host Player Object Position: 4.1591053,0,-7.079255
2026-08-12 14:10:07,809 - unity.py - INFO - [36mHandling UDP Data: 0003:4.1478605,0,-7.0754595[0m
2026-08-12 14:10:07,809 - unity.py - INFO - Got Host Player Object Position: 4.1478605,0,-7.0754595
2026-08-12 14:10:07,821 - unity.py - INFO - [36mHandling UDP Data: 0003:4.1377053,0,-7.072032[0m
2026-08-12 14:10:07,821 - unity.py - INFO - Got Host Player Object Position: 4.1377053,0,-7.072032
2026-08-12 14:10:07,852 - unity.py - INFO - [36mHandling UDP Data: 0003:4.123843,0,-7.0673532[0m
2026-08-12 14:10:07,853 - unity.py - INFO - Got Host Player Object Position: 4.123843,0,-7.0673532
2026-08-12 14:10:07,895 - unity.py - INFO - [36mHandling UDP Data: 0003:4.113364,0,-7.063816[0m
2026-08-12 14:10:07,895 - unity.py - INFO - Got Host Player Object Position: 4.113364,0,-7.063816
2026-08-12 14:10:29,958 - unity.py - INFO - [36mHandling UDP Data: 0003:4.10262,0,-7.0607457[0m
2026-08-12 14:10:29,958 - unity.py - INFO - Got Host Player Object Position: 4.10262,0,-7.0607457
2026-08-12 14:10:29,989 - unity.py - INFO - [36mHandling UDP Data: 0003:4.0866485,0,-7.0561805[0m
2026-08-12 14:10:29,990 - unity.py - INFO - Got Host Player Object Position: 4.0866485,0,-7.0561805
2026-08-12 14:10:30,000 - unity.py - INFO - [36mHandling UDP Data: 0003:4.0760612,0,-7.0531545[0m
2026-08-12 14:10:30,000 - unity.py - INFO - Got Host Player Object Position: 4.0760612,0,-7.0531545
2026-08-12 14:10:30,021 - unity.py - INFO - [36mHandling UDP Data: 0003:4.0636415,0,-7.049605[0m
2026-08-12 14:10:30,021 - unity.py - INFO - Got Host Player Object Position: 4.0636415,0,-7.049605
2026-08-12 14:10:30,031 - unity.py - INFO - [36mHandling UDP Data: 0003:4.049488,0,-7.0455594[0m
2026-08-12 14:10:30,031 - unity.py - INFO - Got Host Player Object Position: 4.049488,0,-7.0455594
2026-08-12 14:10:30,053 - unity.py - INFO - [36mHandling UDP Data: 0003:4.033522,0,-7.0409966[0m
2026-08-12 14:10:30,053 - unity.py - INFO - Got Host Player Object Position: 4.033522,0,-7.0409966
2026-08-12 14:10:30,074 - unity.py - INFO - [36mHandling UDP Data: 0003:4.015814,0,-7.035935[0m
2026-08-12 14:10:30,074 - unity.py - INFO - Got Host Player Object Position: 4.015814,0,-7.035935
2026-08-12 14:10:30,085 - unity.py - INFO - [36mHandling UDP Data: 0003:3.996329,0,-7.030366[0m
2026-08-12 14:10:30,085 - unity.py - INFO - Got Host Player Object Position: 3.996329,0,-7.030366
2026-08-12 14:10:30,106 - unity.py - INFO - [36mHandling UDP Data: 0003:3.975142,0,-7.0243106[0m
2026-08-12 14:10:30,107 - unity.py - INFO - Got Host Player Object Position: 3.975142,0,-7.0243106
2026-08-12 14:10:30,117 - unity.py - INFO - [36mHandling UDP Data: 0003:3.95212,0,-7.01773[0m
2026-08-12 14:10:30,118 - unity.py - INFO - Got Host Player Object Position: 3.95212,0,-7.01773
2026-08-12 14:10:30,140 - unity.py - INFO - [36mHandling UDP Data: 0003:3.9309354,0,-7.0116754[0m
2026-08-12 14:10:30,140 - unity.py - INFO - Got Host Player Object Position: 3.9309354,0,-7.0116754
2026-08-12 14:10:30,150 - unity.py - INFO - [36mHandling UDP Data: 0003:3.9114559,0,-7.006108[0m
2026-08-12 14:10:30,150 - unity.py - INFO - Got Host Player Object Position: 3.9114559,0,-7.006108
2026-08-12 14:10:30,171 - unity.py - INFO - [36mHandling UDP Data: 0003:3.8937726,0,-7.001054[0m
2026-08-12 14:10:30,172 - unity.py - INFO - Got Host Player Object Position: 3.8937726,0,-7.001054
2026-08-12 14:10:30,182 - unity.py - INFO - [36mHandling UDP Data: 0003:3.877839,0,-6.9965[0m
2026-08-12 14:10:30,182 - unity.py - INFO - Got Host Player Object Position: 3.877839,0,-6.9965
2026-08-12 14:10:30,203 - unity.py - INFO - [36mHandling UDP Data: 0003:3.8636668,0,-6.9924493[0m
2026-08-12 14:10:30,203 - unity.py - INFO - Got Host Player Object Position: 3.8636668,0,-6.9924493
2026-08-12 14:10:30,225 - unity.py - INFO - [36mHandling UDP Data: 0003:3.8521988,0,-6.9891715[0m
2026-08-12 14:10:30,225 - unity.py - INFO - Got Host Player Object Position: 3.8521988,0,-6.9891715
2026-08-12 14:10:30,236 - unity.py - INFO - [36mHandling UDP Data: 0003:3.8417253,0,-6.986178[0m
2026-08-12 14:10:30,237 - unity.py - INFO - Got Host Player Object Position: 3.8417253,0,-6.986178
2026-08-12 14:10:30,267 - unity.py - INFO - [36mHandling UDP Data: 0003:3.8257694,0,-6.9816175[0m
2026-08-12 14:10:30,268 - unity.py - INFO - Got Host Player Object Position: 3.8257694,0,-6.9816175
2026-08-12 14:10:30,323 - unity.py - INFO - [36mHandling UDP Data: 0003:3.8151383,0,-6.978579[0m
2026-08-12 14:10:30,323 - unity.py - INFO - Got Host Player Object Position: 3.8151383,0,-6.978579
2026-08-12 14:10:42,908 - pyserver - DEBUG - [36mVerbose [DEBUG] logging enabled. Detailed messages will now be shown.[0m
2026-08-12 14:10:42,911 - pyserver - INFO - Server address: [36m0.0.0.0[0m
2026-08-12 14:10:42,911 - pyserver - INFO - Server port: [36m9000[0m
2026-08-12 14:10:42,912 - pyserver - INFO - Whitelist is [91mdisabled![0m
2026-08-12 14:10:42,913 - pyserver - WARNING - [33mYou are not using a whitelist.[0m
2026-08-12 14:10:42,913 - pyserver - INFO - [94mActing as Server![0m
2026-08-12 14:10:42,914 - pyserver - DEBUG - pyserver.py is initialized from this point.
2026-08-12 14:10:42,915 - pyserver - INFO - Server listening on [36m0.0.0.0:9000[0m
2026-08-12 14:10:42,915 - pyserver - INFO - [36m Waiting for UDP [0m
2026-08-12 14:11:19,458 - pyserver - INFO - Received from UDP: 0001
2026-08-12 14:11:19,458 - unity.py - INFO - [36mHandling UDP Data: 0001[0m
2026-08-12 14:11:19,516 - pyserver - INFO - [36m UDP is ready, signaling session type (server)[0m
2026-08-12 14:11:22,531 - pyserver - INFO - Received from UDP: 0003:4.501976,0,-7.1949816
2026-08-12 14:11:22,531 - unity.py - INFO - [36mHandling UDP Data: 0003:4.501976,0,-7.1949816[0m
2026-08-12 14:11:22,531 - unity.py - INFO - Got Host Player Object Position: 4.501976,0,-7.1949816
2026-08-12 14:11:36,137 - pyserver - INFO - Received from UDP: 0003:4.4915924,0,-7.1989245
2026-08-12 14:11:36,137 - unity.py - INFO - [36mHandling UDP Data: 0003:4.4915924,0,-7.1989245[0m
2026-08-12 14:11:36,138 - unity.py - INFO - Got Host Player Object Position: 4.4915924,0,-7.1989245
2026-08-12 14:11:36,169 - pyserver - INFO - Received from UDP: 0003:4.47566,0,-7.203673
2026-08-12 14:11:36,169 - unity.py - INFO - [36mHandling UDP Data: 0003:4.47566,0,-7.203673[0m
2026-08-12 14:11:36,170 - unity.py - INFO - Got Host Player Object Position: 4.47566,0,-7.203673
2026-08-12 14:11:36,180 - pyserver - INFO - Received from UDP: 0003:4.4650526,0,-7.206704
2026-08-12 14:11:36,180 - unity.py - INFO - [36mHandling UDP Data: 0003:4.4650526,0,-7.206704[0m
2026-08-12 14:11:36,180 - unity.py - INFO - Got Host Player Object Position: 4.4650526,0,-7.206704
2026-08-12 14:11:36,201 - pyserver - INFO - Received from UDP: 0003:4.452658,0,-7.2102466
2026-08-12 14:11:36,201 - unity.py - INFO - [36mHandling UDP Data: 0003:4.452658,0,-7.2102466[0m
2026-08-12 14:11:36,202 - unity.py - INFO - Got Host Player Object Position: 4.452658,0,-7.2102466
2026-08-12 14:11:36,222 - pyserver - INFO - Received from UDP: 0003:4.4384766,0,-7.214299
2026-08-12 14:11:36,222 - unity.py - INFO - [36mHandling UDP Data: 0003:4.4384766,0,-7.214299[0m
2026-08-12 14:11:36,223 - unity.py - INFO - Got Host Player Object Position: 4.4384766,0,-7.214299
2026-08-12 14:11:36,234 - pyserver - INFO - Received from UDP: 0003:4.422557,0,-7.218849
2026-08-12 14:11:36,234 - unity.py - INFO - [36mHandling UDP Data: 0003:4.422557,0,-7.218849[0m
2026-08-12 14:11:36,234 - unity.py - INFO - Got Host Player Object Position: 4.422557,0,-7.218849
2026-08-12 14:11:36,255 - pyserver - INFO - Received from UDP: 0003:4.404827,0,-7.223916
2026-08-12 14:11:36,255 - unity.py - INFO - [36mHandling UDP Data: 0003:4.404827,0,-7.223916[0m
2026-08-12 14:11:36,256 - unity.py - INFO - Got Host Player Object Position: 4.404827,0,-7.223916
2026-08-12 14:11:36,266 - pyserver - INFO - Received from UDP: 0003:4.3853927,0,-7.2294703
2026-08-12 14:11:36,267 - unity.py - INFO - [36mHandling UDP Data: 0003:4.3853927,0,-7.2294703[0m
2026-08-12 14:11:36,267 - unity.py - INFO - Got Host Player Object Position: 4.3853927,0,-7.2294703
2026-08-12 14:11:36,288 - pyserver - INFO - Received from UDP: 0003:4.364173,0,-7.2355347
2026-08-12 14:11:36,288 - unity.py - INFO - [36mHandling UDP Data: 0003:4.364173,0,-7.2355347[0m
2026-08-12 14:11:36,288 - unity.py - INFO - Got Host Player Object Position: 4.364173,0,-7.2355347
2026-08-12 14:11:36,299 - pyserver - INFO - Received from UDP: 0003:4.3412037,0,-7.242099
2026-08-12 14:11:36,300 - unity.py - INFO - [36mHandling UDP Data: 0003:4.3412037,0,-7.242099[0m
2026-08-12 14:11:36,300 - unity.py - INFO - Got Host Player Object Position: 4.3412037,0,-7.242099
2026-08-12 14:11:36,321 - pyserver - INFO - Received from UDP: 0003:4.3164034,0,-7.2491865
2026-08-12 14:11:36,321 - unity.py - INFO - [36mHandling UDP Data: 0003:4.3164034,0,-7.2491865[0m
2026-08-12 14:11:36,321 - unity.py - INFO - Got Host Player Object Position: 4.3164034,0,-7.2491865
2026-08-12 14:11:36,332 - pyserver - INFO - Received from UDP: 0003:4.289902,0,-7.25676
2026-08-12 14:11:36,332 - unity.py - INFO - [36mHandling UDP Data: 0003:4.289902,0,-7.25676[0m
2026-08-12 14:11:36,332 - unity.py - INFO - Got Host Player Object Position: 4.289902,0,-7.25676
2026-08-12 14:11:36,352 - pyserver - INFO - Received from UDP: 0003:4.261579,0,-7.264855
2026-08-12 14:11:36,353 - unity.py - INFO - [36mHandling UDP Data: 0003:4.261579,0,-7.264855[0m
2026-08-12 14:11:36,353 - unity.py - INFO - Got Host Player Object Position: 4.261579,0,-7.264855
2026-08-12 14:11:36,363 - pyserver - INFO - Received from UDP: 0003:4.2315364,0,-7.2734404
2026-08-12 14:11:36,363 - unity.py - INFO - [36mHandling UDP Data: 0003:4.2315364,0,-7.2734404[0m
2026-08-12 14:11:36,364 - unity.py - INFO - Got Host Player Object Position: 4.2315364,0,-7.2734404
2026-08-12 14:11:36,385 - pyserver - INFO - Received from UDP: 0003:4.1997175,0,-7.282534
2026-08-12 14:11:36,385 - unity.py - INFO - [36mHandling UDP Data: 0003:4.1997175,0,-7.282534[0m
2026-08-12 14:11:36,385 - unity.py - INFO - Got Host Player Object Position: 4.1997175,0,-7.282534
2026-08-12 14:11:36,406 - pyserver - INFO - Received from UDP: 0003:4.16614,0,-7.29213
2026-08-12 14:11:36,406 - unity.py - INFO - [36mHandling UDP Data: 0003:4.16614,0,-7.29213[0m
2026-08-12 14:11:36,406 - unity.py - INFO - Got Host Player Object Position: 4.16614,0,-7.29213
2026-08-12 14:11:36,417 - pyserver - INFO - Received from UDP: 0003:4.1308155,0,-7.302225
2026-08-12 14:11:36,417 - unity.py - INFO - [36mHandling UDP Data: 0003:4.1308155,0,-7.302225[0m
2026-08-12 14:11:36,418 - unity.py - INFO - Got Host Player Object Position: 4.1308155,0,-7.302225
2026-08-12 14:11:36,438 - pyserver - INFO - Received from UDP: 0003:4.0955606,0,-7.3123007
2026-08-12 14:11:36,438 - unity.py - INFO - [36mHandling UDP Data: 0003:4.0955606,0,-7.3123007[0m
2026-08-12 14:11:36,439 - unity.py - INFO - Got Host Player Object Position: 4.0955606,0,-7.3123007
2026-08-12 14:11:36,449 - pyserver - INFO - Received from UDP: 0003:4.060237,0,-7.322396
2026-08-12 14:11:36,449 - unity.py - INFO - [36mHandling UDP Data: 0003:4.060237,0,-7.322396[0m
2026-08-12 14:11:36,450 - unity.py - INFO - Got Host Player Object Position: 4.060237,0,-7.322396
2026-08-12 14:11:36,470 - pyserver - INFO - Received from UDP: 0003:4.0267677,0,-7.331961
2026-08-12 14:11:36,471 - unity.py - INFO - [36mHandling UDP Data: 0003:4.0267677,0,-7.331961[0m
2026-08-12 14:11:36,471 - unity.py - INFO - Got Host Player Object Position: 4.0267677,0,-7.331961
2026-08-12 14:11:36,481 - pyserver - INFO - Received from UDP: 0003:3.9949472,0,-7.341055
2026-08-12 14:11:36,481 - unity.py - INFO - [36mHandling UDP Data: 0003:3.9949472,0,-7.341055[0m
2026-08-12 14:11:36,481 - unity.py - INFO - Got Host Player Object Position: 3.9949472,0,-7.341055
2026-08-12 14:11:36,502 - pyserver - INFO - Received from UDP: 0003:3.965008,0,-7.3496113
2026-08-12 14:11:36,502 - unity.py - INFO - [36mHandling UDP Data: 0003:3.965008,0,-7.3496113[0m
2026-08-12 14:11:36,502 - unity.py - INFO - Got Host Player Object Position: 3.965008,0,-7.3496113
2026-08-12 14:11:36,523 - pyserver - INFO - Received from UDP: 0003:3.936775,0,-7.35768
2026-08-12 14:11:36,523 - unity.py - INFO - [36mHandling UDP Data: 0003:3.936775,0,-7.35768[0m
2026-08-12 14:11:36,523 - unity.py - INFO - Got Host Player Object Position: 3.936775,0,-7.35768
2026-08-12 14:11:36,534 - pyserver - INFO - Received from UDP: 0003:3.9103482,0,-7.3652325
2026-08-12 14:11:36,534 - unity.py - INFO - [36mHandling UDP Data: 0003:3.9103482,0,-7.3652325[0m
2026-08-12 14:11:36,534 - unity.py - INFO - Got Host Player Object Position: 3.9103482,0,-7.3652325
2026-08-12 14:11:36,555 - pyserver - INFO - Received from UDP: 0003:3.8856692,0,-7.3722854
2026-08-12 14:11:36,555 - unity.py - INFO - [36mHandling UDP Data: 0003:3.8856692,0,-7.3722854[0m
2026-08-12 14:11:36,555 - unity.py - INFO - Got Host Player Object Position: 3.8856692,0,-7.3722854
2026-08-12 14:11:36,567 - pyserver - INFO - Received from UDP: 0003:3.86277,0,-7.3788295
2026-08-12 14:11:36,567 - unity.py - INFO - [36mHandling UDP Data: 0003:3.86277,0,-7.3788295[0m
2026-08-12 14:11:36,568 - unity.py - INFO - Got Host Player Object Position: 3.86277,0,-7.3788295
2026-08-12 14:11:36,599 - pyserver - INFO - Received from UDP: 0003:3.8426669,0,-7.384575
2026-08-12 14:11:36,599 - unity.py - INFO - [36mHandling UDP Data: 0003:3.8426669,0,-7.384575[0m
2026-08-12 14:11:36,599 - unity.py - INFO - Got Host Player Object Position: 3.8426669,0,-7.384575
2026-08-12 14:11:36,610 - pyserver - INFO - Received from UDP: 0003:3.8237138,0,-7.3899913
2026-08-12 14:11:36,611 - unity.py - INFO - [36mHandling UDP Data: 0003:3.8237138,0,-7.3899913[0m
2026-08-12 14:11:36,611 - unity.py - INFO - Got Host Player Object Position: 3.8237138,0,-7.3899913
2026-08-12 14:11:36,622 - pyserver - INFO - Received from UDP: 0003:3.8060732,0,-7.395033
2026-08-12 14:11:36,624 - unity.py - INFO - [36mHandling UDP Data: 0003:3.8060732,0,-7.395033[0m
2026-08-12 14:11:36,624 - unity.py - INFO - Got Host Player Object Position: 3.8060732,0,-7.395033
2026-08-12 14:11:36,634 - pyserver - INFO - Received from UDP: 0003:3.7902567,0,-7.399553
2026-08-12 14:11:36,634 - unity.py - INFO - [36mHandling UDP Data: 0003:3.7902567,0,-7.399553[0m
2026-08-12 14:11:36,635 - unity.py - INFO - Got Host Player Object Position: 3.7902567,0,-7.399553
2026-08-12 14:11:36,655 - pyserver - INFO - Received from UDP: 0003:3.7761657,0,-7.40358
2026-08-12 14:11:36,655 - unity.py - INFO - [36mHandling UDP Data: 0003:3.7761657,0,-7.40358[0m
2026-08-12 14:11:36,656 - unity.py - INFO - Got Host Player Object Position: 3.7761657,0,-7.40358
2026-08-12 14:11:36,667 - pyserver - INFO - Received from UDP: 0003:3.7638607,0,-7.407097
2026-08-12 14:11:36,667 - unity.py - INFO - [36mHandling UDP Data: 0003:3.7638607,0,-7.407097[0m
2026-08-12 14:11:36,667 - unity.py - INFO - Got Host Player Object Position: 3.7638607,0,-7.407097
2026-08-12 14:11:36,688 - pyserver - INFO - Received from UDP: 0003:3.7532573,0,-7.410127
2026-08-12 14:11:36,688 - unity.py - INFO - [36mHandling UDP Data: 0003:3.7532573,0,-7.410127[0m
2026-08-12 14:11:36,688 - unity.py - INFO - Got Host Player Object Position: 3.7532573,0,-7.410127
2026-08-12 14:11:36,719 - pyserver - INFO - Received from UDP: 0003:3.7374637,0,-7.4146404
2026-08-12 14:11:36,720 - unity.py - INFO - [36mHandling UDP Data: 0003:3.7374637,0,-7.4146404[0m
2026-08-12 14:11:36,720 - unity.py - INFO - Got Host Player Object Position: 3.7374637,0,-7.4146404
2026-08-12 14:13:11,776 - pyserver - INFO - Received from UDP: 0003:3.7272005,0,-7.41766
2026-08-12 14:13:11,776 - unity.py - INFO - [36mHandling UDP Data: 0003:3.7272005,0,-7.41766[0m
2026-08-12 14:13:11,776 - unity.py - INFO - Got Host Player Object Position: 3.7272005,0,-7.41766
2026-08-12 14:13:11,828 - pyserver - INFO - Received from UDP: 0003:3.711314,0,-7.4216747
2026-08-12 14:13:11,829 - unity.py - INFO - [36mHandling UDP Data: 0003:3.711314,0,-7.4216747[0m
2026-08-12 14:13:11,829 - unity.py - INFO - Got Host Player Object Position: 3.711314,0,-7.4216747
2026-08-12 14:13:11,861 - pyserver - INFO - Received from UDP: 0003:3.6914873,0,-7.4251575
2026-08-12 14:13:11,861 - unity.py - INFO - [36mHandling UDP Data: 0003:3.6914873,0,-7.4251575[0m
2026-08-12 14:13:11,862 - unity.py - INFO - Got Host Player Object Position: 3.6914873,0,-7.4251575
2026-08-12 14:13:11,873 - pyserver - INFO - Received from UDP: 0003:3.6788716,0,-7.4269753
2026-08-12 14:13:11,873 - unity.py - INFO - [36mHandling UDP Data: 0003:3.6788716,0,-7.4269753[0m
2026-08-12 14:13:11,873 - unity.py - INFO - Got Host Player Object Position: 3.6788716,0,-7.4269753
2026-08-12 14:13:11,894 - pyserver - INFO - Received from UDP: 0003:3.6643271,0,-7.4288254
2026-08-12 14:13:11,894 - unity.py - INFO - [36mHandling UDP Data: 0003:3.6643271,0,-7.4288254[0m
2026-08-12 14:13:11,895 - unity.py - INFO - Got Host Player Object Position: 3.6643271,0,-7.4288254
2026-08-12 14:13:11,915 - pyserver - INFO - Received from UDP: 0003:3.6479542,0,-7.4307194
2026-08-12 14:13:11,916 - unity.py - INFO - [36mHandling UDP Data: 0003:3.6479542,0,-7.4307194[0m
2026-08-12 14:13:11,916 - unity.py - INFO - Got Host Player Object Position: 3.6479542,0,-7.4307194
2026-08-12 14:13:11,927 - pyserver - INFO - Received from UDP: 0003:3.6297407,0,-7.43273
2026-08-12 14:13:11,927 - unity.py - INFO - [36mHandling UDP Data: 0003:3.6297407,0,-7.43273[0m
2026-08-12 14:13:11,928 - unity.py - INFO - Got Host Player Object Position: 3.6297407,0,-7.43273
2026-08-12 14:13:11,948 - pyserver - INFO - Received from UDP: 0003:3.6097202,0,-7.4349403
2026-08-12 14:13:11,948 - unity.py - INFO - [36mHandling UDP Data: 0003:3.6097202,0,-7.4349403[0m
2026-08-12 14:13:11,949 - unity.py - INFO - Got Host Player Object Position: 3.6097202,0,-7.4349403
2026-08-12 14:13:11,959 - pyserver - INFO - Received from UDP: 0003:3.587848,0,-7.4373546
2026-08-12 14:13:11,959 - unity.py - INFO - [36mHandling UDP Data: 0003:3.587848,0,-7.4373546[0m
2026-08-12 14:13:11,959 - unity.py - INFO - Got Host Player Object Position: 3.587848,0,-7.4373546
2026-08-12 14:13:11,981 - pyserver - INFO - Received from UDP: 0003:3.5640113,0,-7.4381566
2026-08-12 14:13:11,981 - unity.py - INFO - [36mHandling UDP Data: 0003:3.5640113,0,-7.4381566[0m
2026-08-12 14:13:11,981 - unity.py - INFO - Got Host Player Object Position: 3.5640113,0,-7.4381566
2026-08-12 14:13:11,992 - pyserver - INFO - Received from UDP: 0003:3.5380735,0,-7.437314
2026-08-12 14:13:11,992 - unity.py - INFO - [36mHandling UDP Data: 0003:3.5380735,0,-7.437314[0m
2026-08-12 14:13:11,992 - unity.py - INFO - Got Host Player Object Position: 3.5380735,0,-7.437314
2026-08-12 14:13:12,013 - pyserver - INFO - Received from UDP: 0003:3.510168,0,-7.434856
2026-08-12 14:13:12,013 - unity.py - INFO - [36mHandling UDP Data: 0003:3.510168,0,-7.434856[0m
2026-08-12 14:13:12,013 - unity.py - INFO - Got Host Player Object Position: 3.510168,0,-7.434856
2026-08-12 14:13:12,024 - pyserver - INFO - Received from UDP: 0003:3.4801779,0,-7.4307666
2026-08-12 14:13:12,024 - unity.py - INFO - [36mHandling UDP Data: 0003:3.4801779,0,-7.4307666[0m
2026-08-12 14:13:12,024 - unity.py - INFO - Got Host Player Object Position: 3.4801779,0,-7.4307666
2026-08-12 14:13:12,045 - pyserver - INFO - Received from UDP: 0003:3.4482317,0,-7.4250712
2026-08-12 14:13:12,045 - unity.py - INFO - [36mHandling UDP Data: 0003:3.4482317,0,-7.4250712[0m
2026-08-12 14:13:12,045 - unity.py - INFO - Got Host Player Object Position: 3.4482317,0,-7.4250712
2026-08-12 14:13:12,066 - pyserver - INFO - Received from UDP: 0003:3.4141726,0,-7.417722
2026-08-12 14:13:12,066 - unity.py - INFO - [36mHandling UDP Data: 0003:3.4141726,0,-7.417722[0m
2026-08-12 14:13:12,066 - unity.py - INFO - Got Host Player Object Position: 3.4141726,0,-7.417722
2026-08-12 14:13:12,077 - pyserver - INFO - Received from UDP: 0003:3.378583,0,-7.4089017
2026-08-12 14:13:12,077 - unity.py - INFO - [36mHandling UDP Data: 0003:3.378583,0,-7.4089017[0m
2026-08-12 14:13:12,078 - unity.py - INFO - Got Host Player Object Position: 3.378583,0,-7.4089017
2026-08-12 14:13:12,099 - pyserver - INFO - Received from UDP: 0003:3.3431878,0,-7.3990626
2026-08-12 14:13:12,099 - unity.py - INFO - [36mHandling UDP Data: 0003:3.3431878,0,-7.3990626[0m
2026-08-12 14:13:12,099 - unity.py - INFO - Got Host Player Object Position: 3.3431878,0,-7.3990626
2026-08-12 14:13:12,109 - pyserver - INFO - Received from UDP: 0003:3.3083186,0,-7.3877225
2026-08-12 14:13:12,110 - unity.py - INFO - [36mHandling UDP Data: 0003:3.3083186,0,-7.3877225[0m
2026-08-12 14:13:12,110 - unity.py - INFO - Got Host Player Object Position: 3.3083186,0,-7.3877225
2026-08-12 14:13:12,130 - pyserver - INFO - Received from UDP: 0003:3.273904,0,-7.374864
2026-08-12 14:13:12,131 - unity.py - INFO - [36mHandling UDP Data: 0003:3.273904,0,-7.374864[0m
2026-08-12 14:13:12,131 - unity.py - INFO - Got Host Player Object Position: 3.273904,0,-7.374864
2026-08-12 14:13:12,141 - pyserver - INFO - Received from UDP: 0003:3.2401452,0,-7.3605537
2026-08-12 14:13:12,142 - unity.py - INFO - [36mHandling UDP Data: 0003:3.2401452,0,-7.3605537[0m
2026-08-12 14:13:12,142 - unity.py - INFO - Got Host Player Object Position: 3.2401452,0,-7.3605537
2026-08-12 14:13:12,162 - pyserver - INFO - Received from UDP: 0003:3.2070165,0,-7.344674
2026-08-12 14:13:12,163 - unity.py - INFO - [36mHandling UDP Data: 0003:3.2070165,0,-7.344674[0m
2026-08-12 14:13:12,163 - unity.py - INFO - Got Host Player Object Position: 3.2070165,0,-7.344674
2026-08-12 14:13:12,183 - pyserver - INFO - Received from UDP: 0003:3.1746714,0,-7.327404
2026-08-12 14:13:12,184 - unity.py - INFO - [36mHandling UDP Data: 0003:3.1746714,0,-7.327404[0m
2026-08-12 14:13:12,184 - unity.py - INFO - Got Host Player Object Position: 3.1746714,0,-7.327404
2026-08-12 14:13:12,194 - pyserver - INFO - Received from UDP: 0003:3.142925,0,-7.308913
2026-08-12 14:13:12,195 - unity.py - INFO - [36mHandling UDP Data: 0003:3.142925,0,-7.308913[0m
2026-08-12 14:13:12,195 - unity.py - INFO - Got Host Player Object Position: 3.142925,0,-7.308913
2026-08-12 14:13:12,216 - pyserver - INFO - Received from UDP: 0003:3.111864,0,-7.289428
2026-08-12 14:13:12,216 - unity.py - INFO - [36mHandling UDP Data: 0003:3.111864,0,-7.289428[0m
2026-08-12 14:13:12,216 - unity.py - INFO - Got Host Player Object Position: 3.111864,0,-7.289428
2026-08-12 14:13:12,227 - pyserver - INFO - Received from UDP: 0003:3.081364,0,-7.268949
2026-08-12 14:13:12,228 - unity.py - INFO - [36mHandling UDP Data: 0003:3.081364,0,-7.268949[0m
2026-08-12 14:13:12,228 - unity.py - INFO - Got Host Player Object Position: 3.081364,0,-7.268949
2026-08-12 14:13:12,249 - pyserver - INFO - Received from UDP: 0003:3.0515487,0,-7.2476068
2026-08-12 14:13:12,249 - unity.py - INFO - [36mHandling UDP Data: 0003:3.0515487,0,-7.2476068[0m
2026-08-12 14:13:12,249 - unity.py - INFO - Got Host Player Object Position: 3.0515487,0,-7.2476068
2026-08-12 14:13:12,260 - pyserver - INFO - Received from UDP: 0003:3.022301,0,-7.225374
2026-08-12 14:13:12,261 - unity.py - INFO - [36mHandling UDP Data: 0003:3.022301,0,-7.225374[0m
2026-08-12 14:13:12,262 - unity.py - INFO - Got Host Player Object Position: 3.022301,0,-7.225374
2026-08-12 14:13:12,282 - pyserver - INFO - Received from UDP: 0003:2.9937162,0,-7.20241
2026-08-12 14:13:12,282 - unity.py - INFO - [36mHandling UDP Data: 0003:2.9937162,0,-7.20241[0m
2026-08-12 14:13:12,283 - unity.py - INFO - Got Host Player Object Position: 2.9937162,0,-7.20241
2026-08-12 14:13:12,293 - pyserver - INFO - Received from UDP: 0003:2.9656763,0,-7.1786723
2026-08-12 14:13:12,294 - unity.py - INFO - [36mHandling UDP Data: 0003:2.9656763,0,-7.1786723[0m
2026-08-12 14:13:12,295 - unity.py - INFO - Got Host Player Object Position: 2.9656763,0,-7.1786723
2026-08-12 14:13:12,316 - pyserver - INFO - Received from UDP: 0003:2.9376915,0,-7.1549807
2026-08-12 14:13:12,316 - unity.py - INFO - [36mHandling UDP Data: 0003:2.9376915,0,-7.1549807[0m
2026-08-12 14:13:12,316 - unity.py - INFO - Got Host Player Object Position: 2.9376915,0,-7.1549807
2026-08-12 14:13:12,327 - pyserver - INFO - Received from UDP: 0003:2.9096515,0,-7.1312428
2026-08-12 14:13:12,327 - unity.py - INFO - [36mHandling UDP Data: 0003:2.9096515,0,-7.1312428[0m
2026-08-12 14:13:12,328 - unity.py - INFO - Got Host Player Object Position: 2.9096515,0,-7.1312428
2026-08-12 14:13:12,349 - pyserver - INFO - Received from UDP: 0003:2.8816667,0,-7.107551
2026-08-12 14:13:12,349 - unity.py - INFO - [36mHandling UDP Data: 0003:2.8816667,0,-7.107551[0m
2026-08-12 14:13:12,349 - unity.py - INFO - Got Host Player Object Position: 2.8816667,0,-7.107551
2026-08-12 14:13:12,360 - pyserver - INFO - Received from UDP: 0003:2.8536272,0,-7.083813
2026-08-12 14:13:12,360 - unity.py - INFO - [36mHandling UDP Data: 0003:2.8536272,0,-7.083813[0m
2026-08-12 14:13:12,360 - unity.py - INFO - Got Host Player Object Position: 2.8536272,0,-7.083813
2026-08-12 14:13:12,382 - pyserver - INFO - Received from UDP: 0003:2.8256423,0,-7.0601215
2026-08-12 14:13:12,382 - unity.py - INFO - [36mHandling UDP Data: 0003:2.8256423,0,-7.0601215[0m
2026-08-12 14:13:12,382 - unity.py - INFO - Got Host Player Object Position: 2.8256423,0,-7.0601215
2026-08-12 14:13:12,392 - pyserver - INFO - Received from UDP: 0003:2.7976024,0,-7.0363836
2026-08-12 14:13:12,393 - unity.py - INFO - [36mHandling UDP Data: 0003:2.7976024,0,-7.0363836[0m
2026-08-12 14:13:12,393 - unity.py - INFO - Got Host Player Object Position: 2.7976024,0,-7.0363836
2026-08-12 14:13:12,414 - pyserver - INFO - Received from UDP: 0003:2.7696173,0,-7.012692
2026-08-12 14:13:12,414 - unity.py - INFO - [36mHandling UDP Data: 0003:2.7696173,0,-7.012692[0m
2026-08-12 14:13:12,415 - unity.py - INFO - Got Host Player Object Position: 2.7696173,0,-7.012692
2026-08-12 14:13:12,425 - pyserver - INFO - Received from UDP: 0003:2.7415767,0,-6.988953
2026-08-12 14:13:12,425 - unity.py - INFO - [36mHandling UDP Data: 0003:2.7415767,0,-6.988953[0m
2026-08-12 14:13:12,425 - unity.py - INFO - Got Host Player Object Position: 2.7415767,0,-6.988953
2026-08-12 14:13:12,446 - pyserver - INFO - Received from UDP: 0003:2.7135918,0,-6.9652615
2026-08-12 14:13:12,446 - unity.py - INFO - [36mHandling UDP Data: 0003:2.7135918,0,-6.9652615[0m
2026-08-12 14:13:12,446 - unity.py - INFO - Got Host Player Object Position: 2.7135918,0,-6.9652615
2026-08-12 14:13:12,457 - pyserver - INFO - Received from UDP: 0003:2.685553,0,-6.9415245
2026-08-12 14:13:12,457 - unity.py - INFO - [36mHandling UDP Data: 0003:2.685553,0,-6.9415245[0m
2026-08-12 14:13:12,458 - unity.py - INFO - Got Host Player Object Position: 2.685553,0,-6.9415245
2026-08-12 14:13:12,478 - pyserver - INFO - Received from UDP: 0003:2.6581762,0,-6.917133
2026-08-12 14:13:12,478 - unity.py - INFO - [36mHandling UDP Data: 0003:2.6581762,0,-6.917133[0m
2026-08-12 14:13:12,478 - unity.py - INFO - Got Host Player Object Position: 2.6581762,0,-6.917133
2026-08-12 14:13:12,499 - pyserver - INFO - Received from UDP: 0003:2.6314223,0,-6.8919544
2026-08-12 14:13:12,499 - unity.py - INFO - [36mHandling UDP Data: 0003:2.6314223,0,-6.8919544[0m
2026-08-12 14:13:12,499 - unity.py - INFO - Got Host Player Object Position: 2.6314223,0,-6.8919544
2026-08-12 14:13:12,510 - pyserver - INFO - Received from UDP: 0003:2.6054473,0,-6.866075
2026-08-12 14:13:12,510 - unity.py - INFO - [36mHandling UDP Data: 0003:2.6054473,0,-6.866075[0m
2026-08-12 14:13:12,510 - unity.py - INFO - Got Host Player Object Position: 2.6054473,0,-6.866075
2026-08-12 14:13:12,532 - pyserver - INFO - Received from UDP: 0003:2.5795424,0,-6.8400245
2026-08-12 14:13:12,532 - unity.py - INFO - [36mHandling UDP Data: 0003:2.5795424,0,-6.8400245[0m
2026-08-12 14:13:12,532 - unity.py - INFO - Got Host Player Object Position: 2.5795424,0,-6.8400245
2026-08-12 14:13:12,542 - pyserver - INFO - Received from UDP: 0003:2.5538216,0,-6.8138924
2026-08-12 14:13:12,543 - unity.py - INFO - [36mHandling UDP Data: 0003:2.5538216,0,-6.8138924[0m
2026-08-12 14:13:12,543 - unity.py - INFO - Got Host Player Object Position: 2.5538216,0,-6.8138924
2026-08-12 14:13:12,564 - pyserver - INFO - Received from UDP: 0003:2.5282025,0,-6.7875595
2026-08-12 14:13:12,564 - unity.py - INFO - [36mHandling UDP Data: 0003:2.5282025,0,-6.7875595[0m
2026-08-12 14:13:12,564 - unity.py - INFO - Got Host Player Object Position: 2.5282025,0,-6.7875595
2026-08-12 14:13:12,574 - pyserver - INFO - Received from UDP: 0003:2.5028048,0,-6.761113
2026-08-12 14:13:12,575 - unity.py - INFO - [36mHandling UDP Data: 0003:2.5028048,0,-6.761113[0m
2026-08-12 14:13:12,575 - unity.py - INFO - Got Host Player Object Position: 2.5028048,0,-6.761113
2026-08-12 14:13:12,596 - pyserver - INFO - Received from UDP: 0003:2.4785614,0,-6.735475
2026-08-12 14:13:12,596 - unity.py - INFO - [36mHandling UDP Data: 0003:2.4785614,0,-6.735475[0m
2026-08-12 14:13:12,596 - unity.py - INFO - Got Host Player Object Position: 2.4785614,0,-6.735475
2026-08-12 14:13:12,607 - pyserver - INFO - Received from UDP: 0003:2.4563363,0,-6.7115555
2026-08-12 14:13:12,607 - unity.py - INFO - [36mHandling UDP Data: 0003:2.4563363,0,-6.7115555[0m
2026-08-12 14:13:12,607 - unity.py - INFO - Got Host Player Object Position: 2.4563363,0,-6.7115555
2026-08-12 14:13:12,628 - pyserver - INFO - Received from UDP: 0003:2.436155,0,-6.6893563
2026-08-12 14:13:12,629 - unity.py - INFO - [36mHandling UDP Data: 0003:2.436155,0,-6.6893563[0m
2026-08-12 14:13:12,629 - unity.py - INFO - Got Host Player Object Position: 2.436155,0,-6.6893563
2026-08-12 14:13:12,650 - pyserver - INFO - Received from UDP: 0003:2.4179156,0,-6.668811
2026-08-12 14:13:12,650 - unity.py - INFO - [36mHandling UDP Data: 0003:2.4179156,0,-6.668811[0m
2026-08-12 14:13:12,650 - unity.py - INFO - Got Host Player Object Position: 2.4179156,0,-6.668811
2026-08-12 14:13:12,661 - pyserver - INFO - Received from UDP: 0003:2.4016092,0,-6.649892
2026-08-12 14:13:12,661 - unity.py - INFO - [36mHandling UDP Data: 0003:2.4016092,0,-6.649892[0m
2026-08-12 14:13:12,661 - unity.py - INFO - Got Host Player Object Position: 2.4016092,0,-6.649892
2026-08-12 14:13:12,682 - pyserver - INFO - Received from UDP: 0003:2.3872693,0,-6.6326423
2026-08-12 14:13:12,683 - unity.py - INFO - [36mHandling UDP Data: 0003:2.3872693,0,-6.6326423[0m
2026-08-12 14:13:12,683 - unity.py - INFO - Got Host Player Object Position: 2.3872693,0,-6.6326423
2026-08-12 14:13:12,693 - pyserver - INFO - Received from UDP: 0003:2.3749542,0,-6.6171074
2026-08-12 14:13:12,694 - unity.py - INFO - [36mHandling UDP Data: 0003:2.3749542,0,-6.6171074[0m
2026-08-12 14:13:12,694 - unity.py - INFO - Got Host Player Object Position: 2.3749542,0,-6.6171074
2026-08-12 14:13:12,715 - pyserver - INFO - Received from UDP: 0003:2.364634,0,-6.6032662
2026-08-12 14:13:12,715 - unity.py - INFO - [36mHandling UDP Data: 0003:2.364634,0,-6.6032662[0m
2026-08-12 14:13:12,715 - unity.py - INFO - Got Host Player Object Position: 2.364634,0,-6.6032662
2026-08-12 14:13:12,726 - pyserver - INFO - Received from UDP: 0003:2.356289,0,-6.5910873
2026-08-12 14:13:12,726 - unity.py - INFO - [36mHandling UDP Data: 0003:2.356289,0,-6.5910873[0m
2026-08-12 14:13:12,726 - unity.py - INFO - Got Host Player Object Position: 2.356289,0,-6.5910873
2026-08-12 14:13:12,747 - pyserver - INFO - Received from UDP: 0003:2.3499305,0,-6.5806003
2026-08-12 14:13:12,747 - unity.py - INFO - [36mHandling UDP Data: 0003:2.3499305,0,-6.5806003[0m
2026-08-12 14:13:12,748 - unity.py - INFO - Got Host Player Object Position: 2.3499305,0,-6.5806003
2026-08-12 14:13:12,778 - pyserver - INFO - Received from UDP: 0003:2.3431532,0,-6.5646443
2026-08-12 14:13:12,779 - unity.py - INFO - [36mHandling UDP Data: 0003:2.3431532,0,-6.5646443[0m
2026-08-12 14:13:12,779 - unity.py - INFO - Got Host Player Object Position: 2.3431532,0,-6.5646443
2026-08-12 14:13:16,333 - pyserver - INFO - Received from UDP: 0003:2.342244,0,-6.5537
2026-08-12 14:13:16,333 - unity.py - INFO - [36mHandling UDP Data: 0003:2.342244,0,-6.5537[0m
2026-08-12 14:13:16,334 - unity.py - INFO - Got Host Player Object Position: 2.342244,0,-6.5537
2026-08-12 14:13:16,365 - pyserver - INFO - Received from UDP: 0003:2.3359873,0,-6.5449915
2026-08-12 14:13:16,365 - unity.py - INFO - [36mHandling UDP Data: 0003:2.3359873,0,-6.5449915[0m
2026-08-12 14:13:16,365 - unity.py - INFO - Got Host Player Object Position: 2.3359873,0,-6.5449915
2026-08-12 14:13:16,397 - pyserver - INFO - Received from UDP: 0003:2.3218994,0,-6.5296535
2026-08-12 14:13:16,397 - unity.py - INFO - [36mHandling UDP Data: 0003:2.3218994,0,-6.5296535[0m
2026-08-12 14:13:16,398 - unity.py - INFO - Got Host Player Object Position: 2.3218994,0,-6.5296535
2026-08-12 14:13:16,419 - pyserver - INFO - Received from UDP: 0003:2.3118525,0,-6.51944
2026-08-12 14:13:16,419 - unity.py - INFO - [36mHandling UDP Data: 0003:2.3118525,0,-6.51944[0m
2026-08-12 14:13:16,420 - unity.py - INFO - Got Host Player Object Position: 2.3118525,0,-6.51944
2026-08-12 14:13:16,430 - pyserver - INFO - Received from UDP: 0003:2.2998273,0,-6.507556
2026-08-12 14:13:16,430 - unity.py - INFO - [36mHandling UDP Data: 0003:2.2998273,0,-6.507556[0m
2026-08-12 14:13:16,431 - unity.py - INFO - Got Host Player Object Position: 2.2998273,0,-6.507556
2026-08-12 14:13:16,452 - pyserver - INFO - Received from UDP: 0003:2.2858088,0,-6.4939804
2026-08-12 14:13:16,452 - unity.py - INFO - [36mHandling UDP Data: 0003:2.2858088,0,-6.4939804[0m
2026-08-12 14:13:16,452 - unity.py - INFO - Got Host Player Object Position: 2.2858088,0,-6.4939804
2026-08-12 14:13:16,463 - pyserver - INFO - Received from UDP: 0003:2.2698395,0,-6.4787574
2026-08-12 14:13:16,463 - unity.py - INFO - [36mHandling UDP Data: 0003:2.2698395,0,-6.4787574[0m
2026-08-12 14:13:16,463 - unity.py - INFO - Got Host Player Object Position: 2.2698395,0,-6.4787574
2026-08-12 14:13:16,484 - pyserver - INFO - Received from UDP: 0003:2.2518451,0,-6.4618163
2026-08-12 14:13:16,484 - unity.py - INFO - [36mHandling UDP Data: 0003:2.2518451,0,-6.4618163[0m
2026-08-12 14:13:16,484 - unity.py - INFO - Got Host Player Object Position: 2.2518451,0,-6.4618163
2026-08-12 14:13:16,495 - pyserver - INFO - Received from UDP: 0003:2.231953,0,-6.4432716
2026-08-12 14:13:16,495 - unity.py - INFO - [36mHandling UDP Data: 0003:2.231953,0,-6.4432716[0m
2026-08-12 14:13:16,495 - unity.py - INFO - Got Host Player Object Position: 2.231953,0,-6.4432716
2026-08-12 14:13:16,537 - pyserver - INFO - Received from UDP: 0003:2.1839774,0,-6.399243
2026-08-12 14:13:16,537 - unity.py - INFO - [36mHandling UDP Data: 0003:2.1839774,0,-6.399243[0m
2026-08-12 14:13:16,537 - unity.py - INFO - Got Host Player Object Position: 2.1839774,0,-6.399243
2026-08-12 14:13:16,548 - pyserver - INFO - Received from UDP: 0003:2.1581097,0,-6.3756394
2026-08-12 14:13:16,548 - unity.py - INFO - [36mHandling UDP Data: 0003:2.1581097,0,-6.3756394[0m
2026-08-12 14:13:16,548 - unity.py - INFO - Got Host Player Object Position: 2.1581097,0,-6.3756394
2026-08-12 14:13:16,569 - pyserver - INFO - Received from UDP: 0003:2.130907,0,-6.3509474
2026-08-12 14:13:16,569 - unity.py - INFO - [36mHandling UDP Data: 0003:2.130907,0,-6.3509474[0m
2026-08-12 14:13:16,569 - unity.py - INFO - Got Host Player Object Position: 2.130907,0,-6.3509474
2026-08-12 14:13:16,580 - pyserver - INFO - Received from UDP: 0003:2.1037028,0,-6.326364
2026-08-12 14:13:16,580 - unity.py - INFO - [36mHandling UDP Data: 0003:2.1037028,0,-6.326364[0m
2026-08-12 14:13:16,580 - unity.py - INFO - Got Host Player Object Position: 2.1037028,0,-6.326364
2026-08-12 14:13:16,601 - pyserver - INFO - Received from UDP: 0003:2.0763972,0,-6.3017845
2026-08-12 14:13:16,601 - unity.py - INFO - [36mHandling UDP Data: 0003:2.0763972,0,-6.3017845[0m
2026-08-12 14:13:16,601 - unity.py - INFO - Got Host Player Object Position: 2.0763972,0,-6.3017845
2026-08-12 14:13:16,612 - pyserver - INFO - Received from UDP: 0003:2.0491023,0,-6.2773013
2026-08-12 14:13:16,612 - unity.py - INFO - [36mHandling UDP Data: 0003:2.0491023,0,-6.2773013[0m
2026-08-12 14:13:16,612 - unity.py - INFO - Got Host Player Object Position: 2.0491023,0,-6.2773013
2026-08-12 14:13:16,633 - pyserver - INFO - Received from UDP: 0003:2.021716,0,-6.2528124
2026-08-12 14:13:16,633 - unity.py - INFO - [36mHandling UDP Data: 0003:2.021716,0,-6.2528124[0m
2026-08-12 14:13:16,633 - unity.py - INFO - Got Host Player Object Position: 2.021716,0,-6.2528124
2026-08-12 14:13:16,654 - pyserver - INFO - Received from UDP: 0003:1.9943421,0,-6.2284174
2026-08-12 14:13:16,654 - unity.py - INFO - [36mHandling UDP Data: 0003:1.9943421,0,-6.2284174[0m
2026-08-12 14:13:16,654 - unity.py - INFO - Got Host Player Object Position: 1.9943421,0,-6.2284174
2026-08-12 14:13:16,665 - pyserver - INFO - Received from UDP: 0003:1.9663028,0,-6.20468
2026-08-12 14:13:16,665 - unity.py - INFO - [36mHandling UDP Data: 0003:1.9663028,0,-6.20468[0m
2026-08-12 14:13:16,666 - unity.py - INFO - Got Host Player Object Position: 1.9663028,0,-6.20468
2026-08-12 14:13:16,687 - pyserver - INFO - Received from UDP: 0003:1.9383179,0,-6.1809883
2026-08-12 14:13:16,687 - unity.py - INFO - [36mHandling UDP Data: 0003:1.9383179,0,-6.1809883[0m
2026-08-12 14:13:16,687 - unity.py - INFO - Got Host Player Object Position: 1.9383179,0,-6.1809883
2026-08-12 14:13:16,698 - pyserver - INFO - Received from UDP: 0003:1.910278,0,-6.1572504
2026-08-12 14:13:16,698 - unity.py - INFO - [36mHandling UDP Data: 0003:1.910278,0,-6.1572504[0m
2026-08-12 14:13:16,699 - unity.py - INFO - Got Host Player Object Position: 1.910278,0,-6.1572504
2026-08-12 14:13:16,719 - pyserver - INFO - Received from UDP: 0003:1.8822931,0,-6.1335588
2026-08-12 14:13:16,720 - unity.py - INFO - [36mHandling UDP Data: 0003:1.8822931,0,-6.1335588[0m
2026-08-12 14:13:16,720 - unity.py - INFO - Got Host Player Object Position: 1.8822931,0,-6.1335588
2026-08-12 14:13:16,730 - pyserver - INFO - Received from UDP: 0003:1.8542541,0,-6.1098213
2026-08-12 14:13:16,730 - unity.py - INFO - [36mHandling UDP Data: 0003:1.8542541,0,-6.1098213[0m
2026-08-12 14:13:16,731 - unity.py - INFO - Got Host Player Object Position: 1.8542541,0,-6.1098213
2026-08-12 14:13:16,751 - pyserver - INFO - Received from UDP: 0003:1.8262693,0,-6.08613
2026-08-12 14:13:16,751 - unity.py - INFO - [36mHandling UDP Data: 0003:1.8262693,0,-6.08613[0m
2026-08-12 14:13:16,751 - unity.py - INFO - Got Host Player Object Position: 1.8262693,0,-6.08613
2026-08-12 14:13:16,762 - pyserver - INFO - Received from UDP: 0003:1.7982302,0,-6.0623927
2026-08-12 14:13:16,762 - unity.py - INFO - [36mHandling UDP Data: 0003:1.7982302,0,-6.0623927[0m
2026-08-12 14:13:16,763 - unity.py - INFO - Got Host Player Object Position: 1.7982302,0,-6.0623927
2026-08-12 14:13:16,784 - pyserver - INFO - Received from UDP: 0003:1.7702453,0,-6.038701
2026-08-12 14:13:16,784 - unity.py - INFO - [36mHandling UDP Data: 0003:1.7702453,0,-6.038701[0m
2026-08-12 14:13:16,784 - unity.py - INFO - Got Host Player Object Position: 1.7702453,0,-6.038701
2026-08-12 14:13:16,794 - pyserver - INFO - Received from UDP: 0003:1.742206,0,-6.014963
2026-08-12 14:13:16,795 - unity.py - INFO - [36mHandling UDP Data: 0003:1.742206,0,-6.014963[0m
2026-08-12 14:13:16,795 - unity.py - INFO - Got Host Player Object Position: 1.742206,0,-6.014963
2026-08-12 14:13:16,815 - pyserver - INFO - Received from UDP: 0003:1.714221,0,-5.9912715
2026-08-12 14:13:16,815 - unity.py - INFO - [36mHandling UDP Data: 0003:1.714221,0,-5.9912715[0m
2026-08-12 14:13:16,816 - unity.py - INFO - Got Host Player Object Position: 1.714221,0,-5.9912715
2026-08-12 14:13:16,836 - pyserver - INFO - Received from UDP: 0003:1.6861811,0,-5.9675336
2026-08-12 14:13:16,836 - unity.py - INFO - [36mHandling UDP Data: 0003:1.6861811,0,-5.9675336[0m
2026-08-12 14:13:16,837 - unity.py - INFO - Got Host Player Object Position: 1.6861811,0,-5.9675336
2026-08-12 14:13:16,847 - pyserver - INFO - Received from UDP: 0003:1.6581962,0,-5.943842
2026-08-12 14:13:16,847 - unity.py - INFO - [36mHandling UDP Data: 0003:1.6581962,0,-5.943842[0m
2026-08-12 14:13:16,847 - unity.py - INFO - Got Host Player Object Position: 1.6581962,0,-5.943842
2026-08-12 14:13:16,868 - pyserver - INFO - Received from UDP: 0003:1.6301565,0,-5.920104
2026-08-12 14:13:16,868 - unity.py - INFO - [36mHandling UDP Data: 0003:1.6301565,0,-5.920104[0m
2026-08-12 14:13:16,868 - unity.py - INFO - Got Host Player Object Position: 1.6301565,0,-5.920104
2026-08-12 14:13:16,879 - pyserver - INFO - Received from UDP: 0003:1.602213,0,-5.8963637
2026-08-12 14:13:16,879 - unity.py - INFO - [36mHandling UDP Data: 0003:1.602213,0,-5.8963637[0m
2026-08-12 14:13:16,879 - unity.py - INFO - Got Host Player Object Position: 1.602213,0,-5.8963637
2026-08-12 14:13:16,900 - pyserver - INFO - Received from UDP: 0003:1.574319,0,-5.8724546
2026-08-12 14:13:16,900 - unity.py - INFO - [36mHandling UDP Data: 0003:1.574319,0,-5.8724546[0m
2026-08-12 14:13:16,901 - unity.py - INFO - Got Host Player Object Position: 1.574319,0,-5.8724546
2026-08-12 14:13:16,911 - pyserver - INFO - Received from UDP: 0003:1.5465211,0,-5.848544
2026-08-12 14:13:16,912 - unity.py - INFO - [36mHandling UDP Data: 0003:1.5465211,0,-5.848544[0m
2026-08-12 14:13:16,912 - unity.py - INFO - Got Host Player Object Position: 1.5465211,0,-5.848544
2026-08-12 14:13:16,932 - pyserver - INFO - Received from UDP: 0003:1.5186685,0,-5.824587
2026-08-12 14:13:16,933 - unity.py - INFO - [36mHandling UDP Data: 0003:1.5186685,0,-5.824587[0m
2026-08-12 14:13:16,933 - unity.py - INFO - Got Host Player Object Position: 1.5186685,0,-5.824587
2026-08-12 14:13:16,953 - pyserver - INFO - Received from UDP: 0003:1.4908916,0,-5.800652
2026-08-12 14:13:16,953 - unity.py - INFO - [36mHandling UDP Data: 0003:1.4908916,0,-5.800652[0m
2026-08-12 14:13:16,954 - unity.py - INFO - Got Host Player Object Position: 1.4908916,0,-5.800652
2026-08-12 14:13:16,964 - pyserver - INFO - Received from UDP: 0003:1.4630601,0,-5.77667
2026-08-12 14:13:16,964 - unity.py - INFO - [36mHandling UDP Data: 0003:1.4630601,0,-5.77667[0m
2026-08-12 14:13:16,964 - unity.py - INFO - Got Host Player Object Position: 1.4630601,0,-5.77667
2026-08-12 14:13:16,985 - pyserver - INFO - Received from UDP: 0003:1.4352413,0,-5.752784
2026-08-12 14:13:16,985 - unity.py - INFO - [36mHandling UDP Data: 0003:1.4352413,0,-5.752784[0m
2026-08-12 14:13:16,985 - unity.py - INFO - Got Host Player Object Position: 1.4352413,0,-5.752784
2026-08-12 14:13:16,996 - pyserver - INFO - Received from UDP: 0003:1.40714,0,-5.72912
2026-08-12 14:13:16,996 - unity.py - INFO - [36mHandling UDP Data: 0003:1.40714,0,-5.72912[0m
2026-08-12 14:13:16,996 - unity.py - INFO - Got Host Player Object Position: 1.40714,0,-5.72912
2026-08-12 14:13:17,017 - pyserver - INFO - Received from UDP: 0003:1.3782452,0,-5.706547
2026-08-12 14:13:17,017 - unity.py - INFO - [36mHandling UDP Data: 0003:1.3782452,0,-5.706547[0m
2026-08-12 14:13:17,017 - unity.py - INFO - Got Host Player Object Position: 1.3782452,0,-5.706547
2026-08-12 14:13:17,038 - pyserver - INFO - Received from UDP: 0003:1.3485342,0,-5.684938
2026-08-12 14:13:17,038 - unity.py - INFO - [36mHandling UDP Data: 0003:1.3485342,0,-5.684938[0m
2026-08-12 14:13:17,038 - unity.py - INFO - Got Host Player Object Position: 1.3485342,0,-5.684938
2026-08-12 14:13:17,049 - pyserver - INFO - Received from UDP: 0003:1.3181888,0,-5.664356
2026-08-12 14:13:17,049 - unity.py - INFO - [36mHandling UDP Data: 0003:1.3181888,0,-5.664356[0m
2026-08-12 14:13:17,049 - unity.py - INFO - Got Host Player Object Position: 1.3181888,0,-5.664356
2026-08-12 14:13:17,070 - pyserver - INFO - Received from UDP: 0003:1.2871013,0,-5.6447783
2026-08-12 14:13:17,070 - unity.py - INFO - [36mHandling UDP Data: 0003:1.2871013,0,-5.6447783[0m
2026-08-12 14:13:17,071 - unity.py - INFO - Got Host Player Object Position: 1.2871013,0,-5.6447783
2026-08-12 14:13:17,081 - pyserver - INFO - Received from UDP: 0003:1.2554326,0,-5.6262975
2026-08-12 14:13:17,081 - unity.py - INFO - [36mHandling UDP Data: 0003:1.2554326,0,-5.6262975[0m
2026-08-12 14:13:17,081 - unity.py - INFO - Got Host Player Object Position: 1.2554326,0,-5.6262975
2026-08-12 14:13:17,102 - pyserver - INFO - Received from UDP: 0003:1.223075,0,-5.608897
2026-08-12 14:13:17,102 - unity.py - INFO - [36mHandling UDP Data: 0003:1.223075,0,-5.608897[0m
2026-08-12 14:13:17,103 - unity.py - INFO - Got Host Player Object Position: 1.223075,0,-5.608897
2026-08-12 14:13:17,113 - pyserver - INFO - Received from UDP: 0003:1.1901349,0,-5.5927916
2026-08-12 14:13:17,113 - unity.py - INFO - [36mHandling UDP Data: 0003:1.1901349,0,-5.5927916[0m
2026-08-12 14:13:17,113 - unity.py - INFO - Got Host Player Object Position: 1.1901349,0,-5.5927916
2026-08-12 14:13:17,134 - pyserver - INFO - Received from UDP: 0003:1.1564926,0,-5.578028
2026-08-12 14:13:17,134 - unity.py - INFO - [36mHandling UDP Data: 0003:1.1564926,0,-5.578028[0m
2026-08-12 14:13:17,135 - unity.py - INFO - Got Host Player Object Position: 1.1564926,0,-5.578028
2026-08-12 14:13:17,155 - pyserver - INFO - Received from UDP: 0003:1.1222777,0,-5.5648456
2026-08-12 14:13:17,155 - unity.py - INFO - [36mHandling UDP Data: 0003:1.1222777,0,-5.5648456[0m
2026-08-12 14:13:17,155 - unity.py - INFO - Got Host Player Object Position: 1.1222777,0,-5.5648456
2026-08-12 14:13:17,166 - pyserver - INFO - Received from UDP: 0003:1.0873762,0,-5.5533743
2026-08-12 14:13:17,166 - unity.py - INFO - [36mHandling UDP Data: 0003:1.0873762,0,-5.5533743[0m
2026-08-12 14:13:17,166 - unity.py - INFO - Got Host Player Object Position: 1.0873762,0,-5.5533743
2026-08-12 14:13:17,187 - pyserver - INFO - Received from UDP: 0003:1.0519837,0,-5.5437927
2026-08-12 14:13:17,187 - unity.py - INFO - [36mHandling UDP Data: 0003:1.0519837,0,-5.5437927[0m
2026-08-12 14:13:17,187 - unity.py - INFO - Got Host Player Object Position: 1.0519837,0,-5.5437927
2026-08-12 14:13:17,198 - pyserver - INFO - Received from UDP: 0003:1.0160122,0,-5.536329
2026-08-12 14:13:17,199 - unity.py - INFO - [36mHandling UDP Data: 0003:1.0160122,0,-5.536329[0m
2026-08-12 14:13:17,199 - unity.py - INFO - Got Host Player Object Position: 1.0160122,0,-5.536329
2026-08-12 14:13:17,219 - pyserver - INFO - Received from UDP: 0003:0.97970676,0,-5.5311947
2026-08-12 14:13:17,219 - unity.py - INFO - [36mHandling UDP Data: 0003:0.97970676,0,-5.5311947[0m
2026-08-12 14:13:17,220 - unity.py - INFO - Got Host Player Object Position: 0.97970676,0,-5.5311947
2026-08-12 14:13:17,230 - pyserver - INFO - Received from UDP: 0003:0.9430826,0,-5.528306
2026-08-12 14:13:17,230 - unity.py - INFO - [36mHandling UDP Data: 0003:0.9430826,0,-5.528306[0m
2026-08-12 14:13:17,230 - unity.py - INFO - Got Host Player Object Position: 0.9430826,0,-5.528306
2026-08-12 14:13:17,251 - pyserver - INFO - Received from UDP: 0003:0.90642315,0,-5.527578
2026-08-12 14:13:17,251 - unity.py - INFO - [36mHandling UDP Data: 0003:0.90642315,0,-5.527578[0m
2026-08-12 14:13:17,251 - unity.py - INFO - Got Host Player Object Position: 0.90642315,0,-5.527578
2026-08-12 14:13:17,271 - pyserver - INFO - Received from UDP: 0003:0.8697129,0,-5.529014
2026-08-12 14:13:17,272 - unity.py - INFO - [36mHandling UDP Data: 0003:0.8697129,0,-5.529014[0m
2026-08-12 14:13:17,272 - unity.py - INFO - Got Host Player Object Position: 0.8697129,0,-5.529014
2026-08-12 14:13:17,282 - pyserver - INFO - Received from UDP: 0003:0.83323234,0,-5.532704
2026-08-12 14:13:17,283 - unity.py - INFO - [36mHandling UDP Data: 0003:0.83323234,0,-5.532704[0m
2026-08-12 14:13:17,283 - unity.py - INFO - Got Host Player Object Position: 0.83323234,0,-5.532704
2026-08-12 14:13:17,304 - pyserver - INFO - Received from UDP: 0003:0.7969301,0,-5.538356
2026-08-12 14:13:17,304 - unity.py - INFO - [36mHandling UDP Data: 0003:0.7969301,0,-5.538356[0m
2026-08-12 14:13:17,304 - unity.py - INFO - Got Host Player Object Position: 0.7969301,0,-5.538356
2026-08-12 14:13:17,315 - pyserver - INFO - Received from UDP: 0003:0.7610699,0,-5.546004
2026-08-12 14:13:17,316 - unity.py - INFO - [36mHandling UDP Data: 0003:0.7610699,0,-5.546004[0m
2026-08-12 14:13:17,316 - unity.py - INFO - Got Host Player Object Position: 0.7610699,0,-5.546004
2026-08-12 14:13:17,337 - pyserver - INFO - Received from UDP: 0003:0.7255997,0,-5.555574
2026-08-12 14:13:17,337 - unity.py - INFO - [36mHandling UDP Data: 0003:0.7255997,0,-5.555574[0m
2026-08-12 14:13:17,337 - unity.py - INFO - Got Host Player Object Position: 0.7255997,0,-5.555574
2026-08-12 14:13:17,347 - pyserver - INFO - Received from UDP: 0003:0.6902241,0,-5.565218
2026-08-12 14:13:17,347 - unity.py - INFO - [36mHandling UDP Data: 0003:0.6902241,0,-5.565218[0m
2026-08-12 14:13:17,348 - unity.py - INFO - Got Host Player Object Position: 0.6902241,0,-5.565218
2026-08-12 14:13:17,369 - pyserver - INFO - Received from UDP: 0003:0.6548051,0,-5.5749736
2026-08-12 14:13:17,369 - unity.py - INFO - [36mHandling UDP Data: 0003:0.6548051,0,-5.5749736[0m
2026-08-12 14:13:17,369 - unity.py - INFO - Got Host Player Object Position: 0.6548051,0,-5.5749736
2026-08-12 14:13:17,379 - pyserver - INFO - Received from UDP: 0003:0.6200413,0,-5.5866323
2026-08-12 14:13:17,380 - unity.py - INFO - [36mHandling UDP Data: 0003:0.6200413,0,-5.5866323[0m
2026-08-12 14:13:17,380 - unity.py - INFO - Got Host Player Object Position: 0.6200413,0,-5.5866323
2026-08-12 14:13:17,401 - pyserver - INFO - Received from UDP: 0003:0.5858337,0,-5.6000333
2026-08-12 14:13:17,401 - unity.py - INFO - [36mHandling UDP Data: 0003:0.5858337,0,-5.6000333[0m
2026-08-12 14:13:17,401 - unity.py - INFO - Got Host Player Object Position: 0.5858337,0,-5.6000333
2026-08-12 14:13:17,422 - pyserver - INFO - Received from UDP: 0003:0.5524613,0,-5.615223
2026-08-12 14:13:17,422 - unity.py - INFO - [36mHandling UDP Data: 0003:0.5524613,0,-5.615223[0m
2026-08-12 14:13:17,422 - unity.py - INFO - Got Host Player Object Position: 0.5524613,0,-5.615223
2026-08-12 14:13:17,432 - pyserver - INFO - Received from UDP: 0003:0.51979357,0,-5.632032
2026-08-12 14:13:17,433 - unity.py - INFO - [36mHandling UDP Data: 0003:0.51979357,0,-5.632032[0m
2026-08-12 14:13:17,433 - unity.py - INFO - Got Host Player Object Position: 0.51979357,0,-5.632032
2026-08-12 14:13:17,455 - pyserver - INFO - Received from UDP: 0003:0.48802656,0,-5.650343
2026-08-12 14:13:17,455 - unity.py - INFO - [36mHandling UDP Data: 0003:0.48802656,0,-5.650343[0m
2026-08-12 14:13:17,455 - unity.py - INFO - Got Host Player Object Position: 0.48802656,0,-5.650343
2026-08-12 14:13:17,466 - pyserver - INFO - Received from UDP: 0003:0.4570801,0,-5.6701407
2026-08-12 14:13:17,466 - unity.py - INFO - [36mHandling UDP Data: 0003:0.4570801,0,-5.6701407[0m
2026-08-12 14:13:17,466 - unity.py - INFO - Got Host Player Object Position: 0.4570801,0,-5.6701407
2026-08-12 14:13:17,487 - pyserver - INFO - Received from UDP: 0003:0.42711955,0,-5.6912785
2026-08-12 14:13:17,488 - unity.py - INFO - [36mHandling UDP Data: 0003:0.42711955,0,-5.6912785[0m
2026-08-12 14:13:17,488 - unity.py - INFO - Got Host Player Object Position: 0.42711955,0,-5.6912785
2026-08-12 14:13:17,498 - pyserver - INFO - Received from UDP: 0003:0.39803404,0,-5.713723
2026-08-12 14:13:17,498 - unity.py - INFO - [36mHandling UDP Data: 0003:0.39803404,0,-5.713723[0m
2026-08-12 14:13:17,499 - unity.py - INFO - Got Host Player Object Position: 0.39803404,0,-5.713723
2026-08-12 14:13:17,519 - pyserver - INFO - Received from UDP: 0003:0.3700193,0,-5.737379
2026-08-12 14:13:17,520 - unity.py - INFO - [36mHandling UDP Data: 0003:0.3700193,0,-5.737379[0m
2026-08-12 14:13:17,520 - unity.py - INFO - Got Host Player Object Position: 0.3700193,0,-5.737379
2026-08-12 14:13:17,530 - pyserver - INFO - Received from UDP: 0003:0.34296235,0,-5.762232
2026-08-12 14:13:17,530 - unity.py - INFO - [36mHandling UDP Data: 0003:0.34296235,0,-5.762232[0m
2026-08-12 14:13:17,531 - unity.py - INFO - Got Host Player Object Position: 0.34296235,0,-5.762232
2026-08-12 14:13:17,551 - pyserver - INFO - Received from UDP: 0003:0.31700054,0,-5.7881246
2026-08-12 14:13:17,552 - unity.py - INFO - [36mHandling UDP Data: 0003:0.31700054,0,-5.7881246[0m
2026-08-12 14:13:17,552 - unity.py - INFO - Got Host Player Object Position: 0.31700054,0,-5.7881246
2026-08-12 14:13:17,563 - pyserver - INFO - Received from UDP: 0003:0.29205847,0,-5.8150997
2026-08-12 14:13:17,563 - unity.py - INFO - [36mHandling UDP Data: 0003:0.29205847,0,-5.8150997[0m
2026-08-12 14:13:17,563 - unity.py - INFO - Got Host Player Object Position: 0.29205847,0,-5.8150997
2026-08-12 14:13:17,583 - pyserver - INFO - Received from UDP: 0003:0.26836598,0,-5.8430834
2026-08-12 14:13:17,584 - unity.py - INFO - [36mHandling UDP Data: 0003:0.26836598,0,-5.8430834[0m
2026-08-12 14:13:17,584 - unity.py - INFO - Got Host Player Object Position: 0.26836598,0,-5.8430834
2026-08-12 14:13:17,604 - pyserver - INFO - Received from UDP: 0003:0.24596582,0,-5.872202
2026-08-12 14:13:17,604 - unity.py - INFO - [36mHandling UDP Data: 0003:0.24596582,0,-5.872202[0m
2026-08-12 14:13:17,604 - unity.py - INFO - Got Host Player Object Position: 0.24596582,0,-5.872202
2026-08-12 14:13:17,615 - pyserver - INFO - Received from UDP: 0003:0.2250077,0,-5.9022884
2026-08-12 14:13:17,616 - unity.py - INFO - [36mHandling UDP Data: 0003:0.2250077,0,-5.9022884[0m
2026-08-12 14:13:17,616 - unity.py - INFO - Got Host Player Object Position: 0.2250077,0,-5.9022884
2026-08-12 14:13:17,637 - pyserver - INFO - Received from UDP: 0003:0.20531674,0,-5.933304
2026-08-12 14:13:17,637 - unity.py - INFO - [36mHandling UDP Data: 0003:0.20531674,0,-5.933304[0m
2026-08-12 14:13:17,638 - unity.py - INFO - Got Host Player Object Position: 0.20531674,0,-5.933304
2026-08-12 14:13:17,648 - pyserver - INFO - Received from UDP: 0003:0.18688023,0,-5.9649982
2026-08-12 14:13:17,648 - unity.py - INFO - [36mHandling UDP Data: 0003:0.18688023,0,-5.9649982[0m
2026-08-12 14:13:17,648 - unity.py - INFO - Got Host Player Object Position: 0.18688023,0,-5.9649982
2026-08-12 14:13:17,669 - pyserver - INFO - Received from UDP: 0003:0.16956635,0,-5.9974003
2026-08-12 14:13:17,669 - unity.py - INFO - [36mHandling UDP Data: 0003:0.16956635,0,-5.9974003[0m
2026-08-12 14:13:17,669 - unity.py - INFO - Got Host Player Object Position: 0.16956635,0,-5.9974003
2026-08-12 14:13:17,680 - pyserver - INFO - Received from UDP: 0003:0.15347521,0,-6.030348
2026-08-12 14:13:17,680 - unity.py - INFO - [36mHandling UDP Data: 0003:0.15347521,0,-6.030348[0m
2026-08-12 14:13:17,681 - unity.py - INFO - Got Host Player Object Position: 0.15347521,0,-6.030348
2026-08-12 14:13:17,701 - pyserver - INFO - Received from UDP: 0003:0.13838556,0,-6.063844
2026-08-12 14:13:17,701 - unity.py - INFO - [36mHandling UDP Data: 0003:0.13838556,0,-6.063844[0m
2026-08-12 14:13:17,702 - unity.py - INFO - Got Host Player Object Position: 0.13838556,0,-6.063844
2026-08-12 14:13:17,722 - pyserver - INFO - Received from UDP: 0003:0.123529986,0,-6.097367
2026-08-12 14:13:17,722 - unity.py - INFO - [36mHandling UDP Data: 0003:0.123529986,0,-6.097367[0m
2026-08-12 14:13:17,722 - unity.py - INFO - Got Host Player Object Position: 0.123529986,0,-6.097367
2026-08-12 14:13:17,733 - pyserver - INFO - Received from UDP: 0003:0.10888037,0,-6.1310573
2026-08-12 14:13:17,733 - unity.py - INFO - [36mHandling UDP Data: 0003:0.10888037,0,-6.1310573[0m
2026-08-12 14:13:17,733 - unity.py - INFO - Got Host Player Object Position: 0.10888037,0,-6.1310573
2026-08-12 14:13:17,754 - pyserver - INFO - Received from UDP: 0003:0.094553165,0,-6.164809
2026-08-12 14:13:17,754 - unity.py - INFO - [36mHandling UDP Data: 0003:0.094553165,0,-6.164809[0m
2026-08-12 14:13:17,754 - unity.py - INFO - Got Host Player Object Position: 0.094553165,0,-6.164809
2026-08-12 14:13:17,765 - pyserver - INFO - Received from UDP: 0003:0.079667196,0,-6.198397
2026-08-12 14:13:17,765 - unity.py - INFO - [36mHandling UDP Data: 0003:0.079667196,0,-6.198397[0m
2026-08-12 14:13:17,765 - unity.py - INFO - Got Host Player Object Position: 0.079667196,0,-6.198397
2026-08-12 14:13:17,786 - pyserver - INFO - Received from UDP: 0003:0.064298585,0,-6.2316875
2026-08-12 14:13:17,786 - unity.py - INFO - [36mHandling UDP Data: 0003:0.064298585,0,-6.2316875[0m
2026-08-12 14:13:17,787 - unity.py - INFO - Got Host Player Object Position: 0.064298585,0,-6.2316875
2026-08-12 14:13:17,797 - pyserver - INFO - Received from UDP: 0003:0.048454516,0,-6.2648344
2026-08-12 14:13:17,797 - unity.py - INFO - [36mHandling UDP Data: 0003:0.048454516,0,-6.2648344[0m
2026-08-12 14:13:17,797 - unity.py - INFO - Got Host Player Object Position: 0.048454516,0,-6.2648344
2026-08-12 14:13:17,817 - pyserver - INFO - Received from UDP: 0003:0.032095112,0,-6.297649
2026-08-12 14:13:17,818 - unity.py - INFO - [36mHandling UDP Data: 0003:0.032095112,0,-6.297649[0m
2026-08-12 14:13:17,818 - unity.py - INFO - Got Host Player Object Position: 0.032095112,0,-6.297649
2026-08-12 14:13:17,838 - pyserver - INFO - Received from UDP: 0003:0.015081001,0,-6.33021
2026-08-12 14:13:17,838 - unity.py - INFO - [36mHandling UDP Data: 0003:0.015081001,0,-6.33021[0m
2026-08-12 14:13:17,838 - unity.py - INFO - Got Host Player Object Position: 0.015081001,0,-6.33021
2026-08-12 14:13:17,849 - pyserver - INFO - Received from UDP: 0003:-0.0026404355,0,-6.36231
2026-08-12 14:13:17,849 - unity.py - INFO - [36mHandling UDP Data: 0003:-0.0026404355,0,-6.36231[0m
2026-08-12 14:13:17,849 - unity.py - INFO - Got Host Player Object Position: -0.0026404355,0,-6.36231
2026-08-12 14:13:17,870 - pyserver - INFO - Received from UDP: 0003:-0.02121728,0,-6.3940067
2026-08-12 14:13:17,870 - unity.py - INFO - [36mHandling UDP Data: 0003:-0.02121728,0,-6.3940067[0m
2026-08-12 14:13:17,870 - unity.py - INFO - Got Host Player Object Position: -0.02121728,0,-6.3940067
2026-08-12 14:13:17,880 - pyserver - INFO - Received from UDP: 0003:-0.040616784,0,-6.425121
2026-08-12 14:13:17,881 - unity.py - INFO - [36mHandling UDP Data: 0003:-0.040616784,0,-6.425121[0m
2026-08-12 14:13:17,881 - unity.py - INFO - Got Host Player Object Position: -0.040616784,0,-6.425121
2026-08-12 14:13:17,901 - pyserver - INFO - Received from UDP: 0003:-0.061081056,0,-6.4556313
2026-08-12 14:13:17,902 - unity.py - INFO - [36mHandling UDP Data: 0003:-0.061081056,0,-6.4556313[0m
2026-08-12 14:13:17,902 - unity.py - INFO - Got Host Player Object Position: -0.061081056,0,-6.4556313
2026-08-12 14:13:17,913 - pyserver - INFO - Received from UDP: 0003:-0.08270426,0,-6.4852433
2026-08-12 14:13:17,913 - unity.py - INFO - [36mHandling UDP Data: 0003:-0.08270426,0,-6.4852433[0m
2026-08-12 14:13:17,913 - unity.py - INFO - Got Host Player Object Position: -0.08270426,0,-6.4852433
2026-08-12 14:13:17,934 - pyserver - INFO - Received from UDP: 0003:-0.10555304,0,-6.514012
2026-08-12 14:13:17,934 - unity.py - INFO - [36mHandling UDP Data: 0003:-0.10555304,0,-6.514012[0m
2026-08-12 14:13:17,934 - unity.py - INFO - Got Host Player Object Position: -0.10555304,0,-6.514012
2026-08-12 14:13:17,955 - pyserver - INFO - Received from UDP: 0003:-0.12956521,0,-6.5417223
2026-08-12 14:13:17,955 - unity.py - INFO - [36mHandling UDP Data: 0003:-0.12956521,0,-6.5417223[0m
2026-08-12 14:13:17,955 - unity.py - INFO - Got Host Player Object Position: -0.12956521,0,-6.5417223
2026-08-12 14:13:17,966 - pyserver - INFO - Received from UDP: 0003:-0.15480936,0,-6.568413
2026-08-12 14:13:17,966 - unity.py - INFO - [36mHandling UDP Data: 0003:-0.15480936,0,-6.568413[0m
2026-08-12 14:13:17,966 - unity.py - INFO - Got Host Player Object Position: -0.15480936,0,-6.568413
2026-08-12 14:13:17,987 - pyserver - INFO - Received from UDP: 0003:-0.18119456,0,-6.593874
2026-08-12 14:13:17,987 - unity.py - INFO - [36mHandling UDP Data: 0003:-0.18119456,0,-6.593874[0m
2026-08-12 14:13:17,988 - unity.py - INFO - Got Host Player Object Position: -0.18119456,0,-6.593874
2026-08-12 14:13:17,998 - pyserver - INFO - Received from UDP: 0003:-0.20877035,0,-6.6181498
2026-08-12 14:13:17,998 - unity.py - INFO - [36mHandling UDP Data: 0003:-0.20877035,0,-6.6181498[0m
2026-08-12 14:13:17,998 - unity.py - INFO - Got Host Player Object Position: -0.20877035,0,-6.6181498
2026-08-12 14:13:18,019 - pyserver - INFO - Received from UDP: 0003:-0.23743434,0,-6.6410146
2026-08-12 14:13:18,019 - unity.py - INFO - [36mHandling UDP Data: 0003:-0.23743434,0,-6.6410146[0m
2026-08-12 14:13:18,019 - unity.py - INFO - Got Host Player Object Position: -0.23743434,0,-6.6410146
2026-08-12 14:13:18,030 - pyserver - INFO - Received from UDP: 0003:-0.26722333,0,-6.6625175
2026-08-12 14:13:18,030 - unity.py - INFO - [36mHandling UDP Data: 0003:-0.26722333,0,-6.6625175[0m
2026-08-12 14:13:18,030 - unity.py - INFO - Got Host Player Object Position: -0.26722333,0,-6.6625175
2026-08-12 14:13:18,051 - pyserver - INFO - Received from UDP: 0003:-0.29798195,0,-6.6824765
2026-08-12 14:13:18,051 - unity.py - INFO - [36mHandling UDP Data: 0003:-0.29798195,0,-6.6824765[0m
2026-08-12 14:13:18,051 - unity.py - INFO - Got Host Player Object Position: -0.29798195,0,-6.6824765
2026-08-12 14:13:18,071 - pyserver - INFO - Received from UDP: 0003:-0.3297549,0,-6.7009206
2026-08-12 14:13:18,071 - unity.py - INFO - [36mHandling UDP Data: 0003:-0.3297549,0,-6.7009206[0m
2026-08-12 14:13:18,072 - unity.py - INFO - Got Host Player Object Position: -0.3297549,0,-6.7009206
2026-08-12 14:13:18,082 - pyserver - INFO - Received from UDP: 0003:-0.36314875,0,-6.716063
2026-08-12 14:13:18,082 - unity.py - INFO - [36mHandling UDP Data: 0003:-0.36314875,0,-6.716063[0m
2026-08-12 14:13:18,082 - unity.py - INFO - Got Host Player Object Position: -0.36314875,0,-6.716063
2026-08-12 14:13:18,104 - pyserver - INFO - Received from UDP: 0003:-0.39729428,0,-6.729619
2026-08-12 14:13:18,104 - unity.py - INFO - [36mHandling UDP Data: 0003:-0.39729428,0,-6.729619[0m
2026-08-12 14:13:18,104 - unity.py - INFO - Got Host Player Object Position: -0.39729428,0,-6.729619
2026-08-12 14:13:18,114 - pyserver - INFO - Received from UDP: 0003:-0.43201208,0,-6.741414
2026-08-12 14:13:18,114 - unity.py - INFO - [36mHandling UDP Data: 0003:-0.43201208,0,-6.741414[0m
2026-08-12 14:13:18,115 - unity.py - INFO - Got Host Player Object Position: -0.43201208,0,-6.741414
2026-08-12 14:13:18,135 - pyserver - INFO - Received from UDP: 0003:-0.46732998,0,-6.7515326
2026-08-12 14:13:18,135 - unity.py - INFO - [36mHandling UDP Data: 0003:-0.46732998,0,-6.7515326[0m
2026-08-12 14:13:18,135 - unity.py - INFO - Got Host Player Object Position: -0.46732998,0,-6.7515326
2026-08-12 14:13:18,146 - pyserver - INFO - Received from UDP: 0003:-0.5030205,0,-6.7599363
2026-08-12 14:13:18,146 - unity.py - INFO - [36mHandling UDP Data: 0003:-0.5030205,0,-6.7599363[0m
2026-08-12 14:13:18,146 - unity.py - INFO - Got Host Player Object Position: -0.5030205,0,-6.7599363
2026-08-12 14:13:18,167 - pyserver - INFO - Received from UDP: 0003:-0.53913546,0,-6.766678
2026-08-12 14:13:18,167 - unity.py - INFO - [36mHandling UDP Data: 0003:-0.53913546,0,-6.766678[0m
2026-08-12 14:13:18,168 - unity.py - INFO - Got Host Player Object Position: -0.53913546,0,-6.766678
2026-08-12 14:13:18,188 - pyserver - INFO - Received from UDP: 0003:-0.5754452,0,-6.7717814
2026-08-12 14:13:18,188 - unity.py - INFO - [36mHandling UDP Data: 0003:-0.5754452,0,-6.7717814[0m
2026-08-12 14:13:18,189 - unity.py - INFO - Got Host Player Object Position: -0.5754452,0,-6.7717814
2026-08-12 14:13:18,199 - pyserver - INFO - Received from UDP: 0003:-0.6120122,0,-6.775328
2026-08-12 14:13:18,200 - unity.py - INFO - [36mHandling UDP Data: 0003:-0.6120122,0,-6.775328[0m
2026-08-12 14:13:18,200 - unity.py - INFO - Got Host Player Object Position: -0.6120122,0,-6.775328
2026-08-12 14:13:18,221 - pyserver - INFO - Received from UDP: 0003:-0.64862645,0,-6.7772875
2026-08-12 14:13:18,221 - unity.py - INFO - [36mHandling UDP Data: 0003:-0.64862645,0,-6.7772875[0m
2026-08-12 14:13:18,221 - unity.py - INFO - Got Host Player Object Position: -0.64862645,0,-6.7772875
2026-08-12 14:13:18,231 - pyserver - INFO - Received from UDP: 0003:-0.6853624,0,-6.777705
2026-08-12 14:13:18,231 - unity.py - INFO - [36mHandling UDP Data: 0003:-0.6853624,0,-6.777705[0m
2026-08-12 14:13:18,232 - unity.py - INFO - Got Host Player Object Position: -0.6853624,0,-6.777705
2026-08-12 14:13:18,252 - pyserver - INFO - Received from UDP: 0003:-0.7220525,0,-6.7767153
2026-08-12 14:13:18,253 - unity.py - INFO - [36mHandling UDP Data: 0003:-0.7220525,0,-6.7767153[0m
2026-08-12 14:13:18,253 - unity.py - INFO - Got Host Player Object Position: -0.7220525,0,-6.7767153
2026-08-12 14:13:18,263 - pyserver - INFO - Received from UDP: 0003:-0.75864327,0,-6.774358
2026-08-12 14:13:18,264 - unity.py - INFO - [36mHandling UDP Data: 0003:-0.75864327,0,-6.774358[0m
2026-08-12 14:13:18,264 - unity.py - INFO - Got Host Player Object Position: -0.75864327,0,-6.774358
2026-08-12 14:13:18,285 - pyserver - INFO - Received from UDP: 0003:-0.7950943,0,-6.769761
2026-08-12 14:13:18,285 - unity.py - INFO - [36mHandling UDP Data: 0003:-0.7950943,0,-6.769761[0m
2026-08-12 14:13:18,285 - unity.py - INFO - Got Host Player Object Position: -0.7950943,0,-6.769761
2026-08-12 14:13:18,296 - pyserver - INFO - Received from UDP: 0003:-0.83114105,0,-6.7630477
2026-08-12 14:13:18,296 - unity.py - INFO - [36mHandling UDP Data: 0003:-0.83114105,0,-6.7630477[0m
2026-08-12 14:13:18,296 - unity.py - INFO - Got Host Player Object Position: -0.83114105,0,-6.7630477
2026-08-12 14:13:18,317 - pyserver - INFO - Received from UDP: 0003:-0.86676353,0,-6.754062
2026-08-12 14:13:18,317 - unity.py - INFO - [36mHandling UDP Data: 0003:-0.86676353,0,-6.754062[0m
2026-08-12 14:13:18,317 - unity.py - INFO - Got Host Player Object Position: -0.86676353,0,-6.754062
2026-08-12 14:13:18,338 - pyserver - INFO - Received from UDP: 0003:-0.90168846,0,-6.742896
2026-08-12 14:13:18,338 - unity.py - INFO - [36mHandling UDP Data: 0003:-0.90168846,0,-6.742896[0m
2026-08-12 14:13:18,338 - unity.py - INFO - Got Host Player Object Position: -0.90168846,0,-6.742896
2026-08-12 14:13:18,348 - pyserver - INFO - Received from UDP: 0003:-0.93591505,0,-6.729543
2026-08-12 14:13:18,349 - unity.py - INFO - [36mHandling UDP Data: 0003:-0.93591505,0,-6.729543[0m
2026-08-12 14:13:18,349 - unity.py - INFO - Got Host Player Object Position: -0.93591505,0,-6.729543
2026-08-12 14:13:18,370 - pyserver - INFO - Received from UDP: 0003:-0.96917754,0,-6.714114
2026-08-12 14:13:18,370 - unity.py - INFO - [36mHandling UDP Data: 0003:-0.96917754,0,-6.714114[0m
2026-08-12 14:13:18,370 - unity.py - INFO - Got Host Player Object Position: -0.96917754,0,-6.714114
2026-08-12 14:13:18,381 - pyserver - INFO - Received from UDP: 0003:-1.0013804,0,-6.696432
2026-08-12 14:13:18,381 - unity.py - INFO - [36mHandling UDP Data: 0003:-1.0013804,0,-6.696432[0m
2026-08-12 14:13:18,381 - unity.py - INFO - Got Host Player Object Position: -1.0013804,0,-6.696432
2026-08-12 14:13:18,402 - pyserver - INFO - Received from UDP: 0003:-1.0322455,0,-6.6766386
2026-08-12 14:13:18,402 - unity.py - INFO - [36mHandling UDP Data: 0003:-1.0322455,0,-6.6766386[0m
2026-08-12 14:13:18,402 - unity.py - INFO - Got Host Player Object Position: -1.0322455,0,-6.6766386
2026-08-12 14:13:18,413 - pyserver - INFO - Received from UDP: 0003:-1.0620186,0,-6.6551156
2026-08-12 14:13:18,413 - unity.py - INFO - [36mHandling UDP Data: 0003:-1.0620186,0,-6.6551156[0m
2026-08-12 14:13:18,414 - unity.py - INFO - Got Host Player Object Position: -1.0620186,0,-6.6551156
2026-08-12 14:13:18,435 - pyserver - INFO - Received from UDP: 0003:-1.0903666,0,-6.63186
2026-08-12 14:13:18,435 - unity.py - INFO - [36mHandling UDP Data: 0003:-1.0903666,0,-6.63186[0m
2026-08-12 14:13:18,435 - unity.py - INFO - Got Host Player Object Position: -1.0903666,0,-6.63186
2026-08-12 14:13:18,456 - pyserver - INFO - Received from UDP: 0003:-1.1171383,0,-6.606702
2026-08-12 14:13:18,456 - unity.py - INFO - [36mHandling UDP Data: 0003:-1.1171383,0,-6.606702[0m
2026-08-12 14:13:18,456 - unity.py - INFO - Got Host Player Object Position: -1.1171383,0,-6.606702
2026-08-12 14:13:18,467 - pyserver - INFO - Received from UDP: 0003:-1.14141,0,-6.5792184
2026-08-12 14:13:18,467 - unity.py - INFO - [36mHandling UDP Data: 0003:-1.14141,0,-6.5792184[0m
2026-08-12 14:13:18,468 - unity.py - INFO - Got Host Player Object Position: -1.14141,0,-6.5792184
2026-08-12 14:13:18,488 - pyserver - INFO - Received from UDP: 0003:-1.1634442,0,-6.5498204
2026-08-12 14:13:18,489 - unity.py - INFO - [36mHandling UDP Data: 0003:-1.1634442,0,-6.5498204[0m
2026-08-12 14:13:18,489 - unity.py - INFO - Got Host Player Object Position: -1.1634442,0,-6.5498204
2026-08-12 14:13:18,499 - pyserver - INFO - Received from UDP: 0003:-1.1830722,0,-6.5188065
2026-08-12 14:13:18,500 - unity.py - INFO - [36mHandling UDP Data: 0003:-1.1830722,0,-6.5188065[0m
2026-08-12 14:13:18,500 - unity.py - INFO - Got Host Player Object Position: -1.1830722,0,-6.5188065
2026-08-12 14:13:18,520 - pyserver - INFO - Received from UDP: 0003:-1.2003205,0,-6.486408
2026-08-12 14:13:18,521 - unity.py - INFO - [36mHandling UDP Data: 0003:-1.2003205,0,-6.486408[0m
2026-08-12 14:13:18,521 - unity.py - INFO - Got Host Player Object Position: -1.2003205,0,-6.486408
2026-08-12 14:13:18,531 - pyserver - INFO - Received from UDP: 0003:-1.2063638,0,-6.450243
2026-08-12 14:13:18,531 - unity.py - INFO - [36mHandling UDP Data: 0003:-1.2063638,0,-6.450243[0m
2026-08-12 14:13:18,532 - unity.py - INFO - Got Host Player Object Position: -1.2063638,0,-6.450243
2026-08-12 14:13:18,552 - pyserver - INFO - Received from UDP: 0003:-1.209606,0,-6.4136467
2026-08-12 14:13:18,552 - unity.py - INFO - [36mHandling UDP Data: 0003:-1.209606,0,-6.4136467[0m
2026-08-12 14:13:18,553 - unity.py - INFO - Got Host Player Object Position: -1.209606,0,-6.4136467
2026-08-12 14:13:18,563 - pyserver - INFO - Received from UDP: 0003:-1.2100563,0,-6.3769827
2026-08-12 14:13:18,563 - unity.py - INFO - [36mHandling UDP Data: 0003:-1.2100563,0,-6.3769827[0m
2026-08-12 14:13:18,564 - unity.py - INFO - Got Host Player Object Position: -1.2100563,0,-6.3769827
2026-08-12 14:13:18,584 - pyserver - INFO - Received from UDP: 0003:-1.20774,0,-6.3403172
2026-08-12 14:13:18,584 - unity.py - INFO - [36mHandling UDP Data: 0003:-1.20774,0,-6.3403172[0m
2026-08-12 14:13:18,584 - unity.py - INFO - Got Host Player Object Position: -1.20774,0,-6.3403172
2026-08-12 14:13:18,605 - pyserver - INFO - Received from UDP: 0003:-1.2025933,0,-6.3040137
2026-08-12 14:13:18,605 - unity.py - INFO - [36mHandling UDP Data: 0003:-1.2025933,0,-6.3040137[0m
2026-08-12 14:13:18,606 - unity.py - INFO - Got Host Player Object Position: -1.2025933,0,-6.3040137
2026-08-12 14:13:18,616 - pyserver - INFO - Received from UDP: 0003:-1.1948276,0,-6.268105
2026-08-12 14:13:18,617 - unity.py - INFO - [36mHandling UDP Data: 0003:-1.1948276,0,-6.268105[0m
2026-08-12 14:13:18,617 - unity.py - INFO - Got Host Player Object Position: -1.1948276,0,-6.268105
2026-08-12 14:13:18,637 - pyserver - INFO - Received from UDP: 0003:-1.1844966,0,-6.232924
2026-08-12 14:13:18,637 - unity.py - INFO - [36mHandling UDP Data: 0003:-1.1844966,0,-6.232924[0m
2026-08-12 14:13:18,638 - unity.py - INFO - Got Host Player Object Position: -1.1844966,0,-6.232924
2026-08-12 14:13:18,648 - pyserver - INFO - Received from UDP: 0003:-1.1718231,0,-6.1984406
2026-08-12 14:13:18,648 - unity.py - INFO - [36mHandling UDP Data: 0003:-1.1718231,0,-6.1984406[0m
2026-08-12 14:13:18,648 - unity.py - INFO - Got Host Player Object Position: -1.1718231,0,-6.1984406
2026-08-12 14:13:18,669 - pyserver - INFO - Received from UDP: 0003:-1.1569579,0,-6.164922
2026-08-12 14:13:18,669 - unity.py - INFO - [36mHandling UDP Data: 0003:-1.1569579,0,-6.164922[0m
2026-08-12 14:13:18,670 - unity.py - INFO - Got Host Player Object Position: -1.1569579,0,-6.164922
2026-08-12 14:13:18,680 - pyserver - INFO - Received from UDP: 0003:-1.1401426,0,-6.1322575
2026-08-12 14:13:18,681 - unity.py - INFO - [36mHandling UDP Data: 0003:-1.1401426,0,-6.1322575[0m
2026-08-12 14:13:18,681 - unity.py - INFO - Got Host Player Object Position: -1.1401426,0,-6.1322575
2026-08-12 14:13:18,702 - pyserver - INFO - Received from UDP: 0003:-1.1215388,0,-6.1006613
2026-08-12 14:13:18,702 - unity.py - INFO - [36mHandling UDP Data: 0003:-1.1215388,0,-6.1006613[0m
2026-08-12 14:13:18,702 - unity.py - INFO - Got Host Player Object Position: -1.1215388,0,-6.1006613
2026-08-12 14:13:18,723 - pyserver - INFO - Received from UDP: 0003:-1.1011144,0,-6.070124
2026-08-12 14:13:18,723 - unity.py - INFO - [36mHandling UDP Data: 0003:-1.1011144,0,-6.070124[0m
2026-08-12 14:13:18,724 - unity.py - INFO - Got Host Player Object Position: -1.1011144,0,-6.070124
2026-08-12 14:13:18,734 - pyserver - INFO - Received from UDP: 0003:-1.0789055,0,-6.0409484
2026-08-12 14:13:18,734 - unity.py - INFO - [36mHandling UDP Data: 0003:-1.0789055,0,-6.0409484[0m
2026-08-12 14:13:18,734 - unity.py - INFO - Got Host Player Object Position: -1.0789055,0,-6.0409484
2026-08-12 14:13:18,755 - pyserver - INFO - Received from UDP: 0003:-1.0550171,0,-6.013037
2026-08-12 14:13:18,755 - unity.py - INFO - [36mHandling UDP Data: 0003:-1.0550171,0,-6.013037[0m
2026-08-12 14:13:18,755 - unity.py - INFO - Got Host Player Object Position: -1.0550171,0,-6.013037
2026-08-12 14:13:18,766 - pyserver - INFO - Received from UDP: 0003:-1.0295305,0,-5.9866767
2026-08-12 14:13:18,767 - unity.py - INFO - [36mHandling UDP Data: 0003:-1.0295305,0,-5.9866767[0m
2026-08-12 14:13:18,767 - unity.py - INFO - Got Host Player Object Position: -1.0295305,0,-5.9866767
2026-08-12 14:13:18,788 - pyserver - INFO - Received from UDP: 0003:-1.0025605,0,-5.9617305
2026-08-12 14:13:18,788 - unity.py - INFO - [36mHandling UDP Data: 0003:-1.0025605,0,-5.9617305[0m
2026-08-12 14:13:18,788 - unity.py - INFO - Got Host Player Object Position: -1.0025605,0,-5.9617305
2026-08-12 14:13:18,799 - pyserver - INFO - Received from UDP: 0003:-0.97583354,0,-5.9366283
2026-08-12 14:13:18,799 - unity.py - INFO - [36mHandling UDP Data: 0003:-0.97583354,0,-5.9366283[0m
2026-08-12 14:13:18,799 - unity.py - INFO - Got Host Player Object Position: -0.97583354,0,-5.9366283
2026-08-12 14:13:18,819 - pyserver - INFO - Received from UDP: 0003:-0.9493111,0,-5.9112062
2026-08-12 14:13:18,820 - unity.py - INFO - [36mHandling UDP Data: 0003:-0.9493111,0,-5.9112062[0m
2026-08-12 14:13:18,820 - unity.py - INFO - Got Host Player Object Position: -0.9493111,0,-5.9112062
2026-08-12 14:13:18,830 - pyserver - INFO - Received from UDP: 0003:-0.9232806,0,-5.8853827
2026-08-12 14:13:18,831 - unity.py - INFO - [36mHandling UDP Data: 0003:-0.9232806,0,-5.8853827[0m
2026-08-12 14:13:18,831 - unity.py - INFO - Got Host Player Object Position: -0.9232806,0,-5.8853827
2026-08-12 14:13:18,851 - pyserver - INFO - Received from UDP: 0003:-0.89712536,0,-5.859584
2026-08-12 14:13:18,852 - unity.py - INFO - [36mHandling UDP Data: 0003:-0.89712536,0,-5.859584[0m
2026-08-12 14:13:18,852 - unity.py - INFO - Got Host Player Object Position: -0.89712536,0,-5.859584
2026-08-12 14:13:18,872 - pyserver - INFO - Received from UDP: 0003:-0.8713977,0,-5.8334584
2026-08-12 14:13:18,873 - unity.py - INFO - [36mHandling UDP Data: 0003:-0.8713977,0,-5.8334584[0m
2026-08-12 14:13:18,873 - unity.py - INFO - Got Host Player Object Position: -0.8713977,0,-5.8334584
2026-08-12 14:13:18,883 - pyserver - INFO - Received from UDP: 0003:-0.8463522,0,-5.8071647
2026-08-12 14:13:18,884 - unity.py - INFO - [36mHandling UDP Data: 0003:-0.8463522,0,-5.8071647[0m
2026-08-12 14:13:18,884 - unity.py - INFO - Got Host Player Object Position: -0.8463522,0,-5.8071647
2026-08-12 14:13:18,904 - pyserver - INFO - Received from UDP: 0003:-0.8235756,0,-5.7823067
2026-08-12 14:13:18,905 - unity.py - INFO - [36mHandling UDP Data: 0003:-0.8235756,0,-5.7823067[0m
2026-08-12 14:13:18,905 - unity.py - INFO - Got Host Player Object Position: -0.8235756,0,-5.7823067
2026-08-12 14:13:18,915 - pyserver - INFO - Received from UDP: 0003:-0.802896,0,-5.7587357
2026-08-12 14:13:18,915 - unity.py - INFO - [36mHandling UDP Data: 0003:-0.802896,0,-5.7587357[0m
2026-08-12 14:13:18,915 - unity.py - INFO - Got Host Player Object Position: -0.802896,0,-5.7587357
2026-08-12 14:13:18,936 - pyserver - INFO - Received from UDP: 0003:-0.78451645,0,-5.73662
2026-08-12 14:13:18,936 - unity.py - INFO - [36mHandling UDP Data: 0003:-0.78451645,0,-5.73662[0m
2026-08-12 14:13:18,937 - unity.py - INFO - Got Host Player Object Position: -0.78451645,0,-5.73662
2026-08-12 14:13:18,947 - pyserver - INFO - Received from UDP: 0003:-0.76832587,0,-5.7158484
2026-08-12 14:13:18,947 - unity.py - INFO - [36mHandling UDP Data: 0003:-0.76832587,0,-5.7158484[0m
2026-08-12 14:13:18,947 - unity.py - INFO - Got Host Player Object Position: -0.76832587,0,-5.7158484
2026-08-12 14:13:18,968 - pyserver - INFO - Received from UDP: 0003:-0.7543663,0,-5.696489
2026-08-12 14:13:18,968 - unity.py - INFO - [36mHandling UDP Data: 0003:-0.7543663,0,-5.696489[0m
2026-08-12 14:13:18,968 - unity.py - INFO - Got Host Player Object Position: -0.7543663,0,-5.696489
2026-08-12 14:13:18,989 - pyserver - INFO - Received from UDP: 0003:-0.7425602,0,-5.6784515
2026-08-12 14:13:18,989 - unity.py - INFO - [36mHandling UDP Data: 0003:-0.7425602,0,-5.6784515[0m
2026-08-12 14:13:18,990 - unity.py - INFO - Got Host Player Object Position: -0.7425602,0,-5.6784515
2026-08-12 14:13:19,000 - pyserver - INFO - Received from UDP: 0003:-0.7329934,0,-5.661832
2026-08-12 14:13:19,000 - unity.py - INFO - [36mHandling UDP Data: 0003:-0.7329934,0,-5.661832[0m
2026-08-12 14:13:19,001 - unity.py - INFO - Got Host Player Object Position: -0.7329934,0,-5.661832
2026-08-12 14:13:19,021 - pyserver - INFO - Received from UDP: 0003:-0.7255717,0,-5.6465287
2026-08-12 14:13:19,021 - unity.py - INFO - [36mHandling UDP Data: 0003:-0.7255717,0,-5.6465287[0m
2026-08-12 14:13:19,022 - unity.py - INFO - Got Host Player Object Position: -0.7255717,0,-5.6465287
2026-08-12 14:13:19,032 - pyserver - INFO - Received from UDP: 0003:-0.72040987,0,-5.632656
2026-08-12 14:13:19,032 - unity.py - INFO - [36mHandling UDP Data: 0003:-0.72040987,0,-5.632656[0m
2026-08-12 14:13:19,033 - unity.py - INFO - Got Host Player Object Position: -0.72040987,0,-5.632656
2026-08-12 14:13:19,054 - pyserver - INFO - Received from UDP: 0003:-0.71748024,0,-5.6201544
2026-08-12 14:13:19,054 - unity.py - INFO - [36mHandling UDP Data: 0003:-0.71748024,0,-5.6201544[0m
2026-08-12 14:13:19,054 - unity.py - INFO - Got Host Player Object Position: -0.71748024,0,-5.6201544
2026-08-12 14:13:19,064 - pyserver - INFO - Received from UDP: 0003:-0.71496534,0,-5.609433
2026-08-12 14:13:19,065 - unity.py - INFO - [36mHandling UDP Data: 0003:-0.71496534,0,-5.609433[0m
2026-08-12 14:13:19,065 - unity.py - INFO - Got Host Player Object Position: -0.71496534,0,-5.609433
2026-08-12 14:13:19,106 - pyserver - INFO - Received from UDP: 0003:-0.71118194,0,-5.593303
2026-08-12 14:13:19,106 - unity.py - INFO - [36mHandling UDP Data: 0003:-0.71118194,0,-5.593303[0m
2026-08-12 14:13:19,106 - unity.py - INFO - Got Host Player Object Position: -0.71118194,0,-5.593303
2026-08-12 14:13:19,148 - pyserver - INFO - Received from UDP: 0003:-0.7086418,0,-5.5824738
2026-08-12 14:13:19,148 - unity.py - INFO - [36mHandling UDP Data: 0003:-0.7086418,0,-5.5824738[0m
2026-08-12 14:13:19,148 - unity.py - INFO - Got Host Player Object Position: -0.7086418,0,-5.5824738
2026-08-12 14:13:20,336 - pyserver - INFO - Received from UDP: 0003:-0.70312166,0,-5.5920157
2026-08-12 14:13:20,336 - unity.py - INFO - [36mHandling UDP Data: 0003:-0.70312166,0,-5.5920157[0m
2026-08-12 14:13:20,336 - unity.py - INFO - Got Host Player Object Position: -0.70312166,0,-5.5920157
2026-08-12 14:13:20,368 - pyserver - INFO - Received from UDP: 0003:-0.6948344,0,-5.6063414
2026-08-12 14:13:20,368 - unity.py - INFO - [36mHandling UDP Data: 0003:-0.6948344,0,-5.6063414[0m
2026-08-12 14:13:20,369 - unity.py - INFO - Got Host Player Object Position: -0.6948344,0,-5.6063414
2026-08-12 14:13:20,390 - pyserver - INFO - Received from UDP: 0003:-0.689299,0,-5.61591
2026-08-12 14:13:20,390 - unity.py - INFO - [36mHandling UDP Data: 0003:-0.689299,0,-5.61591[0m
2026-08-12 14:13:20,391 - unity.py - INFO - Got Host Player Object Position: -0.689299,0,-5.61591
2026-08-12 14:13:20,421 - pyserver - INFO - Received from UDP: 0003:-0.67455566,0,-5.6413956
2026-08-12 14:13:20,422 - unity.py - INFO - [36mHandling UDP Data: 0003:-0.67455566,0,-5.6413956[0m
2026-08-12 14:13:20,422 - unity.py - INFO - Got Host Player Object Position: -0.67455566,0,-5.6413956
2026-08-12 14:13:20,453 - pyserver - INFO - Received from UDP: 0003:-0.6560913,0,-5.673313
2026-08-12 14:13:20,454 - unity.py - INFO - [36mHandling UDP Data: 0003:-0.6560913,0,-5.673313[0m
2026-08-12 14:13:20,455 - unity.py - INFO - Got Host Player Object Position: -0.6560913,0,-5.673313
2026-08-12 14:13:20,465 - pyserver - INFO - Received from UDP: 0003:-0.64597636,0,-5.690798
2026-08-12 14:13:20,465 - unity.py - INFO - [36mHandling UDP Data: 0003:-0.64597636,0,-5.690798[0m
2026-08-12 14:13:20,465 - unity.py - INFO - Got Host Player Object Position: -0.64597636,0,-5.690798
2026-08-12 14:13:20,486 - pyserver - INFO - Received from UDP: 0003:-0.63492113,0,-5.709908
2026-08-12 14:13:20,486 - unity.py - INFO - [36mHandling UDP Data: 0003:-0.63492113,0,-5.709908[0m
2026-08-12 14:13:20,487 - unity.py - INFO - Got Host Player Object Position: -0.63492113,0,-5.709908
2026-08-12 14:13:20,508 - pyserver - INFO - Received from UDP: 0003:-0.622963,0,-5.730579
2026-08-12 14:13:20,508 - unity.py - INFO - [36mHandling UDP Data: 0003:-0.622963,0,-5.730579[0m
2026-08-12 14:13:20,508 - unity.py - INFO - Got Host Player Object Position: -0.622963,0,-5.730579
2026-08-12 14:13:20,519 - pyserver - INFO - Received from UDP: 0003:-0.6100855,0,-5.752839
2026-08-12 14:13:20,519 - unity.py - INFO - [36mHandling UDP Data: 0003:-0.6100855,0,-5.752839[0m
2026-08-12 14:13:20,519 - unity.py - INFO - Got Host Player Object Position: -0.6100855,0,-5.752839
2026-08-12 14:13:20,540 - pyserver - INFO - Received from UDP: 0003:-0.5962561,0,-5.776745
2026-08-12 14:13:20,541 - unity.py - INFO - [36mHandling UDP Data: 0003:-0.5962561,0,-5.776745[0m
2026-08-12 14:13:20,541 - unity.py - INFO - Got Host Player Object Position: -0.5962561,0,-5.776745
2026-08-12 14:13:20,551 - pyserver - INFO - Received from UDP: 0003:-0.5811817,0,-5.8020835
2026-08-12 14:13:20,551 - unity.py - INFO - [36mHandling UDP Data: 0003:-0.5811817,0,-5.8020835[0m
2026-08-12 14:13:20,551 - unity.py - INFO - Got Host Player Object Position: -0.5811817,0,-5.8020835
2026-08-12 14:13:20,572 - pyserver - INFO - Received from UDP: 0003:-0.564734,0,-5.8286633
2026-08-12 14:13:20,572 - unity.py - INFO - [36mHandling UDP Data: 0003:-0.564734,0,-5.8286633[0m
2026-08-12 14:13:20,572 - unity.py - INFO - Got Host Player Object Position: -0.564734,0,-5.8286633
2026-08-12 14:13:20,583 - pyserver - INFO - Received from UDP: 0003:-0.5485615,0,-5.853284
2026-08-12 14:13:20,583 - unity.py - INFO - [36mHandling UDP Data: 0003:-0.5485615,0,-5.853284[0m
2026-08-12 14:13:20,583 - unity.py - INFO - Got Host Player Object Position: -0.5485615,0,-5.853284
2026-08-12 14:13:20,604 - pyserver - INFO - Received from UDP: 0003:-0.5324434,0,-5.8757153
2026-08-12 14:13:20,604 - unity.py - INFO - [36mHandling UDP Data: 0003:-0.5324434,0,-5.8757153[0m
2026-08-12 14:13:20,604 - unity.py - INFO - Got Host Player Object Position: -0.5324434,0,-5.8757153
2026-08-12 14:13:20,625 - pyserver - INFO - Received from UDP: 0003:-0.5170554,0,-5.8965116
2026-08-12 14:13:20,625 - unity.py - INFO - [36mHandling UDP Data: 0003:-0.5170554,0,-5.8965116[0m
2026-08-12 14:13:20,625 - unity.py - INFO - Got Host Player Object Position: -0.5170554,0,-5.8965116
2026-08-12 14:13:20,636 - pyserver - INFO - Received from UDP: 0003:-0.50269234,0,-5.9156766
2026-08-12 14:13:20,636 - unity.py - INFO - [36mHandling UDP Data: 0003:-0.50269234,0,-5.9156766[0m
2026-08-12 14:13:20,636 - unity.py - INFO - Got Host Player Object Position: -0.50269234,0,-5.9156766
2026-08-12 14:13:20,657 - pyserver - INFO - Received from UDP: 0003:-0.4894308,0,-5.9333715
2026-08-12 14:13:20,657 - unity.py - INFO - [36mHandling UDP Data: 0003:-0.4894308,0,-5.9333715[0m
2026-08-12 14:13:20,657 - unity.py - INFO - Got Host Player Object Position: -0.4894308,0,-5.9333715
2026-08-12 14:13:20,668 - pyserver - INFO - Received from UDP: 0003:-0.47722873,0,-5.949565
2026-08-12 14:13:20,669 - unity.py - INFO - [36mHandling UDP Data: 0003:-0.47722873,0,-5.949565[0m
2026-08-12 14:13:20,670 - unity.py - INFO - Got Host Player Object Position: -0.47722873,0,-5.949565
2026-08-12 14:13:20,690 - pyserver - INFO - Received from UDP: 0003:-0.46600452,0,-5.964246
2026-08-12 14:13:20,690 - unity.py - INFO - [36mHandling UDP Data: 0003:-0.46600452,0,-5.964246[0m
2026-08-12 14:13:20,690 - unity.py - INFO - Got Host Player Object Position: -0.46600452,0,-5.964246
2026-08-12 14:13:20,701 - pyserver - INFO - Received from UDP: 0003:-0.45572042,0,-5.9772916
2026-08-12 14:13:20,701 - unity.py - INFO - [36mHandling UDP Data: 0003:-0.45572042,0,-5.9772916[0m
2026-08-12 14:13:20,701 - unity.py - INFO - Got Host Player Object Position: -0.45572042,0,-5.9772916
2026-08-12 14:13:20,721 - pyserver - INFO - Received from UDP: 0003:-0.44633287,0,-5.9887815
2026-08-12 14:13:20,721 - unity.py - INFO - [36mHandling UDP Data: 0003:-0.44633287,0,-5.9887815[0m
2026-08-12 14:13:20,721 - unity.py - INFO - Got Host Player Object Position: -0.44633287,0,-5.9887815
2026-08-12 14:13:20,732 - pyserver - INFO - Received from UDP: 0003:-0.4380233,0,-5.998702
2026-08-12 14:13:20,732 - unity.py - INFO - [36mHandling UDP Data: 0003:-0.4380233,0,-5.998702[0m
2026-08-12 14:13:20,732 - unity.py - INFO - Got Host Player Object Position: -0.4380233,0,-5.998702
2026-08-12 14:13:20,753 - pyserver - INFO - Received from UDP: 0003:-0.4308158,0,-6.0071564
2026-08-12 14:13:20,753 - unity.py - INFO - [36mHandling UDP Data: 0003:-0.4308158,0,-6.0071564[0m
2026-08-12 14:13:20,753 - unity.py - INFO - Got Host Player Object Position: -0.4308158,0,-6.0071564
2026-08-12 14:13:20,784 - pyserver - INFO - Received from UDP: 0003:-0.41987664,0,-6.0197177
2026-08-12 14:13:20,785 - unity.py - INFO - [36mHandling UDP Data: 0003:-0.41987664,0,-6.0197177[0m
2026-08-12 14:13:20,786 - unity.py - INFO - Got Host Player Object Position: -0.41987664,0,-6.0197177
2026-08-12 14:13:20,838 - pyserver - INFO - Received from UDP: 0003:-0.41206583,0,-6.0279703
2026-08-12 14:13:20,838 - unity.py - INFO - [36mHandling UDP Data: 0003:-0.41206583,0,-6.0279703[0m
2026-08-12 14:13:20,839 - unity.py - INFO - Got Host Player Object Position: -0.41206583,0,-6.0279703
2026-08-12 14:13:21,540 - pyserver - INFO - Received from UDP: 0003:-0.40212846,0,-6.032687
2026-08-12 14:13:21,540 - unity.py - INFO - [36mHandling UDP Data: 0003:-0.40212846,0,-6.032687[0m
2026-08-12 14:13:21,540 - unity.py - INFO - Got Host Player Object Position: -0.40212846,0,-6.032687
2026-08-12 14:13:21,572 - pyserver - INFO - Received from UDP: 0003:-0.38699618,0,-6.0393863
2026-08-12 14:13:21,572 - unity.py - INFO - [36mHandling UDP Data: 0003:-0.38699618,0,-6.0393863[0m
2026-08-12 14:13:21,572 - unity.py - INFO - Got Host Player Object Position: -0.38699618,0,-6.0393863
2026-08-12 14:13:21,583 - pyserver - INFO - Received from UDP: 0003:-0.37685874,0,-6.043794
2026-08-12 14:13:21,584 - unity.py - INFO - [36mHandling UDP Data: 0003:-0.37685874,0,-6.043794[0m
2026-08-12 14:13:21,584 - unity.py - INFO - Got Host Player Object Position: -0.37685874,0,-6.043794
2026-08-12 14:13:21,625 - pyserver - INFO - Received from UDP: 0003:-0.36337155,0,-6.049659
2026-08-12 14:13:21,625 - unity.py - INFO - [36mHandling UDP Data: 0003:-0.36337155,0,-6.049659[0m
2026-08-12 14:13:21,625 - unity.py - INFO - Got Host Player Object Position: -0.36337155,0,-6.049659
2026-08-12 14:13:21,667 - pyserver - INFO - Received from UDP: 0003:-0.3531464,0,-6.054105
2026-08-12 14:13:21,668 - unity.py - INFO - [36mHandling UDP Data: 0003:-0.3531464,0,-6.054105[0m
2026-08-12 14:13:21,668 - unity.py - INFO - Got Host Player Object Position: -0.3531464,0,-6.054105
2026-08-12 14:13:22,267 - pyserver - INFO - Received from UDP: 0003:-0.34062478,0,-6.057108
2026-08-12 14:13:22,267 - unity.py - INFO - [36mHandling UDP Data: 0003:-0.34062478,0,-6.057108[0m
2026-08-12 14:13:22,268 - unity.py - INFO - Got Host Player Object Position: -0.34062478,0,-6.057108
2026-08-12 14:13:22,309 - pyserver - INFO - Received from UDP: 0003:-0.32802537,0,-6.0601096
2026-08-12 14:13:22,309 - unity.py - INFO - [36mHandling UDP Data: 0003:-0.32802537,0,-6.0601096[0m
2026-08-12 14:13:22,309 - unity.py - INFO - Got Host Player Object Position: -0.32802537,0,-6.0601096
2026-08-12 14:13:22,567 - pyserver - INFO - Received from UDP: 0003:-0.31718835,0,-6.0626864
2026-08-12 14:13:22,568 - unity.py - INFO - [36mHandling UDP Data: 0003:-0.31718835,0,-6.0626864[0m
2026-08-12 14:13:22,568 - unity.py - INFO - Got Host Player Object Position: -0.31718835,0,-6.0626864
2026-08-12 14:13:22,754 - pyserver - INFO - Received from UDP: 0003:-0.30647734,0,-6.065174
2026-08-12 14:13:22,754 - unity.py - INFO - [36mHandling UDP Data: 0003:-0.30647734,0,-6.065174[0m
2026-08-12 14:13:22,754 - unity.py - INFO - Got Host Player Object Position: -0.30647734,0,-6.065174
2026-08-12 14:13:22,889 - pyserver - INFO - Received from UDP: 0003:-0.29575592,0,-6.067574
2026-08-12 14:13:22,889 - unity.py - INFO - [36mHandling UDP Data: 0003:-0.29575592,0,-6.067574[0m
2026-08-12 14:13:22,890 - unity.py - INFO - Got Host Player Object Position: -0.29575592,0,-6.067574
2026-08-12 14:13:23,159 - pyserver - INFO - Received from UDP: 0003:-0.28303668,0,-6.0695043
2026-08-12 14:13:23,159 - unity.py - INFO - [36mHandling UDP Data: 0003:-0.28303668,0,-6.0695043[0m
2026-08-12 14:13:23,159 - unity.py - INFO - Got Host Player Object Position: -0.28303668,0,-6.0695043
2026-08-12 14:13:23,490 - pyserver - INFO - Received from UDP: 0003:-0.2701385,0,-6.0707192
2026-08-12 14:13:23,491 - unity.py - INFO - [36mHandling UDP Data: 0003:-0.2701385,0,-6.0707192[0m
2026-08-12 14:13:23,491 - unity.py - INFO - Got Host Player Object Position: -0.2701385,0,-6.0707192
2026-08-12 14:13:23,542 - pyserver - INFO - Received from UDP: 0003:-0.25891185,0,-6.071662
2026-08-12 14:13:23,543 - unity.py - INFO - [36mHandling UDP Data: 0003:-0.25891185,0,-6.071662[0m
2026-08-12 14:13:23,543 - unity.py - INFO - Got Host Player Object Position: -0.25891185,0,-6.071662
2026-08-12 14:13:23,636 - pyserver - INFO - Received from UDP: 0003:-0.2480092,0,-6.072568
2026-08-12 14:13:23,636 - unity.py - INFO - [36mHandling UDP Data: 0003:-0.2480092,0,-6.072568[0m
2026-08-12 14:13:23,636 - unity.py - INFO - Got Host Player Object Position: -0.2480092,0,-6.072568
2026-08-12 14:13:23,677 - pyserver - INFO - Received from UDP: 0003:-0.2352361,0,-6.07363
2026-08-12 14:13:23,678 - unity.py - INFO - [36mHandling UDP Data: 0003:-0.2352361,0,-6.07363[0m
2026-08-12 14:13:23,678 - unity.py - INFO - Got Host Player Object Position: -0.2352361,0,-6.07363
2026-08-12 14:13:23,770 - pyserver - INFO - Received from UDP: 0003:-0.22418118,0,-6.0745482
2026-08-12 14:13:23,770 - unity.py - INFO - [36mHandling UDP Data: 0003:-0.22418118,0,-6.0745482[0m
2026-08-12 14:13:23,770 - unity.py - INFO - Got Host Player Object Position: -0.22418118,0,-6.0745482
2026-08-12 14:13:23,811 - pyserver - INFO - Received from UDP: 0003:-0.21125814,0,-6.075622
2026-08-12 14:13:23,812 - unity.py - INFO - [36mHandling UDP Data: 0003:-0.21125814,0,-6.075622[0m
2026-08-12 14:13:23,812 - unity.py - INFO - Got Host Player Object Position: -0.21125814,0,-6.075622
2026-08-12 14:13:23,843 - pyserver - INFO - Received from UDP: 0003:-0.1890624,0,-6.077467
2026-08-12 14:13:23,843 - unity.py - INFO - [36mHandling UDP Data: 0003:-0.1890624,0,-6.077467[0m
2026-08-12 14:13:23,843 - unity.py - INFO - Got Host Player Object Position: -0.1890624,0,-6.077467
2026-08-12 14:13:23,853 - pyserver - INFO - Received from UDP: 0003:-0.17623149,0,-6.078533
2026-08-12 14:13:23,854 - unity.py - INFO - [36mHandling UDP Data: 0003:-0.17623149,0,-6.078533[0m
2026-08-12 14:13:23,854 - unity.py - INFO - Got Host Player Object Position: -0.17623149,0,-6.078533
2026-08-12 14:13:23,874 - pyserver - INFO - Received from UDP: 0003:-0.16152464,0,-6.0797553
2026-08-12 14:13:23,874 - unity.py - INFO - [36mHandling UDP Data: 0003:-0.16152464,0,-6.0797553[0m
2026-08-12 14:13:23,875 - unity.py - INFO - Got Host Player Object Position: -0.16152464,0,-6.0797553
2026-08-12 14:13:23,885 - pyserver - INFO - Received from UDP: 0003:-0.14501582,0,-6.081127
2026-08-12 14:13:23,885 - unity.py - INFO - [36mHandling UDP Data: 0003:-0.14501582,0,-6.081127[0m
2026-08-12 14:13:23,885 - unity.py - INFO - Got Host Player Object Position: -0.14501582,0,-6.081127
2026-08-12 14:13:23,906 - pyserver - INFO - Received from UDP: 0003:-0.1266312,0,-6.082655
2026-08-12 14:13:23,906 - unity.py - INFO - [36mHandling UDP Data: 0003:-0.1266312,0,-6.082655[0m
2026-08-12 14:13:23,906 - unity.py - INFO - Got Host Player Object Position: -0.1266312,0,-6.082655
2026-08-12 14:13:23,927 - pyserver - INFO - Received from UDP: 0003:-0.10646319,0,-6.084331
2026-08-12 14:13:23,928 - unity.py - INFO - [36mHandling UDP Data: 0003:-0.10646319,0,-6.084331[0m
2026-08-12 14:13:23,928 - unity.py - INFO - Got Host Player Object Position: -0.10646319,0,-6.084331
2026-08-12 14:13:23,938 - pyserver - INFO - Received from UDP: 0003:-0.084470674,0,-6.0861588
2026-08-12 14:13:23,939 - unity.py - INFO - [36mHandling UDP Data: 0003:-0.084470674,0,-6.0861588[0m
2026-08-12 14:13:23,939 - unity.py - INFO - Got Host Player Object Position: -0.084470674,0,-6.0861588
2026-08-12 14:13:23,960 - pyserver - INFO - Received from UDP: 0003:-0.060647752,0,-6.0881386
2026-08-12 14:13:23,960 - unity.py - INFO - [36mHandling UDP Data: 0003:-0.060647752,0,-6.0881386[0m
2026-08-12 14:13:23,960 - unity.py - INFO - Got Host Player Object Position: -0.060647752,0,-6.0881386
2026-08-12 14:13:23,970 - pyserver - INFO - Received from UDP: 0003:-0.03495248,0,-6.090274
2026-08-12 14:13:23,971 - unity.py - INFO - [36mHandling UDP Data: 0003:-0.03495248,0,-6.090274[0m
2026-08-12 14:13:23,971 - unity.py - INFO - Got Host Player Object Position: -0.03495248,0,-6.090274
2026-08-12 14:13:23,991 - pyserver - INFO - Received from UDP: 0003:-0.0074524134,0,-6.0925593
2026-08-12 14:13:23,992 - unity.py - INFO - [36mHandling UDP Data: 0003:-0.0074524134,0,-6.0925593[0m
2026-08-12 14:13:23,992 - unity.py - INFO - Got Host Player Object Position: -0.0074524134,0,-6.0925593
2026-08-12 14:13:24,002 - pyserver - INFO - Received from UDP: 0003:0.02191405,0,-6.095
2026-08-12 14:13:24,002 - unity.py - INFO - [36mHandling UDP Data: 0003:0.02191405,0,-6.095[0m
2026-08-12 14:13:24,002 - unity.py - INFO - Got Host Player Object Position: 0.02191405,0,-6.095
2026-08-12 14:13:24,023 - pyserver - INFO - Received from UDP: 0003:0.053052485,0,-6.0975876
2026-08-12 14:13:24,023 - unity.py - INFO - [36mHandling UDP Data: 0003:0.053052485,0,-6.0975876[0m
2026-08-12 14:13:24,024 - unity.py - INFO - Got Host Player Object Position: 0.053052485,0,-6.0975876
2026-08-12 14:13:24,044 - pyserver - INFO - Received from UDP: 0003:0.08605154,0,-6.10033
2026-08-12 14:13:24,044 - unity.py - INFO - [36mHandling UDP Data: 0003:0.08605154,0,-6.10033[0m
2026-08-12 14:13:24,045 - unity.py - INFO - Got Host Player Object Position: 0.08605154,0,-6.10033
2026-08-12 14:13:24,055 - pyserver - INFO - Received from UDP: 0003:0.120858744,0,-6.103223
2026-08-12 14:13:24,056 - unity.py - INFO - [36mHandling UDP Data: 0003:0.120858744,0,-6.103223[0m
2026-08-12 14:13:24,056 - unity.py - INFO - Got Host Player Object Position: 0.120858744,0,-6.103223
2026-08-12 14:13:24,077 - pyserver - INFO - Received from UDP: 0003:0.15747066,0,-6.1062655
2026-08-12 14:13:24,077 - unity.py - INFO - [36mHandling UDP Data: 0003:0.15747066,0,-6.1062655[0m
2026-08-12 14:13:24,078 - unity.py - INFO - Got Host Player Object Position: 0.15747066,0,-6.1062655
2026-08-12 14:13:24,088 - pyserver - INFO - Received from UDP: 0003:0.19401133,0,-6.109302
2026-08-12 14:13:24,089 - unity.py - INFO - [36mHandling UDP Data: 0003:0.19401133,0,-6.109302[0m
2026-08-12 14:13:24,089 - unity.py - INFO - Got Host Player Object Position: 0.19401133,0,-6.109302
2026-08-12 14:13:24,110 - pyserver - INFO - Received from UDP: 0003:0.23062347,0,-6.1123447
2026-08-12 14:13:24,110 - unity.py - INFO - [36mHandling UDP Data: 0003:0.23062347,0,-6.1123447[0m
2026-08-12 14:13:24,110 - unity.py - INFO - Got Host Player Object Position: 0.23062347,0,-6.1123447
2026-08-12 14:13:24,120 - pyserver - INFO - Received from UDP: 0003:0.26716414,0,-6.1153812
2026-08-12 14:13:24,121 - unity.py - INFO - [36mHandling UDP Data: 0003:0.26716414,0,-6.1153812[0m
2026-08-12 14:13:24,121 - unity.py - INFO - Got Host Player Object Position: 0.26716414,0,-6.1153812
2026-08-12 14:13:24,141 - pyserver - INFO - Received from UDP: 0003:0.30377692,0,-6.118424
2026-08-12 14:13:24,142 - unity.py - INFO - [36mHandling UDP Data: 0003:0.30377692,0,-6.118424[0m
2026-08-12 14:13:24,142 - unity.py - INFO - Got Host Player Object Position: 0.30377692,0,-6.118424
2026-08-12 14:13:24,153 - pyserver - INFO - Received from UDP: 0003:0.34032285,0,-6.121397
2026-08-12 14:13:24,153 - unity.py - INFO - [36mHandling UDP Data: 0003:0.34032285,0,-6.121397[0m
2026-08-12 14:13:24,153 - unity.py - INFO - Got Host Player Object Position: 0.34032285,0,-6.121397
2026-08-12 14:13:24,174 - pyserver - INFO - Received from UDP: 0003:0.37694538,0,-6.124312
2026-08-12 14:13:24,174 - unity.py - INFO - [36mHandling UDP Data: 0003:0.37694538,0,-6.124312[0m
2026-08-12 14:13:24,174 - unity.py - INFO - Got Host Player Object Position: 0.37694538,0,-6.124312
2026-08-12 14:13:24,195 - pyserver - INFO - Received from UDP: 0003:0.41350392,0,-6.1271253
2026-08-12 14:13:24,196 - unity.py - INFO - [36mHandling UDP Data: 0003:0.41350392,0,-6.1271253[0m
2026-08-12 14:13:24,196 - unity.py - INFO - Got Host Player Object Position: 0.41350392,0,-6.1271253
2026-08-12 14:13:24,206 - pyserver - INFO - Received from UDP: 0003:0.45014378,0,-6.129816
2026-08-12 14:13:24,206 - unity.py - INFO - [36mHandling UDP Data: 0003:0.45014378,0,-6.129816[0m
2026-08-12 14:13:24,207 - unity.py - INFO - Got Host Player Object Position: 0.45014378,0,-6.129816
2026-08-12 14:13:24,228 - pyserver - INFO - Received from UDP: 0003:0.4867233,0,-6.1323423
2026-08-12 14:13:24,228 - unity.py - INFO - [36mHandling UDP Data: 0003:0.4867233,0,-6.1323423[0m
2026-08-12 14:13:24,228 - unity.py - INFO - Got Host Player Object Position: 0.4867233,0,-6.1323423
2026-08-12 14:13:24,238 - pyserver - INFO - Received from UDP: 0003:0.52338403,0,-6.1347456
2026-08-12 14:13:24,239 - unity.py - INFO - [36mHandling UDP Data: 0003:0.52338403,0,-6.1347456[0m
2026-08-12 14:13:24,239 - unity.py - INFO - Got Host Player Object Position: 0.52338403,0,-6.1347456
2026-08-12 14:13:24,260 - pyserver - INFO - Received from UDP: 0003:0.55998033,0,-6.137017
2026-08-12 14:13:24,260 - unity.py - INFO - [36mHandling UDP Data: 0003:0.55998033,0,-6.137017[0m
2026-08-12 14:13:24,260 - unity.py - INFO - Got Host Player Object Position: 0.55998033,0,-6.137017
2026-08-12 14:13:24,271 - pyserver - INFO - Received from UDP: 0003:0.59665203,0,-6.139228
2026-08-12 14:13:24,271 - unity.py - INFO - [36mHandling UDP Data: 0003:0.59665203,0,-6.139228[0m
2026-08-12 14:13:24,271 - unity.py - INFO - Got Host Player Object Position: 0.59665203,0,-6.139228
2026-08-12 14:13:24,292 - pyserver - INFO - Received from UDP: 0003:0.63329303,0,-6.141373
2026-08-12 14:13:24,292 - unity.py - INFO - [36mHandling UDP Data: 0003:0.63329303,0,-6.141373[0m
2026-08-12 14:13:24,292 - unity.py - INFO - Got Host Player Object Position: 0.63329303,0,-6.141373
2026-08-12 14:13:24,303 - pyserver - INFO - Received from UDP: 0003:0.66990066,0,-6.143452
2026-08-12 14:13:24,303 - unity.py - INFO - [36mHandling UDP Data: 0003:0.66990066,0,-6.143452[0m
2026-08-12 14:13:24,304 - unity.py - INFO - Got Host Player Object Position: 0.66990066,0,-6.143452
2026-08-12 14:13:24,324 - pyserver - INFO - Received from UDP: 0003:0.7065826,0,-6.1455035
2026-08-12 14:13:24,324 - unity.py - INFO - [36mHandling UDP Data: 0003:0.7065826,0,-6.1455035[0m
2026-08-12 14:13:24,324 - unity.py - INFO - Got Host Player Object Position: 0.7065826,0,-6.1455035
2026-08-12 14:13:24,345 - pyserver - INFO - Received from UDP: 0003:0.7431938,0,-6.1475186
2026-08-12 14:13:24,345 - unity.py - INFO - [36mHandling UDP Data: 0003:0.7431938,0,-6.1475186[0m
2026-08-12 14:13:24,345 - unity.py - INFO - Got Host Player Object Position: 0.7431938,0,-6.1475186
2026-08-12 14:13:24,356 - pyserver - INFO - Received from UDP: 0003:0.77987987,0,-6.149506
2026-08-12 14:13:24,356 - unity.py - INFO - [36mHandling UDP Data: 0003:0.77987987,0,-6.149506[0m
2026-08-12 14:13:24,356 - unity.py - INFO - Got Host Player Object Position: 0.77987987,0,-6.149506
2026-08-12 14:13:24,377 - pyserver - INFO - Received from UDP: 0003:0.8164946,0,-6.1514573
2026-08-12 14:13:24,377 - unity.py - INFO - [36mHandling UDP Data: 0003:0.8164946,0,-6.1514573[0m
2026-08-12 14:13:24,377 - unity.py - INFO - Got Host Player Object Position: 0.8164946,0,-6.1514573
2026-08-12 14:13:24,388 - pyserver - INFO - Received from UDP: 0003:0.8531853,0,-6.1533484
2026-08-12 14:13:24,388 - unity.py - INFO - [36mHandling UDP Data: 0003:0.8531853,0,-6.1533484[0m
2026-08-12 14:13:24,388 - unity.py - INFO - Got Host Player Object Position: 0.8531853,0,-6.1533484
2026-08-12 14:13:24,409 - pyserver - INFO - Received from UDP: 0003:0.88980657,0,-6.155172
2026-08-12 14:13:24,409 - unity.py - INFO - [36mHandling UDP Data: 0003:0.88980657,0,-6.155172[0m
2026-08-12 14:13:24,410 - unity.py - INFO - Got Host Player Object Position: 0.88980657,0,-6.155172
2026-08-12 14:13:24,420 - pyserver - INFO - Received from UDP: 0003:0.92650455,0,-6.156903
2026-08-12 14:13:24,420 - unity.py - INFO - [36mHandling UDP Data: 0003:0.92650455,0,-6.156903[0m
2026-08-12 14:13:24,421 - unity.py - INFO - Got Host Player Object Position: 0.92650455,0,-6.156903
2026-08-12 14:13:24,441 - pyserver - INFO - Received from UDP: 0003:0.9613731,0,-6.158487
2026-08-12 14:13:24,442 - unity.py - INFO - [36mHandling UDP Data: 0003:0.9613731,0,-6.158487[0m
2026-08-12 14:13:24,442 - unity.py - INFO - Got Host Player Object Position: 0.9613731,0,-6.158487
2026-08-12 14:13:24,452 - pyserver - INFO - Received from UDP: 0003:0.9944468,0,-6.1598735
2026-08-12 14:13:24,452 - unity.py - INFO - [36mHandling UDP Data: 0003:0.9944468,0,-6.1598735[0m
2026-08-12 14:13:24,453 - unity.py - INFO - Got Host Player Object Position: 0.9944468,0,-6.1598735
2026-08-12 14:13:24,473 - pyserver - INFO - Received from UDP: 0003:1.0256389,0,-6.161099
2026-08-12 14:13:24,474 - unity.py - INFO - [36mHandling UDP Data: 0003:1.0256389,0,-6.161099[0m
2026-08-12 14:13:24,474 - unity.py - INFO - Got Host Player Object Position: 1.0256389,0,-6.161099
2026-08-12 14:13:24,494 - pyserver - INFO - Received from UDP: 0003:1.0550601,0,-6.162204
2026-08-12 14:13:24,495 - unity.py - INFO - [36mHandling UDP Data: 0003:1.0550601,0,-6.162204[0m
2026-08-12 14:13:24,495 - unity.py - INFO - Got Host Player Object Position: 1.0550601,0,-6.162204
2026-08-12 14:13:24,505 - pyserver - INFO - Received from UDP: 0003:1.0826004,0,-6.163238
2026-08-12 14:13:24,506 - unity.py - INFO - [36mHandling UDP Data: 0003:1.0826004,0,-6.163238[0m
2026-08-12 14:13:24,506 - unity.py - INFO - Got Host Player Object Position: 1.0826004,0,-6.163238
2026-08-12 14:13:24,527 - pyserver - INFO - Received from UDP: 0003:1.1083323,0,-6.1642046
2026-08-12 14:13:24,527 - unity.py - INFO - [36mHandling UDP Data: 0003:1.1083323,0,-6.1642046[0m
2026-08-12 14:13:24,527 - unity.py - INFO - Got Host Player Object Position: 1.1083323,0,-6.1642046
2026-08-12 14:13:24,537 - pyserver - INFO - Received from UDP: 0003:1.1322325,0,-6.165102
2026-08-12 14:13:24,538 - unity.py - INFO - [36mHandling UDP Data: 0003:1.1322325,0,-6.165102[0m
2026-08-12 14:13:24,538 - unity.py - INFO - Got Host Player Object Position: 1.1322325,0,-6.165102
2026-08-12 14:13:24,558 - pyserver - INFO - Received from UDP: 0003:1.1543032,0,-6.1659307
2026-08-12 14:13:24,559 - unity.py - INFO - [36mHandling UDP Data: 0003:1.1543032,0,-6.1659307[0m
2026-08-12 14:13:24,559 - unity.py - INFO - Got Host Player Object Position: 1.1543032,0,-6.1659307
2026-08-12 14:13:24,569 - pyserver - INFO - Received from UDP: 0003:1.1744977,0,-6.1666894
2026-08-12 14:13:24,570 - unity.py - INFO - [36mHandling UDP Data: 0003:1.1744977,0,-6.1666894[0m
2026-08-12 14:13:24,570 - unity.py - INFO - Got Host Player Object Position: 1.1744977,0,-6.1666894
2026-08-12 14:13:24,591 - pyserver - INFO - Received from UDP: 0003:1.1928897,0,-6.16738
2026-08-12 14:13:24,591 - unity.py - INFO - [36mHandling UDP Data: 0003:1.1928897,0,-6.16738[0m
2026-08-12 14:13:24,591 - unity.py - INFO - Got Host Player Object Position: 1.1928897,0,-6.16738
2026-08-12 14:13:24,612 - pyserver - INFO - Received from UDP: 0003:1.2094045,0,-6.168
2026-08-12 14:13:24,612 - unity.py - INFO - [36mHandling UDP Data: 0003:1.2094045,0,-6.168[0m
2026-08-12 14:13:24,612 - unity.py - INFO - Got Host Player Object Position: 1.2094045,0,-6.168
2026-08-12 14:13:24,623 - pyserver - INFO - Received from UDP: 0003:1.2241307,0,-6.1685534
2026-08-12 14:13:24,623 - unity.py - INFO - [36mHandling UDP Data: 0003:1.2241307,0,-6.1685534[0m
2026-08-12 14:13:24,623 - unity.py - INFO - Got Host Player Object Position: 1.2241307,0,-6.1685534
2026-08-12 14:13:24,644 - pyserver - INFO - Received from UDP: 0003:1.2370332,0,-6.169038
2026-08-12 14:13:24,644 - unity.py - INFO - [36mHandling UDP Data: 0003:1.2370332,0,-6.169038[0m
2026-08-12 14:13:24,644 - unity.py - INFO - Got Host Player Object Position: 1.2370332,0,-6.169038
2026-08-12 14:13:24,654 - pyserver - INFO - Received from UDP: 0003:1.2480931,0,-6.169453
2026-08-12 14:13:24,655 - unity.py - INFO - [36mHandling UDP Data: 0003:1.2480931,0,-6.169453[0m
2026-08-12 14:13:24,655 - unity.py - INFO - Got Host Player Object Position: 1.2480931,0,-6.169453
2026-08-12 14:13:24,687 - pyserver - INFO - Received from UDP: 0003:1.2646548,0,-6.170075
2026-08-12 14:13:24,687 - unity.py - INFO - [36mHandling UDP Data: 0003:1.2646548,0,-6.170075[0m
2026-08-12 14:13:24,687 - unity.py - INFO - Got Host Player Object Position: 1.2646548,0,-6.170075
2026-08-12 14:13:24,739 - pyserver - INFO - Received from UDP: 0003:1.2758096,0,-6.170494
2026-08-12 14:13:24,740 - unity.py - INFO - [36mHandling UDP Data: 0003:1.2758096,0,-6.170494[0m
2026-08-12 14:13:24,740 - unity.py - INFO - Got Host Player Object Position: 1.2758096,0,-6.170494
2026-08-12 14:13:25,255 - pyserver - INFO - Received from UDP: 0003:1.2647774,0,-6.1700797
2026-08-12 14:13:25,255 - unity.py - INFO - [36mHandling UDP Data: 0003:1.2647774,0,-6.1700797[0m
2026-08-12 14:13:25,255 - unity.py - INFO - Got Host Player Object Position: 1.2647774,0,-6.1700797
2026-08-12 14:13:25,286 - pyserver - INFO - Received from UDP: 0003:1.2482386,0,-6.1694584
2026-08-12 14:13:25,286 - unity.py - INFO - [36mHandling UDP Data: 0003:1.2482386,0,-6.1694584[0m
2026-08-12 14:13:25,287 - unity.py - INFO - Got Host Player Object Position: 1.2482386,0,-6.1694584
2026-08-12 14:13:25,307 - pyserver - INFO - Received from UDP: 0003:1.2371973,0,-6.169044
2026-08-12 14:13:25,308 - unity.py - INFO - [36mHandling UDP Data: 0003:1.2371973,0,-6.169044[0m
2026-08-12 14:13:25,308 - unity.py - INFO - Got Host Player Object Position: 1.2371973,0,-6.169044
2026-08-12 14:13:25,329 - pyserver - INFO - Received from UDP: 0003:1.2243435,0,-6.168561
2026-08-12 14:13:25,329 - unity.py - INFO - [36mHandling UDP Data: 0003:1.2243435,0,-6.168561[0m
2026-08-12 14:13:25,329 - unity.py - INFO - Got Host Player Object Position: 1.2243435,0,-6.168561
2026-08-12 14:13:25,340 - pyserver - INFO - Received from UDP: 0003:1.2096285,0,-6.168009
2026-08-12 14:13:25,340 - unity.py - INFO - [36mHandling UDP Data: 0003:1.2096285,0,-6.168009[0m
2026-08-12 14:13:25,340 - unity.py - INFO - Got Host Player Object Position: 1.2096285,0,-6.168009
2026-08-12 14:13:25,361 - pyserver - INFO - Received from UDP: 0003:1.1931493,0,-6.16739
2026-08-12 14:13:25,361 - unity.py - INFO - [36mHandling UDP Data: 0003:1.1931493,0,-6.16739[0m
2026-08-12 14:13:25,361 - unity.py - INFO - Got Host Player Object Position: 1.1931493,0,-6.16739
2026-08-12 14:13:25,372 - pyserver - INFO - Received from UDP: 0003:1.1747693,0,-6.1666994
2026-08-12 14:13:25,372 - unity.py - INFO - [36mHandling UDP Data: 0003:1.1747693,0,-6.1666994[0m
2026-08-12 14:13:25,372 - unity.py - INFO - Got Host Player Object Position: 1.1747693,0,-6.1666994
2026-08-12 14:13:25,392 - pyserver - INFO - Received from UDP: 0003:1.1545907,0,-6.1659417
2026-08-12 14:13:25,393 - unity.py - INFO - [36mHandling UDP Data: 0003:1.1545907,0,-6.1659417[0m
2026-08-12 14:13:25,393 - unity.py - INFO - Got Host Player Object Position: 1.1545907,0,-6.1659417
2026-08-12 14:13:25,403 - pyserver - INFO - Received from UDP: 0003:1.1325308,0,-6.1651134
2026-08-12 14:13:25,403 - unity.py - INFO - [36mHandling UDP Data: 0003:1.1325308,0,-6.1651134[0m
2026-08-12 14:13:25,403 - unity.py - INFO - Got Host Player Object Position: 1.1325308,0,-6.1651134
2026-08-12 14:13:25,424 - pyserver - INFO - Received from UDP: 0003:1.1086733,0,-6.1642175
2026-08-12 14:13:25,424 - unity.py - INFO - [36mHandling UDP Data: 0003:1.1086733,0,-6.1642175[0m
2026-08-12 14:13:25,425 - unity.py - INFO - Got Host Player Object Position: 1.1086733,0,-6.1642175
2026-08-12 14:13:25,446 - pyserver - INFO - Received from UDP: 0003:1.0866129,0,-6.1633887
2026-08-12 14:13:25,446 - unity.py - INFO - [36mHandling UDP Data: 0003:1.0866129,0,-6.1633887[0m
2026-08-12 14:13:25,446 - unity.py - INFO - Got Host Player Object Position: 1.0866129,0,-6.1633887
2026-08-12 14:13:25,457 - pyserver - INFO - Received from UDP: 0003:1.0663782,0,-6.162629
2026-08-12 14:13:25,457 - unity.py - INFO - [36mHandling UDP Data: 0003:1.0663782,0,-6.162629[0m
2026-08-12 14:13:25,457 - unity.py - INFO - Got Host Player Object Position: 1.0663782,0,-6.162629
2026-08-12 14:13:25,478 - pyserver - INFO - Received from UDP: 0003:1.0479748,0,-6.1619377
2026-08-12 14:13:25,478 - unity.py - INFO - [36mHandling UDP Data: 0003:1.0479748,0,-6.1619377[0m
2026-08-12 14:13:25,478 - unity.py - INFO - Got Host Player Object Position: 1.0479748,0,-6.1619377
2026-08-12 14:13:25,489 - pyserver - INFO - Received from UDP: 0003:1.0314466,0,-6.1613173
2026-08-12 14:13:25,489 - unity.py - INFO - [36mHandling UDP Data: 0003:1.0314466,0,-6.1613173[0m
2026-08-12 14:13:25,489 - unity.py - INFO - Got Host Player Object Position: 1.0314466,0,-6.1613173
2026-08-12 14:13:25,511 - pyserver - INFO - Received from UDP: 0003:1.0167162,0,-6.160764
2026-08-12 14:13:25,511 - unity.py - INFO - [36mHandling UDP Data: 0003:1.0167162,0,-6.160764[0m
2026-08-12 14:13:25,511 - unity.py - INFO - Got Host Player Object Position: 1.0167162,0,-6.160764
2026-08-12 14:13:25,521 - pyserver - INFO - Received from UDP: 0003:1.0038512,0,-6.1602807
2026-08-12 14:13:25,522 - unity.py - INFO - [36mHandling UDP Data: 0003:1.0038512,0,-6.1602807[0m
2026-08-12 14:13:25,522 - unity.py - INFO - Got Host Player Object Position: 1.0038512,0,-6.1602807
2026-08-12 14:13:25,542 - pyserver - INFO - Received from UDP: 0003:0.99280596,0,-6.1598663
2026-08-12 14:13:25,542 - unity.py - INFO - [36mHandling UDP Data: 0003:0.99280596,0,-6.1598663[0m
2026-08-12 14:13:25,543 - unity.py - INFO - Got Host Player Object Position: 0.99280596,0,-6.1598663
2026-08-12 14:13:25,574 - pyserver - INFO - Received from UDP: 0003:0.9762228,0,-6.1592436
2026-08-12 14:13:25,574 - unity.py - INFO - [36mHandling UDP Data: 0003:0.9762228,0,-6.1592436[0m
2026-08-12 14:13:25,574 - unity.py - INFO - Got Host Player Object Position: 0.9762228,0,-6.1592436
2026-08-12 14:13:25,626 - pyserver - INFO - Received from UDP: 0003:0.96514696,0,-6.1588273
2026-08-12 14:13:25,627 - unity.py - INFO - [36mHandling UDP Data: 0003:0.96514696,0,-6.1588273[0m
2026-08-12 14:13:25,627 - unity.py - INFO - Got Host Player Object Position: 0.96514696,0,-6.1588273
2026-08-12 14:13:26,039 - pyserver - INFO - Received from UDP: 0003:0.9761835,0,-6.159242
2026-08-12 14:13:26,039 - unity.py - INFO - [36mHandling UDP Data: 0003:0.9761835,0,-6.159242[0m
2026-08-12 14:13:26,039 - unity.py - INFO - Got Host Player Object Position: 0.9761835,0,-6.159242
2026-08-12 14:13:26,071 - pyserver - INFO - Received from UDP: 0003:0.992696,0,-6.159862
2026-08-12 14:13:26,071 - unity.py - INFO - [36mHandling UDP Data: 0003:0.992696,0,-6.159862[0m
2026-08-12 14:13:26,071 - unity.py - INFO - Got Host Player Object Position: 0.992696,0,-6.159862
2026-08-12 14:13:26,092 - pyserver - INFO - Received from UDP: 0003:1.0037032,0,-6.1602755
2026-08-12 14:13:26,093 - unity.py - INFO - [36mHandling UDP Data: 0003:1.0037032,0,-6.1602755[0m
2026-08-12 14:13:26,093 - unity.py - INFO - Got Host Player Object Position: 1.0037032,0,-6.1602755
2026-08-12 14:13:26,114 - pyserver - INFO - Received from UDP: 0003:1.0165826,0,-6.160759
2026-08-12 14:13:26,114 - unity.py - INFO - [36mHandling UDP Data: 0003:1.0165826,0,-6.160759[0m
2026-08-12 14:13:26,114 - unity.py - INFO - Got Host Player Object Position: 1.0165826,0,-6.160759
2026-08-12 14:13:26,125 - pyserver - INFO - Received from UDP: 0003:1.0275872,0,-6.1611724
2026-08-12 14:13:26,125 - unity.py - INFO - [36mHandling UDP Data: 0003:1.0275872,0,-6.1611724[0m
2026-08-12 14:13:26,125 - unity.py - INFO - Got Host Player Object Position: 1.0275872,0,-6.1611724
2026-08-12 14:13:26,156 - pyserver - INFO - Received from UDP: 0003:1.0441563,0,-6.1617947
2026-08-12 14:13:26,156 - unity.py - INFO - [36mHandling UDP Data: 0003:1.0441563,0,-6.1617947[0m
2026-08-12 14:13:26,156 - unity.py - INFO - Got Host Player Object Position: 1.0441563,0,-6.1617947
2026-08-12 14:13:26,208 - pyserver - INFO - Received from UDP: 0003:1.0552672,0,-6.162212
2026-08-12 14:13:26,208 - unity.py - INFO - [36mHandling UDP Data: 0003:1.0552672,0,-6.162212[0m
2026-08-12 14:13:26,208 - unity.py - INFO - Got Host Player Object Position: 1.0552672,0,-6.162212
2026-08-12 14:13:26,611 - pyserver - INFO - Received from UDP: 0003:1.0441335,0,-6.1617937
2026-08-12 14:13:26,611 - unity.py - INFO - [36mHandling UDP Data: 0003:1.0441335,0,-6.1617937[0m
2026-08-12 14:13:26,611 - unity.py - INFO - Got Host Player Object Position: 1.0441335,0,-6.1617937
2026-08-12 14:13:26,642 - pyserver - INFO - Received from UDP: 0003:1.0275302,0,-6.16117
2026-08-12 14:13:26,643 - unity.py - INFO - [36mHandling UDP Data: 0003:1.0275302,0,-6.16117[0m
2026-08-12 14:13:26,643 - unity.py - INFO - Got Host Player Object Position: 1.0275302,0,-6.16117
2026-08-12 14:13:26,664 - pyserver - INFO - Received from UDP: 0003:1.0165193,0,-6.1607566
2026-08-12 14:13:26,664 - unity.py - INFO - [36mHandling UDP Data: 0003:1.0165193,0,-6.1607566[0m
2026-08-12 14:13:26,664 - unity.py - INFO - Got Host Player Object Position: 1.0165193,0,-6.1607566
2026-08-12 14:13:26,675 - pyserver - INFO - Received from UDP: 0003:1.0036114,0,-6.160272
2026-08-12 14:13:26,675 - unity.py - INFO - [36mHandling UDP Data: 0003:1.0036114,0,-6.160272[0m
2026-08-12 14:13:26,675 - unity.py - INFO - Got Host Player Object Position: 1.0036114,0,-6.160272
2026-08-12 14:13:26,696 - pyserver - INFO - Received from UDP: 0003:0.9925823,0,-6.1598577
2026-08-12 14:13:26,697 - unity.py - INFO - [36mHandling UDP Data: 0003:0.9925823,0,-6.1598577[0m
2026-08-12 14:13:26,697 - unity.py - INFO - Got Host Player Object Position: 0.9925823,0,-6.1598577
2026-08-12 14:13:26,728 - pyserver - INFO - Received from UDP: 0003:0.9759747,0,-6.159234
2026-08-12 14:13:26,728 - unity.py - INFO - [36mHandling UDP Data: 0003:0.9759747,0,-6.159234[0m
2026-08-12 14:13:26,728 - unity.py - INFO - Got Host Player Object Position: 0.9759747,0,-6.159234
2026-08-12 14:13:26,780 - pyserver - INFO - Received from UDP: 0003:0.9647964,0,-6.1588144
2026-08-12 14:13:26,780 - unity.py - INFO - [36mHandling UDP Data: 0003:0.9647964,0,-6.1588144[0m
2026-08-12 14:13:26,780 - unity.py - INFO - Got Host Player Object Position: 0.9647964,0,-6.1588144
2026-08-12 14:13:27,088 - pyserver - INFO - Received from UDP: 0003:0.96520936,0,-6.147819
2026-08-12 14:13:27,089 - unity.py - INFO - [36mHandling UDP Data: 0003:0.96520936,0,-6.147819[0m
2026-08-12 14:13:27,089 - unity.py - INFO - Got Host Player Object Position: 0.96520936,0,-6.147819
2026-08-12 14:13:27,121 - pyserver - INFO - Received from UDP: 0003:0.9658298,0,-6.1312976
2026-08-12 14:13:27,121 - unity.py - INFO - [36mHandling UDP Data: 0003:0.9658298,0,-6.1312976[0m
2026-08-12 14:13:27,121 - unity.py - INFO - Got Host Player Object Position: 0.9658298,0,-6.1312976
2026-08-12 14:13:27,142 - pyserver - INFO - Received from UDP: 0003:0.96624315,0,-6.1202903
2026-08-12 14:13:27,142 - unity.py - INFO - [36mHandling UDP Data: 0003:0.96624315,0,-6.1202903[0m
2026-08-12 14:13:27,142 - unity.py - INFO - Got Host Player Object Position: 0.96624315,0,-6.1202903
2026-08-12 14:13:27,163 - pyserver - INFO - Received from UDP: 0003:0.9667251,0,-6.1074567
2026-08-12 14:13:27,163 - unity.py - INFO - [36mHandling UDP Data: 0003:0.9667251,0,-6.1074567[0m
2026-08-12 14:13:27,163 - unity.py - INFO - Got Host Player Object Position: 0.9667251,0,-6.1074567
2026-08-12 14:13:27,174 - pyserver - INFO - Received from UDP: 0003:0.9672766,0,-6.092772
2026-08-12 14:13:27,174 - unity.py - INFO - [36mHandling UDP Data: 0003:0.9672766,0,-6.092772[0m
2026-08-12 14:13:27,174 - unity.py - INFO - Got Host Player Object Position: 0.9672766,0,-6.092772
2026-08-12 14:13:27,195 - pyserver - INFO - Received from UDP: 0003:0.96789867,0,-6.0762053
2026-08-12 14:13:27,195 - unity.py - INFO - [36mHandling UDP Data: 0003:0.96789867,0,-6.0762053[0m
2026-08-12 14:13:27,195 - unity.py - INFO - Got Host Player Object Position: 0.96789867,0,-6.0762053
2026-08-12 14:13:27,206 - pyserver - INFO - Received from UDP: 0003:0.9685888,0,-6.0578275
2026-08-12 14:13:27,206 - unity.py - INFO - [36mHandling UDP Data: 0003:0.9685888,0,-6.0578275[0m
2026-08-12 14:13:27,206 - unity.py - INFO - Got Host Player Object Position: 0.9685888,0,-6.0578275
2026-08-12 14:13:27,227 - pyserver - INFO - Received from UDP: 0003:0.96934736,0,-6.0376287
2026-08-12 14:13:27,227 - unity.py - INFO - [36mHandling UDP Data: 0003:0.96934736,0,-6.0376287[0m
2026-08-12 14:13:27,228 - unity.py - INFO - Got Host Player Object Position: 0.96934736,0,-6.0376287
2026-08-12 14:13:27,248 - pyserver - INFO - Received from UDP: 0003:0.9700354,0,-6.019308
2026-08-12 14:13:27,248 - unity.py - INFO - [36mHandling UDP Data: 0003:0.9700354,0,-6.019308[0m
2026-08-12 14:13:27,248 - unity.py - INFO - Got Host Player Object Position: 0.9700354,0,-6.019308
2026-08-12 14:13:27,259 - pyserver - INFO - Received from UDP: 0003:0.970658,0,-6.0027275
2026-08-12 14:13:27,259 - unity.py - INFO - [36mHandling UDP Data: 0003:0.970658,0,-6.0027275[0m
2026-08-12 14:13:27,259 - unity.py - INFO - Got Host Player Object Position: 0.970658,0,-6.0027275
2026-08-12 14:13:27,280 - pyserver - INFO - Received from UDP: 0003:0.9712113,0,-5.9879937
2026-08-12 14:13:27,280 - unity.py - INFO - [36mHandling UDP Data: 0003:0.9712113,0,-5.9879937[0m
2026-08-12 14:13:27,280 - unity.py - INFO - Got Host Player Object Position: 0.9712113,0,-5.9879937
2026-08-12 14:13:27,291 - pyserver - INFO - Received from UDP: 0003:0.971695,0,-5.975114
2026-08-12 14:13:27,292 - unity.py - INFO - [36mHandling UDP Data: 0003:0.971695,0,-5.975114[0m
2026-08-12 14:13:27,292 - unity.py - INFO - Got Host Player Object Position: 0.971695,0,-5.975114
2026-08-12 14:13:27,313 - pyserver - INFO - Received from UDP: 0003:0.97211057,0,-5.9640484
2026-08-12 14:13:27,313 - unity.py - INFO - [36mHandling UDP Data: 0003:0.97211057,0,-5.9640484[0m
2026-08-12 14:13:27,313 - unity.py - INFO - Got Host Player Object Position: 0.97211057,0,-5.9640484
2026-08-12 14:13:27,344 - pyserver - INFO - Received from UDP: 0003:0.97273374,0,-5.9474545
2026-08-12 14:13:27,344 - unity.py - INFO - [36mHandling UDP Data: 0003:0.97273374,0,-5.9474545[0m
2026-08-12 14:13:27,345 - unity.py - INFO - Got Host Player Object Position: 0.97273374,0,-5.9474545
2026-08-12 14:13:27,396 - pyserver - INFO - Received from UDP: 0003:0.9731532,0,-5.936285
2026-08-12 14:13:27,396 - unity.py - INFO - [36mHandling UDP Data: 0003:0.9731532,0,-5.936285[0m
2026-08-12 14:13:27,397 - unity.py - INFO - Got Host Player Object Position: 0.9731532,0,-5.936285
2026-08-12 14:13:27,624 - pyserver - INFO - Received from UDP: 0003:0.97274345,0,-5.947195
2026-08-12 14:13:27,625 - unity.py - INFO - [36mHandling UDP Data: 0003:0.97274345,0,-5.947195[0m
2026-08-12 14:13:27,625 - unity.py - INFO - Got Host Player Object Position: 0.97274345,0,-5.947195
2026-08-12 14:13:27,657 - pyserver - INFO - Received from UDP: 0003:0.9721274,0,-5.9636006
2026-08-12 14:13:27,657 - unity.py - INFO - [36mHandling UDP Data: 0003:0.9721274,0,-5.9636006[0m
2026-08-12 14:13:27,657 - unity.py - INFO - Got Host Player Object Position: 0.9721274,0,-5.9636006
2026-08-12 14:13:27,678 - pyserver - INFO - Received from UDP: 0003:0.9717157,0,-5.9745636
2026-08-12 14:13:27,678 - unity.py - INFO - [36mHandling UDP Data: 0003:0.9717157,0,-5.9745636[0m
2026-08-12 14:13:27,679 - unity.py - INFO - Got Host Player Object Position: 0.9717157,0,-5.9745636
2026-08-12 14:13:27,689 - pyserver - INFO - Received from UDP: 0003:0.9712334,0,-5.9874053
2026-08-12 14:13:27,689 - unity.py - INFO - [36mHandling UDP Data: 0003:0.9712334,0,-5.9874053[0m
2026-08-12 14:13:27,689 - unity.py - INFO - Got Host Player Object Position: 0.9712334,0,-5.9874053
2026-08-12 14:13:27,710 - pyserver - INFO - Received from UDP: 0003:0.97068363,0,-6.002045
2026-08-12 14:13:27,710 - unity.py - INFO - [36mHandling UDP Data: 0003:0.97068363,0,-6.002045[0m
2026-08-12 14:13:27,711 - unity.py - INFO - Got Host Player Object Position: 0.97068363,0,-6.002045
2026-08-12 14:13:27,731 - pyserver - INFO - Received from UDP: 0003:0.9700633,0,-6.0185633
2026-08-12 14:13:27,731 - unity.py - INFO - [36mHandling UDP Data: 0003:0.9700633,0,-6.0185633[0m
2026-08-12 14:13:27,732 - unity.py - INFO - Got Host Player Object Position: 0.9700633,0,-6.0185633
2026-08-12 14:13:27,742 - pyserver - INFO - Received from UDP: 0003:0.96937585,0,-6.036871
2026-08-12 14:13:27,743 - unity.py - INFO - [36mHandling UDP Data: 0003:0.96937585,0,-6.036871[0m
2026-08-12 14:13:27,743 - unity.py - INFO - Got Host Player Object Position: 0.96937585,0,-6.036871
2026-08-12 14:13:27,763 - pyserver - INFO - Received from UDP: 0003:0.96861947,0,-6.0570126
2026-08-12 14:13:27,764 - unity.py - INFO - [36mHandling UDP Data: 0003:0.96861947,0,-6.0570126[0m
2026-08-12 14:13:27,764 - unity.py - INFO - Got Host Player Object Position: 0.96861947,0,-6.0570126
2026-08-12 14:13:27,774 - pyserver - INFO - Received from UDP: 0003:0.9677944,0,-6.0789814
2026-08-12 14:13:27,774 - unity.py - INFO - [36mHandling UDP Data: 0003:0.9677944,0,-6.0789814[0m
2026-08-12 14:13:27,775 - unity.py - INFO - Got Host Player Object Position: 0.9677944,0,-6.0789814
2026-08-12 14:13:27,795 - pyserver - INFO - Received from UDP: 0003:0.9668986,0,-6.1028366
2026-08-12 14:13:27,796 - unity.py - INFO - [36mHandling UDP Data: 0003:0.9668986,0,-6.1028366[0m
2026-08-12 14:13:27,796 - unity.py - INFO - Got Host Player Object Position: 0.9668986,0,-6.1028366
2026-08-12 14:13:27,806 - pyserver - INFO - Received from UDP: 0003:0.9659359,0,-6.1284723
2026-08-12 14:13:27,806 - unity.py - INFO - [36mHandling UDP Data: 0003:0.9659359,0,-6.1284723[0m
2026-08-12 14:13:27,807 - unity.py - INFO - Got Host Player Object Position: 0.9659359,0,-6.1284723
2026-08-12 14:13:27,827 - pyserver - INFO - Received from UDP: 0003:0.96490246,0,-6.155991
2026-08-12 14:13:27,828 - unity.py - INFO - [36mHandling UDP Data: 0003:0.96490246,0,-6.155991[0m
2026-08-12 14:13:27,828 - unity.py - INFO - Got Host Player Object Position: 0.96490246,0,-6.155991
2026-08-12 14:13:27,848 - pyserver - INFO - Received from UDP: 0003:0.9638022,0,-6.1852894
2026-08-12 14:13:27,849 - unity.py - INFO - [36mHandling UDP Data: 0003:0.9638022,0,-6.1852894[0m
2026-08-12 14:13:27,849 - unity.py - INFO - Got Host Player Object Position: 0.9638022,0,-6.1852894
2026-08-12 14:13:27,859 - pyserver - INFO - Received from UDP: 0003:0.9626319,0,-6.2164545
2026-08-12 14:13:27,860 - unity.py - INFO - [36mHandling UDP Data: 0003:0.9626319,0,-6.2164545[0m
2026-08-12 14:13:27,860 - unity.py - INFO - Got Host Player Object Position: 0.9626319,0,-6.2164545
2026-08-12 14:13:27,880 - pyserver - INFO - Received from UDP: 0003:0.96139354,0,-6.24943
2026-08-12 14:13:27,881 - unity.py - INFO - [36mHandling UDP Data: 0003:0.96139354,0,-6.24943[0m
2026-08-12 14:13:27,881 - unity.py - INFO - Got Host Player Object Position: 0.96139354,0,-6.24943
2026-08-12 14:13:27,891 - pyserver - INFO - Received from UDP: 0003:0.9600838,0,-6.284307
2026-08-12 14:13:27,891 - unity.py - INFO - [36mHandling UDP Data: 0003:0.9600838,0,-6.284307[0m
2026-08-12 14:13:27,891 - unity.py - INFO - Got Host Player Object Position: 0.9600838,0,-6.284307
2026-08-12 14:13:27,912 - pyserver - INFO - Received from UDP: 0003:0.9587078,0,-6.3209476
2026-08-12 14:13:27,912 - unity.py - INFO - [36mHandling UDP Data: 0003:0.9587078,0,-6.3209476[0m
2026-08-12 14:13:27,912 - unity.py - INFO - Got Host Player Object Position: 0.9587078,0,-6.3209476
2026-08-12 14:13:27,923 - pyserver - INFO - Received from UDP: 0003:0.95732915,0,-6.3576593
2026-08-12 14:13:27,923 - unity.py - INFO - [36mHandling UDP Data: 0003:0.95732915,0,-6.3576593[0m
2026-08-12 14:13:27,923 - unity.py - INFO - Got Host Player Object Position: 0.95732915,0,-6.3576593
2026-08-12 14:13:27,944 - pyserver - INFO - Received from UDP: 0003:0.9559532,0,-6.3943
2026-08-12 14:13:27,944 - unity.py - INFO - [36mHandling UDP Data: 0003:0.9559532,0,-6.3943[0m
2026-08-12 14:13:27,945 - unity.py - INFO - Got Host Player Object Position: 0.9559532,0,-6.3943
2026-08-12 14:13:27,965 - pyserver - INFO - Received from UDP: 0003:0.9545745,0,-6.431012
2026-08-12 14:13:27,966 - unity.py - INFO - [36mHandling UDP Data: 0003:0.9545745,0,-6.431012[0m
2026-08-12 14:13:27,966 - unity.py - INFO - Got Host Player Object Position: 0.9545745,0,-6.431012
2026-08-12 14:13:27,976 - pyserver - INFO - Received from UDP: 0003:0.95319855,0,-6.467653
2026-08-12 14:13:27,977 - unity.py - INFO - [36mHandling UDP Data: 0003:0.95319855,0,-6.467653[0m
2026-08-12 14:13:27,977 - unity.py - INFO - Got Host Player Object Position: 0.95319855,0,-6.467653
2026-08-12 14:13:27,998 - pyserver - INFO - Received from UDP: 0003:0.9518199,0,-6.5043654
2026-08-12 14:13:27,998 - unity.py - INFO - [36mHandling UDP Data: 0003:0.9518199,0,-6.5043654[0m
2026-08-12 14:13:27,998 - unity.py - INFO - Got Host Player Object Position: 0.9518199,0,-6.5043654
2026-08-12 14:13:28,008 - pyserver - INFO - Received from UDP: 0003:0.95044386,0,-6.541006
2026-08-12 14:13:28,009 - unity.py - INFO - [36mHandling UDP Data: 0003:0.95044386,0,-6.541006[0m
2026-08-12 14:13:28,009 - unity.py - INFO - Got Host Player Object Position: 0.95044386,0,-6.541006
2026-08-12 14:13:28,030 - pyserver - INFO - Received from UDP: 0003:0.9490652,0,-6.577719
2026-08-12 14:13:28,030 - unity.py - INFO - [36mHandling UDP Data: 0003:0.9490652,0,-6.577719[0m
2026-08-12 14:13:28,030 - unity.py - INFO - Got Host Player Object Position: 0.9490652,0,-6.577719
2026-08-12 14:13:28,041 - pyserver - INFO - Received from UDP: 0003:0.94768924,0,-6.61436
2026-08-12 14:13:28,041 - unity.py - INFO - [36mHandling UDP Data: 0003:0.94768924,0,-6.61436[0m
2026-08-12 14:13:28,041 - unity.py - INFO - Got Host Player Object Position: 0.94768924,0,-6.61436
2026-08-12 14:13:28,062 - pyserver - INFO - Received from UDP: 0003:0.9463106,0,-6.651072
2026-08-12 14:13:28,063 - unity.py - INFO - [36mHandling UDP Data: 0003:0.9463106,0,-6.651072[0m
2026-08-12 14:13:28,063 - unity.py - INFO - Got Host Player Object Position: 0.9463106,0,-6.651072
2026-08-12 14:13:28,073 - pyserver - INFO - Received from UDP: 0003:0.94493455,0,-6.6877127
2026-08-12 14:13:28,074 - unity.py - INFO - [36mHandling UDP Data: 0003:0.94493455,0,-6.6877127[0m
2026-08-12 14:13:28,074 - unity.py - INFO - Got Host Player Object Position: 0.94493455,0,-6.6877127
2026-08-12 14:13:28,095 - pyserver - INFO - Received from UDP: 0003:0.9435559,0,-6.724426
2026-08-12 14:13:28,095 - unity.py - INFO - [36mHandling UDP Data: 0003:0.9435559,0,-6.724426[0m
2026-08-12 14:13:28,095 - unity.py - INFO - Got Host Player Object Position: 0.9435559,0,-6.724426
2026-08-12 14:13:28,106 - pyserver - INFO - Received from UDP: 0003:0.9421785,0,-6.7611036
2026-08-12 14:13:28,106 - unity.py - INFO - [36mHandling UDP Data: 0003:0.9421785,0,-6.7611036[0m
2026-08-12 14:13:28,106 - unity.py - INFO - Got Host Player Object Position: 0.9421785,0,-6.7611036
2026-08-12 14:13:28,127 - pyserver - INFO - Received from UDP: 0003:0.9408025,0,-6.7977448
2026-08-12 14:13:28,127 - unity.py - INFO - [36mHandling UDP Data: 0003:0.9408025,0,-6.7977448[0m
2026-08-12 14:13:28,127 - unity.py - INFO - Got Host Player Object Position: 0.9408025,0,-6.7977448
2026-08-12 14:13:28,148 - pyserver - INFO - Received from UDP: 0003:0.93942386,0,-6.834457
2026-08-12 14:13:28,148 - unity.py - INFO - [36mHandling UDP Data: 0003:0.93942386,0,-6.834457[0m
2026-08-12 14:13:28,148 - unity.py - INFO - Got Host Player Object Position: 0.93942386,0,-6.834457
2026-08-12 14:13:28,158 - pyserver - INFO - Received from UDP: 0003:0.9380478,0,-6.871098
2026-08-12 14:13:28,159 - unity.py - INFO - [36mHandling UDP Data: 0003:0.9380478,0,-6.871098[0m
2026-08-12 14:13:28,159 - unity.py - INFO - Got Host Player Object Position: 0.9380478,0,-6.871098
2026-08-12 14:13:28,180 - pyserver - INFO - Received from UDP: 0003:0.94634134,0,-6.892234
2026-08-12 14:13:28,180 - unity.py - INFO - [36mHandling UDP Data: 0003:0.94634134,0,-6.892234[0m
2026-08-12 14:13:28,180 - unity.py - INFO - Got Host Player Object Position: 0.94634134,0,-6.892234
2026-08-12 14:13:28,191 - pyserver - INFO - Received from UDP: 0003:0.96218014,0,-6.9029303
2026-08-12 14:13:28,191 - unity.py - INFO - [36mHandling UDP Data: 0003:0.96218014,0,-6.9029303[0m
2026-08-12 14:13:28,191 - unity.py - INFO - Got Host Player Object Position: 0.96218014,0,-6.9029303
2026-08-12 14:13:28,212 - pyserver - INFO - Received from UDP: 0003:0.9785833,0,-6.915816
2026-08-12 14:13:28,212 - unity.py - INFO - [36mHandling UDP Data: 0003:0.9785833,0,-6.915816[0m
2026-08-12 14:13:28,212 - unity.py - INFO - Got Host Player Object Position: 0.9785833,0,-6.915816
2026-08-12 14:13:28,223 - pyserver - INFO - Received from UDP: 0003:0.9954528,0,-6.9308367
2026-08-12 14:13:28,223 - unity.py - INFO - [36mHandling UDP Data: 0003:0.9954528,0,-6.9308367[0m
2026-08-12 14:13:28,224 - unity.py - INFO - Got Host Player Object Position: 0.9954528,0,-6.9308367
2026-08-12 14:13:28,244 - pyserver - INFO - Received from UDP: 0003:1.0125954,0,-6.948288
2026-08-12 14:13:28,245 - unity.py - INFO - [36mHandling UDP Data: 0003:1.0125954,0,-6.948288[0m
2026-08-12 14:13:28,245 - unity.py - INFO - Got Host Player Object Position: 1.0125954,0,-6.948288
2026-08-12 14:13:28,265 - pyserver - INFO - Received from UDP: 0003:1.0296025,0,-6.9683237
2026-08-12 14:13:28,266 - unity.py - INFO - [36mHandling UDP Data: 0003:1.0296025,0,-6.9683237[0m
2026-08-12 14:13:28,266 - unity.py - INFO - Got Host Player Object Position: 1.0296025,0,-6.9683237
2026-08-12 14:13:28,276 - pyserver - INFO - Received from UDP: 0003:1.0461293,0,-6.99117
2026-08-12 14:13:28,277 - unity.py - INFO - [36mHandling UDP Data: 0003:1.0461293,0,-6.99117[0m
2026-08-12 14:13:28,277 - unity.py - INFO - Got Host Player Object Position: 1.0461293,0,-6.99117
2026-08-12 14:13:28,298 - pyserver - INFO - Received from UDP: 0003:1.0616049,0,-7.01683
2026-08-12 14:13:28,298 - unity.py - INFO - [36mHandling UDP Data: 0003:1.0616049,0,-7.01683[0m
2026-08-12 14:13:28,298 - unity.py - INFO - Got Host Player Object Position: 1.0616049,0,-7.01683
2026-08-12 14:13:28,309 - pyserver - INFO - Received from UDP: 0003:1.0755434,0,-7.045357
2026-08-12 14:13:28,309 - unity.py - INFO - [36mHandling UDP Data: 0003:1.0755434,0,-7.045357[0m
2026-08-12 14:13:28,310 - unity.py - INFO - Got Host Player Object Position: 1.0755434,0,-7.045357
2026-08-12 14:13:28,331 - pyserver - INFO - Received from UDP: 0003:1.0872794,0,-7.0764813
2026-08-12 14:13:28,331 - unity.py - INFO - [36mHandling UDP Data: 0003:1.0872794,0,-7.0764813[0m
2026-08-12 14:13:28,331 - unity.py - INFO - Got Host Player Object Position: 1.0872794,0,-7.0764813
2026-08-12 14:13:28,341 - pyserver - INFO - Received from UDP: 0003:1.0957758,0,-7.1083198
2026-08-12 14:13:28,341 - unity.py - INFO - [36mHandling UDP Data: 0003:1.0957758,0,-7.1083198[0m
2026-08-12 14:13:28,342 - unity.py - INFO - Got Host Player Object Position: 1.0957758,0,-7.1083198
2026-08-12 14:13:28,362 - pyserver - INFO - Received from UDP: 0003:1.1011099,0,-7.139997
2026-08-12 14:13:28,362 - unity.py - INFO - [36mHandling UDP Data: 0003:1.1011099,0,-7.139997[0m
2026-08-12 14:13:28,362 - unity.py - INFO - Got Host Player Object Position: 1.1011099,0,-7.139997
2026-08-12 14:13:28,373 - pyserver - INFO - Received from UDP: 0003:1.1033988,0,-7.1708436
2026-08-12 14:13:28,374 - unity.py - INFO - [36mHandling UDP Data: 0003:1.1033988,0,-7.1708436[0m
2026-08-12 14:13:28,374 - unity.py - INFO - Got Host Player Object Position: 1.1033988,0,-7.1708436
2026-08-12 14:13:28,394 - pyserver - INFO - Received from UDP: 0003:1.1027236,0,-7.2001624
2026-08-12 14:13:28,395 - unity.py - INFO - [36mHandling UDP Data: 0003:1.1027236,0,-7.2001624[0m
2026-08-12 14:13:28,395 - unity.py - INFO - Got Host Player Object Position: 1.1027236,0,-7.2001624
2026-08-12 14:13:28,447 - pyserver - INFO - Received from UDP: 0003:1.1031374,0,-7.1891437
2026-08-12 14:13:28,447 - unity.py - INFO - [36mHandling UDP Data: 0003:1.1031374,0,-7.1891437[0m
2026-08-12 14:13:28,447 - unity.py - INFO - Got Host Player Object Position: 1.1031374,0,-7.1891437
2026-08-12 14:13:28,478 - pyserver - INFO - Received from UDP: 0003:1.1037543,0,-7.1727147
2026-08-12 14:13:28,479 - unity.py - INFO - [36mHandling UDP Data: 0003:1.1037543,0,-7.1727147[0m
2026-08-12 14:13:28,479 - unity.py - INFO - Got Host Player Object Position: 1.1037543,0,-7.1727147
2026-08-12 14:13:28,489 - pyserver - INFO - Received from UDP: 0003:1.1041669,0,-7.1617284
2026-08-12 14:13:28,489 - unity.py - INFO - [36mHandling UDP Data: 0003:1.1041669,0,-7.1617284[0m
2026-08-12 14:13:28,490 - unity.py - INFO - Got Host Player Object Position: 1.1041669,0,-7.1617284
2026-08-12 14:13:28,510 - pyserver - INFO - Received from UDP: 0003:1.1046495,0,-7.148875
2026-08-12 14:13:28,511 - unity.py - INFO - [36mHandling UDP Data: 0003:1.1046495,0,-7.148875[0m
2026-08-12 14:13:28,511 - unity.py - INFO - Got Host Player Object Position: 1.1046495,0,-7.148875
2026-08-12 14:13:28,532 - pyserver - INFO - Received from UDP: 0003:1.1051998,0,-7.1342235
2026-08-12 14:13:28,532 - unity.py - INFO - [36mHandling UDP Data: 0003:1.1051998,0,-7.1342235[0m
2026-08-12 14:13:28,532 - unity.py - INFO - Got Host Player Object Position: 1.1051998,0,-7.1342235
2026-08-12 14:13:28,543 - pyserver - INFO - Received from UDP: 0003:1.1058202,0,-7.1177034
2026-08-12 14:13:28,543 - unity.py - INFO - [36mHandling UDP Data: 0003:1.1058202,0,-7.1177034[0m
2026-08-12 14:13:28,543 - unity.py - INFO - Got Host Player Object Position: 1.1058202,0,-7.1177034
2026-08-12 14:13:28,564 - pyserver - INFO - Received from UDP: 0003:1.1065072,0,-7.0994086
2026-08-12 14:13:28,565 - unity.py - INFO - [36mHandling UDP Data: 0003:1.1065072,0,-7.0994086[0m
2026-08-12 14:13:28,565 - unity.py - INFO - Got Host Player Object Position: 1.1065072,0,-7.0994086
2026-08-12 14:13:28,575 - pyserver - INFO - Received from UDP: 0003:1.1072655,0,-7.0792165
2026-08-12 14:13:28,577 - unity.py - INFO - [36mHandling UDP Data: 0003:1.1072655,0,-7.0792165[0m
2026-08-12 14:13:28,577 - unity.py - INFO - Got Host Player Object Position: 1.1072655,0,-7.0792165
2026-08-12 14:13:28,597 - pyserver - INFO - Received from UDP: 0003:1.1080915,0,-7.05722
2026-08-12 14:13:28,598 - unity.py - INFO - [36mHandling UDP Data: 0003:1.1080915,0,-7.05722[0m
2026-08-12 14:13:28,598 - unity.py - INFO - Got Host Player Object Position: 1.1080915,0,-7.05722
2026-08-12 14:13:28,608 - pyserver - INFO - Received from UDP: 0003:1.1089878,0,-7.0333514
2026-08-12 14:13:28,608 - unity.py - INFO - [36mHandling UDP Data: 0003:1.1089878,0,-7.0333514[0m
2026-08-12 14:13:28,608 - unity.py - INFO - Got Host Player Object Position: 1.1089878,0,-7.0333514
2026-08-12 14:13:28,629 - pyserver - INFO - Received from UDP: 0003:1.1099513,0,-7.007698
2026-08-12 14:13:28,629 - unity.py - INFO - [36mHandling UDP Data: 0003:1.1099513,0,-7.007698[0m
2026-08-12 14:13:28,629 - unity.py - INFO - Got Host Player Object Position: 1.1099513,0,-7.007698
2026-08-12 14:13:28,640 - pyserver - INFO - Received from UDP: 0003:1.1109854,0,-6.9801583
2026-08-12 14:13:28,640 - unity.py - INFO - [36mHandling UDP Data: 0003:1.1109854,0,-6.9801583[0m
2026-08-12 14:13:28,641 - unity.py - INFO - Got Host Player Object Position: 1.1109854,0,-6.9801583
2026-08-12 14:13:28,661 - pyserver - INFO - Received from UDP: 0003:1.1120852,0,-6.9508724
2026-08-12 14:13:28,662 - unity.py - INFO - [36mHandling UDP Data: 0003:1.1120852,0,-6.9508724[0m
2026-08-12 14:13:28,662 - unity.py - INFO - Got Host Player Object Position: 1.1120852,0,-6.9508724
2026-08-12 14:13:28,683 - pyserver - INFO - Received from UDP: 0003:1.1132575,0,-6.919657
2026-08-12 14:13:28,683 - unity.py - INFO - [36mHandling UDP Data: 0003:1.1132575,0,-6.919657[0m
2026-08-12 14:13:28,683 - unity.py - INFO - Got Host Player Object Position: 1.1132575,0,-6.919657
2026-08-12 14:13:28,693 - pyserver - INFO - Received from UDP: 0003:1.1144968,0,-6.8866544
2026-08-12 14:13:28,694 - unity.py - INFO - [36mHandling UDP Data: 0003:1.1144968,0,-6.8866544[0m
2026-08-12 14:13:28,694 - unity.py - INFO - Got Host Player Object Position: 1.1144968,0,-6.8866544
2026-08-12 14:13:28,715 - pyserver - INFO - Received from UDP: 0003:1.115808,0,-6.851739
2026-08-12 14:13:28,715 - unity.py - INFO - [36mHandling UDP Data: 0003:1.115808,0,-6.851739[0m
2026-08-12 14:13:28,715 - unity.py - INFO - Got Host Player Object Position: 1.115808,0,-6.851739
2026-08-12 14:13:28,725 - pyserver - INFO - Received from UDP: 0003:1.117184,0,-6.8150983
2026-08-12 14:13:28,726 - unity.py - INFO - [36mHandling UDP Data: 0003:1.117184,0,-6.8150983[0m
2026-08-12 14:13:28,726 - unity.py - INFO - Got Host Player Object Position: 1.117184,0,-6.8150983
2026-08-12 14:13:28,747 - pyserver - INFO - Received from UDP: 0003:1.1185627,0,-6.7783856
2026-08-12 14:13:28,748 - unity.py - INFO - [36mHandling UDP Data: 0003:1.1185627,0,-6.7783856[0m
2026-08-12 14:13:28,748 - unity.py - INFO - Got Host Player Object Position: 1.1185627,0,-6.7783856
2026-08-12 14:13:28,758 - pyserver - INFO - Received from UDP: 0003:1.1199386,0,-6.7417445
2026-08-12 14:13:28,759 - unity.py - INFO - [36mHandling UDP Data: 0003:1.1199386,0,-6.7417445[0m
2026-08-12 14:13:28,759 - unity.py - INFO - Got Host Player Object Position: 1.1199386,0,-6.7417445
2026-08-12 14:13:28,780 - pyserver - INFO - Received from UDP: 0003:1.1213174,0,-6.7050314
2026-08-12 14:13:28,780 - unity.py - INFO - [36mHandling UDP Data: 0003:1.1213174,0,-6.7050314[0m
2026-08-12 14:13:28,780 - unity.py - INFO - Got Host Player Object Position: 1.1213174,0,-6.7050314
2026-08-12 14:13:28,790 - pyserver - INFO - Received from UDP: 0003:1.1226933,0,-6.6683908
2026-08-12 14:13:28,791 - unity.py - INFO - [36mHandling UDP Data: 0003:1.1226933,0,-6.6683908[0m
2026-08-12 14:13:28,791 - unity.py - INFO - Got Host Player Object Position: 1.1226933,0,-6.6683908
2026-08-12 14:13:28,812 - pyserver - INFO - Received from UDP: 0003:1.1240721,0,-6.6316776
2026-08-12 14:13:28,812 - unity.py - INFO - [36mHandling UDP Data: 0003:1.1240721,0,-6.6316776[0m
2026-08-12 14:13:28,812 - unity.py - INFO - Got Host Player Object Position: 1.1240721,0,-6.6316776
2026-08-12 14:13:28,823 - pyserver - INFO - Received from UDP: 0003:1.125448,0,-6.595037
2026-08-12 14:13:28,823 - unity.py - INFO - [36mHandling UDP Data: 0003:1.125448,0,-6.595037[0m
2026-08-12 14:13:28,823 - unity.py - INFO - Got Host Player Object Position: 1.125448,0,-6.595037
2026-08-12 14:13:28,844 - pyserver - INFO - Received from UDP: 0003:1.1268268,0,-6.558324
2026-08-12 14:13:28,844 - unity.py - INFO - [36mHandling UDP Data: 0003:1.1268268,0,-6.558324[0m
2026-08-12 14:13:28,845 - unity.py - INFO - Got Host Player Object Position: 1.1268268,0,-6.558324
2026-08-12 14:13:28,866 - pyserver - INFO - Received from UDP: 0003:1.1282027,0,-6.521683
2026-08-12 14:13:28,866 - unity.py - INFO - [36mHandling UDP Data: 0003:1.1282027,0,-6.521683[0m
2026-08-12 14:13:28,866 - unity.py - INFO - Got Host Player Object Position: 1.1282027,0,-6.521683
2026-08-12 14:13:28,877 - pyserver - INFO - Received from UDP: 0003:1.1295815,0,-6.48497
2026-08-12 14:13:28,877 - unity.py - INFO - [36mHandling UDP Data: 0003:1.1295815,0,-6.48497[0m
2026-08-12 14:13:28,877 - unity.py - INFO - Got Host Player Object Position: 1.1295815,0,-6.48497
2026-08-12 14:13:28,899 - pyserver - INFO - Received from UDP: 0003:1.1309574,0,-6.4483294
2026-08-12 14:13:28,899 - unity.py - INFO - [36mHandling UDP Data: 0003:1.1309574,0,-6.4483294[0m
2026-08-12 14:13:28,899 - unity.py - INFO - Got Host Player Object Position: 1.1309574,0,-6.4483294
2026-08-12 14:13:28,909 - pyserver - INFO - Received from UDP: 0003:1.132336,0,-6.411617
2026-08-12 14:13:28,910 - unity.py - INFO - [36mHandling UDP Data: 0003:1.132336,0,-6.411617[0m
2026-08-12 14:13:28,910 - unity.py - INFO - Got Host Player Object Position: 1.132336,0,-6.411617
2026-08-12 14:13:28,931 - pyserver - INFO - Received from UDP: 0003:1.133712,0,-6.374976
2026-08-12 14:13:28,931 - unity.py - INFO - [36mHandling UDP Data: 0003:1.133712,0,-6.374976[0m
2026-08-12 14:13:28,931 - unity.py - INFO - Got Host Player Object Position: 1.133712,0,-6.374976
2026-08-12 14:13:28,942 - pyserver - INFO - Received from UDP: 0003:1.1350907,0,-6.3382635
2026-08-12 14:13:28,942 - unity.py - INFO - [36mHandling UDP Data: 0003:1.1350907,0,-6.3382635[0m
2026-08-12 14:13:28,942 - unity.py - INFO - Got Host Player Object Position: 1.1350907,0,-6.3382635
2026-08-12 14:13:28,962 - pyserver - INFO - Received from UDP: 0003:1.1364667,0,-6.301623
2026-08-12 14:13:28,963 - unity.py - INFO - [36mHandling UDP Data: 0003:1.1364667,0,-6.301623[0m
2026-08-12 14:13:28,963 - unity.py - INFO - Got Host Player Object Position: 1.1364667,0,-6.301623
2026-08-12 14:13:28,973 - pyserver - INFO - Received from UDP: 0003:1.1378454,0,-6.264909
2026-08-12 14:13:28,974 - unity.py - INFO - [36mHandling UDP Data: 0003:1.1378454,0,-6.264909[0m
2026-08-12 14:13:28,974 - unity.py - INFO - Got Host Player Object Position: 1.1378454,0,-6.264909
2026-08-12 14:13:28,994 - pyserver - INFO - Received from UDP: 0003:1.1392214,0,-6.228268
2026-08-12 14:13:28,994 - unity.py - INFO - [36mHandling UDP Data: 0003:1.1392214,0,-6.228268[0m
2026-08-12 14:13:28,995 - unity.py - INFO - Got Host Player Object Position: 1.1392214,0,-6.228268
2026-08-12 14:13:29,016 - pyserver - INFO - Received from UDP: 0003:1.1406001,0,-6.191555
2026-08-12 14:13:29,016 - unity.py - INFO - [36mHandling UDP Data: 0003:1.1406001,0,-6.191555[0m
2026-08-12 14:13:29,016 - unity.py - INFO - Got Host Player Object Position: 1.1406001,0,-6.191555
2026-08-12 14:13:29,026 - pyserver - INFO - Received from UDP: 0003:1.1419761,0,-6.1549144
2026-08-12 14:13:29,027 - unity.py - INFO - [36mHandling UDP Data: 0003:1.1419761,0,-6.1549144[0m
2026-08-12 14:13:29,027 - unity.py - INFO - Got Host Player Object Position: 1.1419761,0,-6.1549144
2026-08-12 14:13:29,048 - pyserver - INFO - Received from UDP: 0003:1.1433548,0,-6.1182017
2026-08-12 14:13:29,048 - unity.py - INFO - [36mHandling UDP Data: 0003:1.1433548,0,-6.1182017[0m
2026-08-12 14:13:29,048 - unity.py - INFO - Got Host Player Object Position: 1.1433548,0,-6.1182017
2026-08-12 14:13:29,059 - pyserver - INFO - Received from UDP: 0003:1.1447307,0,-6.081561
2026-08-12 14:13:29,059 - unity.py - INFO - [36mHandling UDP Data: 0003:1.1447307,0,-6.081561[0m
2026-08-12 14:13:29,060 - unity.py - INFO - Got Host Player Object Position: 1.1447307,0,-6.081561
2026-08-12 14:13:29,081 - pyserver - INFO - Received from UDP: 0003:1.1461095,0,-6.0448484
2026-08-12 14:13:29,082 - unity.py - INFO - [36mHandling UDP Data: 0003:1.1461095,0,-6.0448484[0m
2026-08-12 14:13:29,082 - unity.py - INFO - Got Host Player Object Position: 1.1461095,0,-6.0448484
2026-08-12 14:13:29,092 - pyserver - INFO - Received from UDP: 0003:1.1474854,0,-6.0082073
2026-08-12 14:13:29,092 - unity.py - INFO - [36mHandling UDP Data: 0003:1.1474854,0,-6.0082073[0m
2026-08-12 14:13:29,093 - unity.py - INFO - Got Host Player Object Position: 1.1474854,0,-6.0082073
2026-08-12 14:13:29,114 - pyserver - INFO - Received from UDP: 0003:1.1488642,0,-5.971494
2026-08-12 14:13:29,114 - unity.py - INFO - [36mHandling UDP Data: 0003:1.1488642,0,-5.971494[0m
2026-08-12 14:13:29,114 - unity.py - INFO - Got Host Player Object Position: 1.1488642,0,-5.971494
2026-08-12 14:13:29,125 - pyserver - INFO - Received from UDP: 0003:1.1502401,0,-5.934853
2026-08-12 14:13:29,125 - unity.py - INFO - [36mHandling UDP Data: 0003:1.1502401,0,-5.934853[0m
2026-08-12 14:13:29,125 - unity.py - INFO - Got Host Player Object Position: 1.1502401,0,-5.934853
2026-08-12 14:13:29,146 - pyserver - INFO - Received from UDP: 0003:1.1516187,0,-5.8981404
2026-08-12 14:13:29,146 - unity.py - INFO - [36mHandling UDP Data: 0003:1.1516187,0,-5.8981404[0m
2026-08-12 14:13:29,146 - unity.py - INFO - Got Host Player Object Position: 1.1516187,0,-5.8981404
2026-08-12 14:13:29,157 - pyserver - INFO - Received from UDP: 0003:1.1529948,0,-5.8615
2026-08-12 14:13:29,157 - unity.py - INFO - [36mHandling UDP Data: 0003:1.1529948,0,-5.8615[0m
2026-08-12 14:13:29,157 - unity.py - INFO - Got Host Player Object Position: 1.1529948,0,-5.8615
2026-08-12 14:13:29,178 - pyserver - INFO - Received from UDP: 0003:1.1543734,0,-5.8247876
2026-08-12 14:13:29,178 - unity.py - INFO - [36mHandling UDP Data: 0003:1.1543734,0,-5.8247876[0m
2026-08-12 14:13:29,178 - unity.py - INFO - Got Host Player Object Position: 1.1543734,0,-5.8247876
2026-08-12 14:13:29,199 - pyserver - INFO - Received from UDP: 0003:1.1557494,0,-5.7881465
2026-08-12 14:13:29,199 - unity.py - INFO - [36mHandling UDP Data: 0003:1.1557494,0,-5.7881465[0m
2026-08-12 14:13:29,199 - unity.py - INFO - Got Host Player Object Position: 1.1557494,0,-5.7881465
2026-08-12 14:13:29,210 - pyserver - INFO - Received from UDP: 0003:1.1571281,0,-5.7514334
2026-08-12 14:13:29,210 - unity.py - INFO - [36mHandling UDP Data: 0003:1.1571281,0,-5.7514334[0m
2026-08-12 14:13:29,211 - unity.py - INFO - Got Host Player Object Position: 1.1571281,0,-5.7514334
2026-08-12 14:13:29,231 - pyserver - INFO - Received from UDP: 0003:1.1585041,0,-5.7147927
2026-08-12 14:13:29,231 - unity.py - INFO - [36mHandling UDP Data: 0003:1.1585041,0,-5.7147927[0m
2026-08-12 14:13:29,231 - unity.py - INFO - Got Host Player Object Position: 1.1585041,0,-5.7147927
2026-08-12 14:13:29,242 - pyserver - INFO - Received from UDP: 0003:1.1598828,0,-5.6780796
2026-08-12 14:13:29,242 - unity.py - INFO - [36mHandling UDP Data: 0003:1.1598828,0,-5.6780796[0m
2026-08-12 14:13:29,242 - unity.py - INFO - Got Host Player Object Position: 1.1598828,0,-5.6780796
2026-08-12 14:13:29,263 - pyserver - INFO - Received from UDP: 0003:1.1612588,0,-5.641439
2026-08-12 14:13:29,263 - unity.py - INFO - [36mHandling UDP Data: 0003:1.1612588,0,-5.641439[0m
2026-08-12 14:13:29,263 - unity.py - INFO - Got Host Player Object Position: 1.1612588,0,-5.641439
2026-08-12 14:13:29,273 - pyserver - INFO - Received from UDP: 0003:1.1626375,0,-5.604726
2026-08-12 14:13:29,274 - unity.py - INFO - [36mHandling UDP Data: 0003:1.1626375,0,-5.604726[0m
2026-08-12 14:13:29,274 - unity.py - INFO - Got Host Player Object Position: 1.1626375,0,-5.604726
2026-08-12 14:13:29,294 - pyserver - INFO - Received from UDP: 0003:1.1640135,0,-5.5680847
2026-08-12 14:13:29,295 - unity.py - INFO - [36mHandling UDP Data: 0003:1.1640135,0,-5.5680847[0m
2026-08-12 14:13:29,295 - unity.py - INFO - Got Host Player Object Position: 1.1640135,0,-5.5680847
2026-08-12 14:13:29,316 - pyserver - INFO - Received from UDP: 0003:1.1653922,0,-5.531372
2026-08-12 14:13:29,316 - unity.py - INFO - [36mHandling UDP Data: 0003:1.1653922,0,-5.531372[0m
2026-08-12 14:13:29,316 - unity.py - INFO - Got Host Player Object Position: 1.1653922,0,-5.531372
2026-08-12 14:13:29,326 - pyserver - INFO - Received from UDP: 0003:1.1667681,0,-5.494731
2026-08-12 14:13:29,326 - unity.py - INFO - [36mHandling UDP Data: 0003:1.1667681,0,-5.494731[0m
2026-08-12 14:13:29,327 - unity.py - INFO - Got Host Player Object Position: 1.1667681,0,-5.494731
2026-08-12 14:13:29,348 - pyserver - INFO - Received from UDP: 0003:1.1681468,0,-5.458019
2026-08-12 14:13:29,348 - unity.py - INFO - [36mHandling UDP Data: 0003:1.1681468,0,-5.458019[0m
2026-08-12 14:13:29,348 - unity.py - INFO - Got Host Player Object Position: 1.1681468,0,-5.458019
2026-08-12 14:13:29,359 - pyserver - INFO - Received from UDP: 0003:1.1695228,0,-5.421378
2026-08-12 14:13:29,359 - unity.py - INFO - [36mHandling UDP Data: 0003:1.1695228,0,-5.421378[0m
2026-08-12 14:13:29,359 - unity.py - INFO - Got Host Player Object Position: 1.1695228,0,-5.421378
2026-08-12 14:13:29,380 - pyserver - INFO - Received from UDP: 0003:1.1709014,0,-5.384665
2026-08-12 14:13:29,380 - unity.py - INFO - [36mHandling UDP Data: 0003:1.1709014,0,-5.384665[0m
2026-08-12 14:13:29,380 - unity.py - INFO - Got Host Player Object Position: 1.1709014,0,-5.384665
2026-08-12 14:13:29,390 - pyserver - INFO - Received from UDP: 0003:1.1722775,0,-5.3480244
2026-08-12 14:13:29,391 - unity.py - INFO - [36mHandling UDP Data: 0003:1.1722775,0,-5.3480244[0m
2026-08-12 14:13:29,391 - unity.py - INFO - Got Host Player Object Position: 1.1722775,0,-5.3480244
2026-08-12 14:13:29,412 - pyserver - INFO - Received from UDP: 0003:1.1736561,0,-5.3113117
2026-08-12 14:13:29,412 - unity.py - INFO - [36mHandling UDP Data: 0003:1.1736561,0,-5.3113117[0m
2026-08-12 14:13:29,412 - unity.py - INFO - Got Host Player Object Position: 1.1736561,0,-5.3113117
2026-08-12 14:13:29,433 - pyserver - INFO - Received from UDP: 0003:1.1750321,0,-5.274671
2026-08-12 14:13:29,433 - unity.py - INFO - [36mHandling UDP Data: 0003:1.1750321,0,-5.274671[0m
2026-08-12 14:13:29,433 - unity.py - INFO - Got Host Player Object Position: 1.1750321,0,-5.274671
2026-08-12 14:13:29,444 - pyserver - INFO - Received from UDP: 0003:1.1764108,0,-5.237958
2026-08-12 14:13:29,444 - unity.py - INFO - [36mHandling UDP Data: 0003:1.1764108,0,-5.237958[0m
2026-08-12 14:13:29,444 - unity.py - INFO - Got Host Player Object Position: 1.1764108,0,-5.237958
2026-08-12 14:13:29,465 - pyserver - INFO - Received from UDP: 0003:1.1777868,0,-5.2013173
2026-08-12 14:13:29,465 - unity.py - INFO - [36mHandling UDP Data: 0003:1.1777868,0,-5.2013173[0m
2026-08-12 14:13:29,466 - unity.py - INFO - Got Host Player Object Position: 1.1777868,0,-5.2013173
2026-08-12 14:13:29,476 - pyserver - INFO - Received from UDP: 0003:1.1791655,0,-5.1646047
2026-08-12 14:13:29,476 - unity.py - INFO - [36mHandling UDP Data: 0003:1.1791655,0,-5.1646047[0m
2026-08-12 14:13:29,476 - unity.py - INFO - Got Host Player Object Position: 1.1791655,0,-5.1646047
2026-08-12 14:13:29,497 - pyserver - INFO - Received from UDP: 0003:1.1805428,0,-5.1279263
2026-08-12 14:13:29,497 - unity.py - INFO - [36mHandling UDP Data: 0003:1.1805428,0,-5.1279263[0m
2026-08-12 14:13:29,497 - unity.py - INFO - Got Host Player Object Position: 1.1805428,0,-5.1279263
2026-08-12 14:13:29,508 - pyserver - INFO - Received from UDP: 0003:1.1819189,0,-5.0912857
2026-08-12 14:13:29,508 - unity.py - INFO - [36mHandling UDP Data: 0003:1.1819189,0,-5.0912857[0m
2026-08-12 14:13:29,508 - unity.py - INFO - Got Host Player Object Position: 1.1819189,0,-5.0912857
2026-08-12 14:13:29,529 - pyserver - INFO - Received from UDP: 0003:1.1832975,0,-5.054573
2026-08-12 14:13:29,529 - unity.py - INFO - [36mHandling UDP Data: 0003:1.1832975,0,-5.054573[0m
2026-08-12 14:13:29,529 - unity.py - INFO - Got Host Player Object Position: 1.1832975,0,-5.054573
2026-08-12 14:13:29,540 - pyserver - INFO - Received from UDP: 0003:1.1846735,0,-5.017932
2026-08-12 14:13:29,540 - unity.py - INFO - [36mHandling UDP Data: 0003:1.1846735,0,-5.017932[0m
2026-08-12 14:13:29,540 - unity.py - INFO - Got Host Player Object Position: 1.1846735,0,-5.017932
2026-08-12 14:13:29,561 - pyserver - INFO - Received from UDP: 0003:1.1860522,0,-4.98122
2026-08-12 14:13:29,561 - unity.py - INFO - [36mHandling UDP Data: 0003:1.1860522,0,-4.98122[0m
2026-08-12 14:13:29,561 - unity.py - INFO - Got Host Player Object Position: 1.1860522,0,-4.98122
2026-08-12 14:13:29,582 - pyserver - INFO - Received from UDP: 0003:1.1874281,0,-4.944579
2026-08-12 14:13:29,582 - unity.py - INFO - [36mHandling UDP Data: 0003:1.1874281,0,-4.944579[0m
2026-08-12 14:13:29,582 - unity.py - INFO - Got Host Player Object Position: 1.1874281,0,-4.944579
2026-08-12 14:13:29,593 - pyserver - INFO - Received from UDP: 0003:1.1888069,0,-4.9078665
2026-08-12 14:13:29,594 - unity.py - INFO - [36mHandling UDP Data: 0003:1.1888069,0,-4.9078665[0m
2026-08-12 14:13:29,594 - unity.py - INFO - Got Host Player Object Position: 1.1888069,0,-4.9078665
2026-08-12 14:13:29,615 - pyserver - INFO - Received from UDP: 0003:1.1901828,0,-4.8712254
2026-08-12 14:13:29,615 - unity.py - INFO - [36mHandling UDP Data: 0003:1.1901828,0,-4.8712254[0m
2026-08-12 14:13:29,615 - unity.py - INFO - Got Host Player Object Position: 1.1901828,0,-4.8712254
2026-08-12 14:13:29,626 - pyserver - INFO - Received from UDP: 0003:1.1915615,0,-4.8345127
2026-08-12 14:13:29,626 - unity.py - INFO - [36mHandling UDP Data: 0003:1.1915615,0,-4.8345127[0m
2026-08-12 14:13:29,626 - unity.py - INFO - Got Host Player Object Position: 1.1915615,0,-4.8345127
2026-08-12 14:13:29,647 - pyserver - INFO - Received from UDP: 0003:1.1929375,0,-4.7978716
2026-08-12 14:13:29,647 - unity.py - INFO - [36mHandling UDP Data: 0003:1.1929375,0,-4.7978716[0m
2026-08-12 14:13:29,647 - unity.py - INFO - Got Host Player Object Position: 1.1929375,0,-4.7978716
2026-08-12 14:13:29,658 - pyserver - INFO - Received from UDP: 0003:1.1943161,0,-4.76116
2026-08-12 14:13:29,658 - unity.py - INFO - [36mHandling UDP Data: 0003:1.1943161,0,-4.76116[0m
2026-08-12 14:13:29,658 - unity.py - INFO - Got Host Player Object Position: 1.1943161,0,-4.76116
2026-08-12 14:13:29,679 - pyserver - INFO - Received from UDP: 0003:1.1956922,0,-4.724519
2026-08-12 14:13:29,679 - unity.py - INFO - [36mHandling UDP Data: 0003:1.1956922,0,-4.724519[0m
2026-08-12 14:13:29,679 - unity.py - INFO - Got Host Player Object Position: 1.1956922,0,-4.724519
2026-08-12 14:13:29,700 - pyserver - INFO - Received from UDP: 0003:1.1970708,0,-4.6878066
2026-08-12 14:13:29,700 - unity.py - INFO - [36mHandling UDP Data: 0003:1.1970708,0,-4.6878066[0m
2026-08-12 14:13:29,700 - unity.py - INFO - Got Host Player Object Position: 1.1970708,0,-4.6878066
2026-08-12 14:13:29,711 - pyserver - INFO - Received from UDP: 0003:1.1984468,0,-4.651166
2026-08-12 14:13:29,711 - unity.py - INFO - [36mHandling UDP Data: 0003:1.1984468,0,-4.651166[0m
2026-08-12 14:13:29,712 - unity.py - INFO - Got Host Player Object Position: 1.1984468,0,-4.651166
2026-08-12 14:13:29,733 - pyserver - INFO - Received from UDP: 0003:1.1998255,0,-4.614453
2026-08-12 14:13:29,733 - unity.py - INFO - [36mHandling UDP Data: 0003:1.1998255,0,-4.614453[0m
2026-08-12 14:13:29,733 - unity.py - INFO - Got Host Player Object Position: 1.1998255,0,-4.614453
2026-08-12 14:13:29,744 - pyserver - INFO - Received from UDP: 0003:1.2012014,0,-4.577812
2026-08-12 14:13:29,744 - unity.py - INFO - [36mHandling UDP Data: 0003:1.2012014,0,-4.577812[0m
2026-08-12 14:13:29,745 - unity.py - INFO - Got Host Player Object Position: 1.2012014,0,-4.577812
2026-08-12 14:13:29,765 - pyserver - INFO - Received from UDP: 0003:1.2025801,0,-4.5411005
2026-08-12 14:13:29,766 - unity.py - INFO - [36mHandling UDP Data: 0003:1.2025801,0,-4.5411005[0m
2026-08-12 14:13:29,766 - unity.py - INFO - Got Host Player Object Position: 1.2025801,0,-4.5411005
2026-08-12 14:13:29,776 - pyserver - INFO - Received from UDP: 0003:1.2039561,0,-4.5044594
2026-08-12 14:13:29,776 - unity.py - INFO - [36mHandling UDP Data: 0003:1.2039561,0,-4.5044594[0m
2026-08-12 14:13:29,776 - unity.py - INFO - Got Host Player Object Position: 1.2039561,0,-4.5044594
2026-08-12 14:13:29,797 - pyserver - INFO - Received from UDP: 0003:1.2053347,0,-4.467748
2026-08-12 14:13:29,797 - unity.py - INFO - [36mHandling UDP Data: 0003:1.2053347,0,-4.467748[0m
2026-08-12 14:13:29,797 - unity.py - INFO - Got Host Player Object Position: 1.2053347,0,-4.467748
2026-08-12 14:13:29,808 - pyserver - INFO - Received from UDP: 0003:1.2067107,0,-4.4311075
2026-08-12 14:13:29,808 - unity.py - INFO - [36mHandling UDP Data: 0003:1.2067107,0,-4.4311075[0m
2026-08-12 14:13:29,808 - unity.py - INFO - Got Host Player Object Position: 1.2067107,0,-4.4311075
2026-08-12 14:13:29,829 - pyserver - INFO - Received from UDP: 0003:1.2079924,0,-4.3969755
2026-08-12 14:13:29,829 - unity.py - INFO - [36mHandling UDP Data: 0003:1.2079924,0,-4.3969755[0m
2026-08-12 14:13:29,830 - unity.py - INFO - Got Host Player Object Position: 1.2079924,0,-4.3969755
2026-08-12 14:13:29,964 - pyserver - INFO - Received from UDP: 0003:1.2190111,0,-4.3969755
2026-08-12 14:13:29,965 - unity.py - INFO - [36mHandling UDP Data: 0003:1.2190111,0,-4.3969755[0m
2026-08-12 14:13:29,965 - unity.py - INFO - Got Host Player Object Position: 1.2190111,0,-4.3969755
2026-08-12 14:13:30,099 - pyserver - INFO - Received from UDP: 0003:1.2300298,0,-4.3969755
2026-08-12 14:13:30,099 - unity.py - INFO - [36mHandling UDP Data: 0003:1.2300298,0,-4.3969755[0m
2026-08-12 14:13:30,099 - unity.py - INFO - Got Host Player Object Position: 1.2300298,0,-4.3969755
2026-08-12 14:13:30,233 - pyserver - INFO - Received from UDP: 0003:1.2358078,0,-4.4081254
2026-08-12 14:13:30,233 - unity.py - INFO - [36mHandling UDP Data: 0003:1.2358078,0,-4.4081254[0m
2026-08-12 14:13:30,233 - unity.py - INFO - Got Host Player Object Position: 1.2358078,0,-4.4081254
2026-08-12 14:13:30,265 - pyserver - INFO - Received from UDP: 0003:1.2351843,0,-4.424728
2026-08-12 14:13:30,265 - unity.py - INFO - [36mHandling UDP Data: 0003:1.2351843,0,-4.424728[0m
2026-08-12 14:13:30,265 - unity.py - INFO - Got Host Player Object Position: 1.2351843,0,-4.424728
2026-08-12 14:13:30,275 - pyserver - INFO - Received from UDP: 0003:1.2347709,0,-4.4357367
2026-08-12 14:13:30,276 - unity.py - INFO - [36mHandling UDP Data: 0003:1.2347709,0,-4.4357367[0m
2026-08-12 14:13:30,276 - unity.py - INFO - Got Host Player Object Position: 1.2347709,0,-4.4357367
2026-08-12 14:13:30,297 - pyserver - INFO - Received from UDP: 0003:1.2342857,0,-4.448656
2026-08-12 14:13:30,297 - unity.py - INFO - [36mHandling UDP Data: 0003:1.2342857,0,-4.448656[0m
2026-08-12 14:13:30,297 - unity.py - INFO - Got Host Player Object Position: 1.2342857,0,-4.448656
2026-08-12 14:13:30,308 - pyserver - INFO - Received from UDP: 0003:1.2337329,0,-4.4633765
2026-08-12 14:13:30,308 - unity.py - INFO - [36mHandling UDP Data: 0003:1.2337329,0,-4.4633765[0m
2026-08-12 14:13:30,308 - unity.py - INFO - Got Host Player Object Position: 1.2337329,0,-4.4633765
2026-08-12 14:13:30,329 - pyserver - INFO - Received from UDP: 0003:1.2331104,0,-4.479953
2026-08-12 14:13:30,329 - unity.py - INFO - [36mHandling UDP Data: 0003:1.2331104,0,-4.479953[0m
2026-08-12 14:13:30,329 - unity.py - INFO - Got Host Player Object Position: 1.2331104,0,-4.479953
2026-08-12 14:13:30,350 - pyserver - INFO - Received from UDP: 0003:1.2324198,0,-4.4983416
2026-08-12 14:13:30,350 - unity.py - INFO - [36mHandling UDP Data: 0003:1.2324198,0,-4.4983416[0m
2026-08-12 14:13:30,350 - unity.py - INFO - Got Host Player Object Position: 1.2324198,0,-4.4983416
2026-08-12 14:13:30,361 - pyserver - INFO - Received from UDP: 0003:1.2316587,0,-4.5186114
2026-08-12 14:13:30,362 - unity.py - INFO - [36mHandling UDP Data: 0003:1.2316587,0,-4.5186114[0m
2026-08-12 14:13:30,363 - unity.py - INFO - Got Host Player Object Position: 1.2316587,0,-4.5186114
2026-08-12 14:13:30,383 - pyserver - INFO - Received from UDP: 0003:1.230832,0,-4.540624
2026-08-12 14:13:30,383 - unity.py - INFO - [36mHandling UDP Data: 0003:1.230832,0,-4.540624[0m
2026-08-12 14:13:30,383 - unity.py - INFO - Got Host Player Object Position: 1.230832,0,-4.540624
2026-08-12 14:13:30,394 - pyserver - INFO - Received from UDP: 0003:1.2299334,0,-4.5645556
2026-08-12 14:13:30,395 - unity.py - INFO - [36mHandling UDP Data: 0003:1.2299334,0,-4.5645556[0m
2026-08-12 14:13:30,395 - unity.py - INFO - Got Host Player Object Position: 1.2299334,0,-4.5645556
2026-08-12 14:13:30,416 - pyserver - INFO - Received from UDP: 0003:1.2289675,0,-4.590274
2026-08-12 14:13:30,416 - unity.py - INFO - [36mHandling UDP Data: 0003:1.2289675,0,-4.590274[0m
2026-08-12 14:13:30,416 - unity.py - INFO - Got Host Player Object Position: 1.2289675,0,-4.590274
2026-08-12 14:13:30,426 - pyserver - INFO - Received from UDP: 0003:1.2279308,0,-4.6178803
2026-08-12 14:13:30,427 - unity.py - INFO - [36mHandling UDP Data: 0003:1.2279308,0,-4.6178803[0m
2026-08-12 14:13:30,427 - unity.py - INFO - Got Host Player Object Position: 1.2279308,0,-4.6178803
2026-08-12 14:13:30,447 - pyserver - INFO - Received from UDP: 0003:1.2268264,0,-4.647287
2026-08-12 14:13:30,448 - unity.py - INFO - [36mHandling UDP Data: 0003:1.2268264,0,-4.647287[0m
2026-08-12 14:13:30,448 - unity.py - INFO - Got Host Player Object Position: 1.2268264,0,-4.647287
2026-08-12 14:13:30,458 - pyserver - INFO - Received from UDP: 0003:1.2256514,0,-4.6785793
2026-08-12 14:13:30,458 - unity.py - INFO - [36mHandling UDP Data: 0003:1.2256514,0,-4.6785793[0m
2026-08-12 14:13:30,459 - unity.py - INFO - Got Host Player Object Position: 1.2256514,0,-4.6785793
2026-08-12 14:13:30,479 - pyserver - INFO - Received from UDP: 0003:1.2244112,0,-4.7116036
2026-08-12 14:13:30,480 - unity.py - INFO - [36mHandling UDP Data: 0003:1.2244112,0,-4.7116036[0m
2026-08-12 14:13:30,480 - unity.py - INFO - Got Host Player Object Position: 1.2244112,0,-4.7116036
2026-08-12 14:13:30,501 - pyserver - INFO - Received from UDP: 0003:1.2230984,0,-4.7465606
2026-08-12 14:13:30,501 - unity.py - INFO - [36mHandling UDP Data: 0003:1.2230984,0,-4.7465606[0m
2026-08-12 14:13:30,501 - unity.py - INFO - Got Host Player Object Position: 1.2230984,0,-4.7465606
2026-08-12 14:13:30,512 - pyserver - INFO - Received from UDP: 0003:1.2217225,0,-4.7832017
2026-08-12 14:13:30,512 - unity.py - INFO - [36mHandling UDP Data: 0003:1.2217225,0,-4.7832017[0m
2026-08-12 14:13:30,512 - unity.py - INFO - Got Host Player Object Position: 1.2217225,0,-4.7832017
2026-08-12 14:13:30,533 - pyserver - INFO - Received from UDP: 0003:1.2203437,0,-4.8199143
2026-08-12 14:13:30,533 - unity.py - INFO - [36mHandling UDP Data: 0003:1.2203437,0,-4.8199143[0m
2026-08-12 14:13:30,533 - unity.py - INFO - Got Host Player Object Position: 1.2203437,0,-4.8199143
2026-08-12 14:13:30,544 - pyserver - INFO - Received from UDP: 0003:1.2189678,0,-4.856555
2026-08-12 14:13:30,545 - unity.py - INFO - [36mHandling UDP Data: 0003:1.2189678,0,-4.856555[0m
2026-08-12 14:13:30,545 - unity.py - INFO - Got Host Player Object Position: 1.2189678,0,-4.856555
2026-08-12 14:13:30,566 - pyserver - INFO - Received from UDP: 0003:1.217589,0,-4.893268
2026-08-12 14:13:30,566 - unity.py - INFO - [36mHandling UDP Data: 0003:1.217589,0,-4.893268[0m
2026-08-12 14:13:30,567 - unity.py - INFO - Got Host Player Object Position: 1.217589,0,-4.893268
2026-08-12 14:13:30,577 - pyserver - INFO - Received from UDP: 0003:1.2162131,0,-4.929909
2026-08-12 14:13:30,578 - unity.py - INFO - [36mHandling UDP Data: 0003:1.2162131,0,-4.929909[0m
2026-08-12 14:13:30,578 - unity.py - INFO - Got Host Player Object Position: 1.2162131,0,-4.929909
2026-08-12 14:13:30,599 - pyserver - INFO - Received from UDP: 0003:1.2148345,0,-4.966622
2026-08-12 14:13:30,599 - unity.py - INFO - [36mHandling UDP Data: 0003:1.2148345,0,-4.966622[0m
2026-08-12 14:13:30,599 - unity.py - INFO - Got Host Player Object Position: 1.2148345,0,-4.966622
2026-08-12 14:13:30,610 - pyserver - INFO - Received from UDP: 0003:1.2134584,0,-5.003263
2026-08-12 14:13:30,610 - unity.py - INFO - [36mHandling UDP Data: 0003:1.2134584,0,-5.003263[0m
2026-08-12 14:13:30,610 - unity.py - INFO - Got Host Player Object Position: 1.2134584,0,-5.003263
2026-08-12 14:13:30,631 - pyserver - INFO - Received from UDP: 0003:1.2120798,0,-5.039975
2026-08-12 14:13:30,631 - unity.py - INFO - [36mHandling UDP Data: 0003:1.2120798,0,-5.039975[0m
2026-08-12 14:13:30,631 - unity.py - INFO - Got Host Player Object Position: 1.2120798,0,-5.039975
2026-08-12 14:13:30,642 - pyserver - INFO - Received from UDP: 0003:1.2107037,0,-5.0766163
2026-08-12 14:13:30,642 - unity.py - INFO - [36mHandling UDP Data: 0003:1.2107037,0,-5.0766163[0m
2026-08-12 14:13:30,642 - unity.py - INFO - Got Host Player Object Position: 1.2107037,0,-5.0766163
2026-08-12 14:13:30,663 - pyserver - INFO - Received from UDP: 0003:1.2093251,0,-5.1133285
2026-08-12 14:13:30,663 - unity.py - INFO - [36mHandling UDP Data: 0003:1.2093251,0,-5.1133285[0m
2026-08-12 14:13:30,664 - unity.py - INFO - Got Host Player Object Position: 1.2093251,0,-5.1133285
2026-08-12 14:13:30,684 - pyserver - INFO - Received from UDP: 0003:1.2079492,0,-5.1499696
2026-08-12 14:13:30,685 - unity.py - INFO - [36mHandling UDP Data: 0003:1.2079492,0,-5.1499696[0m
2026-08-12 14:13:30,685 - unity.py - INFO - Got Host Player Object Position: 1.2079492,0,-5.1499696
2026-08-12 14:13:30,695 - pyserver - INFO - Received from UDP: 0003:1.2065704,0,-5.1866827
2026-08-12 14:13:30,696 - unity.py - INFO - [36mHandling UDP Data: 0003:1.2065704,0,-5.1866827[0m
2026-08-12 14:13:30,696 - unity.py - INFO - Got Host Player Object Position: 1.2065704,0,-5.1866827
2026-08-12 14:13:30,717 - pyserver - INFO - Received from UDP: 0003:1.2051945,0,-5.2233233
2026-08-12 14:13:30,717 - unity.py - INFO - [36mHandling UDP Data: 0003:1.2051945,0,-5.2233233[0m
2026-08-12 14:13:30,717 - unity.py - INFO - Got Host Player Object Position: 1.2051945,0,-5.2233233
2026-08-12 14:13:30,728 - pyserver - INFO - Received from UDP: 0003:1.2038157,0,-5.2600374
2026-08-12 14:13:30,728 - unity.py - INFO - [36mHandling UDP Data: 0003:1.2038157,0,-5.2600374[0m
2026-08-12 14:13:30,729 - unity.py - INFO - Got Host Player Object Position: 1.2038157,0,-5.2600374
2026-08-12 14:13:30,750 - pyserver - INFO - Received from UDP: 0003:1.2024397,0,-5.296678
2026-08-12 14:13:30,750 - unity.py - INFO - [36mHandling UDP Data: 0003:1.2024397,0,-5.296678[0m
2026-08-12 14:13:30,750 - unity.py - INFO - Got Host Player Object Position: 1.2024397,0,-5.296678
2026-08-12 14:13:30,761 - pyserver - INFO - Received from UDP: 0003:1.201061,0,-5.333391
2026-08-12 14:13:30,761 - unity.py - INFO - [36mHandling UDP Data: 0003:1.201061,0,-5.333391[0m
2026-08-12 14:13:30,761 - unity.py - INFO - Got Host Player Object Position: 1.201061,0,-5.333391
2026-08-12 14:13:30,782 - pyserver - INFO - Received from UDP: 0003:1.199685,0,-5.3700323
2026-08-12 14:13:30,782 - unity.py - INFO - [36mHandling UDP Data: 0003:1.199685,0,-5.3700323[0m
2026-08-12 14:13:30,782 - unity.py - INFO - Got Host Player Object Position: 1.199685,0,-5.3700323
2026-08-12 14:13:30,793 - pyserver - INFO - Received from UDP: 0003:1.1983063,0,-5.4067445
2026-08-12 14:13:30,793 - unity.py - INFO - [36mHandling UDP Data: 0003:1.1983063,0,-5.4067445[0m
2026-08-12 14:13:30,793 - unity.py - INFO - Got Host Player Object Position: 1.1983063,0,-5.4067445
2026-08-12 14:13:30,814 - pyserver - INFO - Received from UDP: 0003:1.1969304,0,-5.4433856
2026-08-12 14:13:30,814 - unity.py - INFO - [36mHandling UDP Data: 0003:1.1969304,0,-5.4433856[0m
2026-08-12 14:13:30,814 - unity.py - INFO - Got Host Player Object Position: 1.1969304,0,-5.4433856
2026-08-12 14:13:30,825 - pyserver - INFO - Received from UDP: 0003:1.1955518,0,-5.480098
2026-08-12 14:13:30,825 - unity.py - INFO - [36mHandling UDP Data: 0003:1.1955518,0,-5.480098[0m
2026-08-12 14:13:30,825 - unity.py - INFO - Got Host Player Object Position: 1.1955518,0,-5.480098
2026-08-12 14:13:30,846 - pyserver - INFO - Received from UDP: 0003:1.1941757,0,-5.5167384
2026-08-12 14:13:30,846 - unity.py - INFO - [36mHandling UDP Data: 0003:1.1941757,0,-5.5167384[0m
2026-08-12 14:13:30,847 - unity.py - INFO - Got Host Player Object Position: 1.1941757,0,-5.5167384
2026-08-12 14:13:30,867 - pyserver - INFO - Received from UDP: 0003:1.1927971,0,-5.5534506
2026-08-12 14:13:30,867 - unity.py - INFO - [36mHandling UDP Data: 0003:1.1927971,0,-5.5534506[0m
2026-08-12 14:13:30,868 - unity.py - INFO - Got Host Player Object Position: 1.1927971,0,-5.5534506
2026-08-12 14:13:30,878 - pyserver - INFO - Received from UDP: 0003:1.191421,0,-5.5900917
2026-08-12 14:13:30,879 - unity.py - INFO - [36mHandling UDP Data: 0003:1.191421,0,-5.5900917[0m
2026-08-12 14:13:30,879 - unity.py - INFO - Got Host Player Object Position: 1.191421,0,-5.5900917
2026-08-12 14:13:30,900 - pyserver - INFO - Received from UDP: 0003:1.1900424,0,-5.6268044
2026-08-12 14:13:30,900 - unity.py - INFO - [36mHandling UDP Data: 0003:1.1900424,0,-5.6268044[0m
2026-08-12 14:13:30,900 - unity.py - INFO - Got Host Player Object Position: 1.1900424,0,-5.6268044
2026-08-12 14:13:30,911 - pyserver - INFO - Received from UDP: 0003:1.1886663,0,-5.6634455
2026-08-12 14:13:30,911 - unity.py - INFO - [36mHandling UDP Data: 0003:1.1886663,0,-5.6634455[0m
2026-08-12 14:13:30,911 - unity.py - INFO - Got Host Player Object Position: 1.1886663,0,-5.6634455
2026-08-12 14:13:30,932 - pyserver - INFO - Received from UDP: 0003:1.1872877,0,-5.700158
2026-08-12 14:13:30,932 - unity.py - INFO - [36mHandling UDP Data: 0003:1.1872877,0,-5.700158[0m
2026-08-12 14:13:30,932 - unity.py - INFO - Got Host Player Object Position: 1.1872877,0,-5.700158
2026-08-12 14:13:30,943 - pyserver - INFO - Received from UDP: 0003:1.1859118,0,-5.736799
2026-08-12 14:13:30,943 - unity.py - INFO - [36mHandling UDP Data: 0003:1.1859118,0,-5.736799[0m
2026-08-12 14:13:30,943 - unity.py - INFO - Got Host Player Object Position: 1.1859118,0,-5.736799
2026-08-12 14:13:30,964 - pyserver - INFO - Received from UDP: 0003:1.184533,0,-5.773512
2026-08-12 14:13:30,964 - unity.py - INFO - [36mHandling UDP Data: 0003:1.184533,0,-5.773512[0m
2026-08-12 14:13:30,964 - unity.py - INFO - Got Host Player Object Position: 1.184533,0,-5.773512
2026-08-12 14:13:30,975 - pyserver - INFO - Received from UDP: 0003:1.1831571,0,-5.8101525
2026-08-12 14:13:30,975 - unity.py - INFO - [36mHandling UDP Data: 0003:1.1831571,0,-5.8101525[0m
2026-08-12 14:13:30,975 - unity.py - INFO - Got Host Player Object Position: 1.1831571,0,-5.8101525
2026-08-12 14:13:30,996 - pyserver - INFO - Received from UDP: 0003:1.1817783,0,-5.8468657
2026-08-12 14:13:30,996 - unity.py - INFO - [36mHandling UDP Data: 0003:1.1817783,0,-5.8468657[0m
2026-08-12 14:13:30,997 - unity.py - INFO - Got Host Player Object Position: 1.1817783,0,-5.8468657
2026-08-12 14:13:31,017 - pyserver - INFO - Received from UDP: 0003:1.1804024,0,-5.8835063
2026-08-12 14:13:31,017 - unity.py - INFO - [36mHandling UDP Data: 0003:1.1804024,0,-5.8835063[0m
2026-08-12 14:13:31,017 - unity.py - INFO - Got Host Player Object Position: 1.1804024,0,-5.8835063
2026-08-12 14:13:31,028 - pyserver - INFO - Received from UDP: 0003:1.1790237,0,-5.920219
2026-08-12 14:13:31,029 - unity.py - INFO - [36mHandling UDP Data: 0003:1.1790237,0,-5.920219[0m
2026-08-12 14:13:31,029 - unity.py - INFO - Got Host Player Object Position: 1.1790237,0,-5.920219
2026-08-12 14:13:31,050 - pyserver - INFO - Received from UDP: 0003:1.1777169,0,-5.955017
2026-08-12 14:13:31,050 - unity.py - INFO - [36mHandling UDP Data: 0003:1.1777169,0,-5.955017[0m
2026-08-12 14:13:31,050 - unity.py - INFO - Got Host Player Object Position: 1.1777169,0,-5.955017
2026-08-12 14:13:31,061 - pyserver - INFO - Received from UDP: 0003:1.1764758,0,-5.988068
2026-08-12 14:13:31,061 - unity.py - INFO - [36mHandling UDP Data: 0003:1.1764758,0,-5.988068[0m
2026-08-12 14:13:31,061 - unity.py - INFO - Got Host Player Object Position: 1.1764758,0,-5.988068
2026-08-12 14:13:31,082 - pyserver - INFO - Received from UDP: 0003:1.1753043,0,-6.019263
2026-08-12 14:13:31,082 - unity.py - INFO - [36mHandling UDP Data: 0003:1.1753043,0,-6.019263[0m
2026-08-12 14:13:31,082 - unity.py - INFO - Got Host Player Object Position: 1.1753043,0,-6.019263
2026-08-12 14:13:31,093 - pyserver - INFO - Received from UDP: 0003:1.174201,0,-6.0486403
2026-08-12 14:13:31,093 - unity.py - INFO - [36mHandling UDP Data: 0003:1.174201,0,-6.0486403[0m
2026-08-12 14:13:31,093 - unity.py - INFO - Got Host Player Object Position: 1.174201,0,-6.0486403
2026-08-12 14:13:31,114 - pyserver - INFO - Received from UDP: 0003:1.1731688,0,-6.076129
2026-08-12 14:13:31,114 - unity.py - INFO - [36mHandling UDP Data: 0003:1.1731688,0,-6.076129[0m
2026-08-12 14:13:31,114 - unity.py - INFO - Got Host Player Object Position: 1.1731688,0,-6.076129
2026-08-12 14:13:31,135 - pyserver - INFO - Received from UDP: 0003:1.1722037,0,-6.101827
2026-08-12 14:13:31,135 - unity.py - INFO - [36mHandling UDP Data: 0003:1.1722037,0,-6.101827[0m
2026-08-12 14:13:31,136 - unity.py - INFO - Got Host Player Object Position: 1.1722037,0,-6.101827
2026-08-12 14:13:31,146 - pyserver - INFO - Received from UDP: 0003:1.1713109,0,-6.1256022
2026-08-12 14:13:31,146 - unity.py - INFO - [36mHandling UDP Data: 0003:1.1713109,0,-6.1256022[0m
2026-08-12 14:13:31,146 - unity.py - INFO - Got Host Player Object Position: 1.1713109,0,-6.1256022
2026-08-12 14:13:31,167 - pyserver - INFO - Received from UDP: 0003:1.1704836,0,-6.1476316
2026-08-12 14:13:31,168 - unity.py - INFO - [36mHandling UDP Data: 0003:1.1704836,0,-6.1476316[0m
2026-08-12 14:13:31,168 - unity.py - INFO - Got Host Player Object Position: 1.1704836,0,-6.1476316
2026-08-12 14:13:31,178 - pyserver - INFO - Received from UDP: 0003:1.1697261,0,-6.1678014
2026-08-12 14:13:31,178 - unity.py - INFO - [36mHandling UDP Data: 0003:1.1697261,0,-6.1678014[0m
2026-08-12 14:13:31,178 - unity.py - INFO - Got Host Player Object Position: 1.1697261,0,-6.1678014
2026-08-12 14:13:31,199 - pyserver - INFO - Received from UDP: 0003:1.1690373,0,-6.186143
2026-08-12 14:13:31,199 - unity.py - INFO - [36mHandling UDP Data: 0003:1.1690373,0,-6.186143[0m
2026-08-12 14:13:31,199 - unity.py - INFO - Got Host Player Object Position: 1.1690373,0,-6.186143
2026-08-12 14:13:31,210 - pyserver - INFO - Received from UDP: 0003:1.1684185,0,-6.2026205
2026-08-12 14:13:31,210 - unity.py - INFO - [36mHandling UDP Data: 0003:1.1684185,0,-6.2026205[0m
2026-08-12 14:13:31,210 - unity.py - INFO - Got Host Player Object Position: 1.1684185,0,-6.2026205
2026-08-12 14:13:31,230 - pyserver - INFO - Received from UDP: 0003:1.1678674,0,-6.2172966
2026-08-12 14:13:31,231 - unity.py - INFO - [36mHandling UDP Data: 0003:1.1678674,0,-6.2172966[0m
2026-08-12 14:13:31,231 - unity.py - INFO - Got Host Player Object Position: 1.1678674,0,-6.2172966
2026-08-12 14:13:31,252 - pyserver - INFO - Received from UDP: 0003:1.1673863,0,-6.230108
2026-08-12 14:13:31,252 - unity.py - INFO - [36mHandling UDP Data: 0003:1.1673863,0,-6.230108[0m
2026-08-12 14:13:31,252 - unity.py - INFO - Got Host Player Object Position: 1.1673863,0,-6.230108
2026-08-12 14:13:31,262 - pyserver - INFO - Received from UDP: 0003:1.1669731,0,-6.2411118
2026-08-12 14:13:31,263 - unity.py - INFO - [36mHandling UDP Data: 0003:1.1669731,0,-6.2411118[0m
2026-08-12 14:13:31,263 - unity.py - INFO - Got Host Player Object Position: 1.1669731,0,-6.2411118
2026-08-12 14:13:31,294 - pyserver - INFO - Received from UDP: 0003:1.1663529,0,-6.257628
2026-08-12 14:13:31,294 - unity.py - INFO - [36mHandling UDP Data: 0003:1.1663529,0,-6.257628[0m
2026-08-12 14:13:31,294 - unity.py - INFO - Got Host Player Object Position: 1.1663529,0,-6.257628
2026-08-12 14:13:31,346 - pyserver - INFO - Received from UDP: 0003:1.1659402,0,-6.2686186
2026-08-12 14:13:31,346 - unity.py - INFO - [36mHandling UDP Data: 0003:1.1659402,0,-6.2686186[0m
2026-08-12 14:13:31,347 - unity.py - INFO - Got Host Player Object Position: 1.1659402,0,-6.2686186
2026-08-12 14:13:31,810 - pyserver - INFO - Received from UDP: 0003:1.1655283,0,-6.279587
2026-08-12 14:13:31,811 - unity.py - INFO - [36mHandling UDP Data: 0003:1.1655283,0,-6.279587[0m
2026-08-12 14:13:31,811 - unity.py - INFO - Got Host Player Object Position: 1.1655283,0,-6.279587
2026-08-12 14:13:31,852 - pyserver - INFO - Received from UDP: 0003:1.1649089,0,-6.2960796
2026-08-12 14:13:31,852 - unity.py - INFO - [36mHandling UDP Data: 0003:1.1649089,0,-6.2960796[0m
2026-08-12 14:13:31,852 - unity.py - INFO - Got Host Player Object Position: 1.1649089,0,-6.2960796
2026-08-12 14:13:31,863 - pyserver - INFO - Received from UDP: 0003:1.1644948,0,-6.3071065
2026-08-12 14:13:31,864 - unity.py - INFO - [36mHandling UDP Data: 0003:1.1644948,0,-6.3071065[0m
2026-08-12 14:13:31,864 - unity.py - INFO - Got Host Player Object Position: 1.1644948,0,-6.3071065
2026-08-12 14:13:31,895 - pyserver - INFO - Received from UDP: 0003:1.1633908,0,-6.336506
2026-08-12 14:13:31,895 - unity.py - INFO - [36mHandling UDP Data: 0003:1.1633908,0,-6.336506[0m
2026-08-12 14:13:31,895 - unity.py - INFO - Got Host Player Object Position: 1.1633908,0,-6.336506
2026-08-12 14:13:31,916 - pyserver - INFO - Received from UDP: 0003:1.1627711,0,-6.353008
2026-08-12 14:13:31,916 - unity.py - INFO - [36mHandling UDP Data: 0003:1.1627711,0,-6.353008[0m
2026-08-12 14:13:31,916 - unity.py - INFO - Got Host Player Object Position: 1.1627711,0,-6.353008
2026-08-12 14:13:31,926 - pyserver - INFO - Received from UDP: 0003:1.16208,0,-6.371409
2026-08-12 14:13:31,927 - unity.py - INFO - [36mHandling UDP Data: 0003:1.16208,0,-6.371409[0m
2026-08-12 14:13:31,927 - unity.py - INFO - Got Host Player Object Position: 1.16208,0,-6.371409
2026-08-12 14:13:31,968 - pyserver - INFO - Received from UDP: 0003:1.1604223,0,-6.415553
2026-08-12 14:13:31,968 - unity.py - INFO - [36mHandling UDP Data: 0003:1.1604223,0,-6.415553[0m
2026-08-12 14:13:31,968 - unity.py - INFO - Got Host Player Object Position: 1.1604223,0,-6.415553
2026-08-12 14:13:31,979 - pyserver - INFO - Received from UDP: 0003:1.1596606,0,-6.435835
2026-08-12 14:13:31,980 - unity.py - INFO - [36mHandling UDP Data: 0003:1.1596606,0,-6.435835[0m
2026-08-12 14:13:31,980 - unity.py - INFO - Got Host Player Object Position: 1.1596606,0,-6.435835
2026-08-12 14:13:32,000 - pyserver - INFO - Received from UDP: 0003:1.1589674,0,-6.454296
2026-08-12 14:13:32,001 - unity.py - INFO - [36mHandling UDP Data: 0003:1.1589674,0,-6.454296[0m
2026-08-12 14:13:32,001 - unity.py - INFO - Got Host Player Object Position: 1.1589674,0,-6.454296
2026-08-12 14:13:32,011 - pyserver - INFO - Received from UDP: 0003:1.1583446,0,-6.4708776
2026-08-12 14:13:32,011 - unity.py - INFO - [36mHandling UDP Data: 0003:1.1583446,0,-6.4708776[0m
2026-08-12 14:13:32,012 - unity.py - INFO - Got Host Player Object Position: 1.1583446,0,-6.4708776
2026-08-12 14:13:32,032 - pyserver - INFO - Received from UDP: 0003:1.1577893,0,-6.485664
2026-08-12 14:13:32,032 - unity.py - INFO - [36mHandling UDP Data: 0003:1.1577893,0,-6.485664[0m
2026-08-12 14:13:32,033 - unity.py - INFO - Got Host Player Object Position: 1.1577893,0,-6.485664
2026-08-12 14:13:32,043 - pyserver - INFO - Received from UDP: 0003:1.1573042,0,-6.4985843
2026-08-12 14:13:32,044 - unity.py - INFO - [36mHandling UDP Data: 0003:1.1573042,0,-6.4985843[0m
2026-08-12 14:13:32,044 - unity.py - INFO - Got Host Player Object Position: 1.1573042,0,-6.4985843
2026-08-12 14:13:32,064 - pyserver - INFO - Received from UDP: 0003:1.156887,0,-6.509692
2026-08-12 14:13:32,065 - unity.py - INFO - [36mHandling UDP Data: 0003:1.156887,0,-6.509692[0m
2026-08-12 14:13:32,065 - unity.py - INFO - Got Host Player Object Position: 1.156887,0,-6.509692
2026-08-12 14:13:32,096 - pyserver - INFO - Received from UDP: 0003:1.1562588,0,-6.52642
2026-08-12 14:13:32,097 - unity.py - INFO - [36mHandling UDP Data: 0003:1.1562588,0,-6.52642[0m
2026-08-12 14:13:32,098 - unity.py - INFO - Got Host Player Object Position: 1.1562588,0,-6.52642
2026-08-12 14:13:32,150 - pyserver - INFO - Received from UDP: 0003:1.1558348,0,-6.5377116
2026-08-12 14:13:32,150 - unity.py - INFO - [36mHandling UDP Data: 0003:1.1558348,0,-6.5377116[0m
2026-08-12 14:13:32,150 - unity.py - INFO - Got Host Player Object Position: 1.1558348,0,-6.5377116
2026-08-12 14:13:32,284 - pyserver - INFO - Received from UDP: 0003:1.1562492,0,-6.526677
2026-08-12 14:13:32,285 - unity.py - INFO - [36mHandling UDP Data: 0003:1.1562492,0,-6.526677[0m
2026-08-12 14:13:32,285 - unity.py - INFO - Got Host Player Object Position: 1.1562492,0,-6.526677
2026-08-12 14:13:32,315 - pyserver - INFO - Received from UDP: 0003:1.1568676,0,-6.510209
2026-08-12 14:13:32,316 - unity.py - INFO - [36mHandling UDP Data: 0003:1.1568676,0,-6.510209[0m
2026-08-12 14:13:32,316 - unity.py - INFO - Got Host Player Object Position: 1.1568676,0,-6.510209
2026-08-12 14:13:32,326 - pyserver - INFO - Received from UDP: 0003:1.1572812,0,-6.4991975
2026-08-12 14:13:32,327 - unity.py - INFO - [36mHandling UDP Data: 0003:1.1572812,0,-6.4991975[0m
2026-08-12 14:13:32,327 - unity.py - INFO - Got Host Player Object Position: 1.1572812,0,-6.4991975
2026-08-12 14:13:32,347 - pyserver - INFO - Received from UDP: 0003:1.1577628,0,-6.486372
2026-08-12 14:13:32,348 - unity.py - INFO - [36mHandling UDP Data: 0003:1.1577628,0,-6.486372[0m
2026-08-12 14:13:32,348 - unity.py - INFO - Got Host Player Object Position: 1.1577628,0,-6.486372
2026-08-12 14:13:32,369 - pyserver - INFO - Received from UDP: 0003:1.1583146,0,-6.4716783
2026-08-12 14:13:32,369 - unity.py - INFO - [36mHandling UDP Data: 0003:1.1583146,0,-6.4716783[0m
2026-08-12 14:13:32,369 - unity.py - INFO - Got Host Player Object Position: 1.1583146,0,-6.4716783
2026-08-12 14:13:32,379 - pyserver - INFO - Received from UDP: 0003:1.1589339,0,-6.4551864
2026-08-12 14:13:32,380 - unity.py - INFO - [36mHandling UDP Data: 0003:1.1589339,0,-6.4551864[0m
2026-08-12 14:13:32,380 - unity.py - INFO - Got Host Player Object Position: 1.1589339,0,-6.4551864
2026-08-12 14:13:32,402 - pyserver - INFO - Received from UDP: 0003:1.1596222,0,-6.4368587
2026-08-12 14:13:32,402 - unity.py - INFO - [36mHandling UDP Data: 0003:1.1596222,0,-6.4368587[0m
2026-08-12 14:13:32,402 - unity.py - INFO - Got Host Player Object Position: 1.1596222,0,-6.4368587
2026-08-12 14:13:32,413 - pyserver - INFO - Received from UDP: 0003:1.1603795,0,-6.4166923
2026-08-12 14:13:32,413 - unity.py - INFO - [36mHandling UDP Data: 0003:1.1603795,0,-6.4166923[0m
2026-08-12 14:13:32,413 - unity.py - INFO - Got Host Player Object Position: 1.1603795,0,-6.4166923
2026-08-12 14:13:32,434 - pyserver - INFO - Received from UDP: 0003:1.161207,0,-6.394659
2026-08-12 14:13:32,434 - unity.py - INFO - [36mHandling UDP Data: 0003:1.161207,0,-6.394659[0m
2026-08-12 14:13:32,434 - unity.py - INFO - Got Host Player Object Position: 1.161207,0,-6.394659
2026-08-12 14:13:32,445 - pyserver - INFO - Received from UDP: 0003:1.1621032,0,-6.3707924
2026-08-12 14:13:32,445 - unity.py - INFO - [36mHandling UDP Data: 0003:1.1621032,0,-6.3707924[0m
2026-08-12 14:13:32,445 - unity.py - INFO - Got Host Player Object Position: 1.1621032,0,-6.3707924
2026-08-12 14:13:32,466 - pyserver - INFO - Received from UDP: 0003:1.1630689,0,-6.3450766
2026-08-12 14:13:32,466 - unity.py - INFO - [36mHandling UDP Data: 0003:1.1630689,0,-6.3450766[0m
2026-08-12 14:13:32,466 - unity.py - INFO - Got Host Player Object Position: 1.1630689,0,-6.3450766
2026-08-12 14:13:32,477 - pyserver - INFO - Received from UDP: 0003:1.1641015,0,-6.3175793
2026-08-12 14:13:32,477 - unity.py - INFO - [36mHandling UDP Data: 0003:1.1641015,0,-6.3175793[0m
2026-08-12 14:13:32,477 - unity.py - INFO - Got Host Player Object Position: 1.1641015,0,-6.3175793
2026-08-12 14:13:32,498 - pyserver - INFO - Received from UDP: 0003:1.165204,0,-6.288221
2026-08-12 14:13:32,498 - unity.py - INFO - [36mHandling UDP Data: 0003:1.165204,0,-6.288221[0m
2026-08-12 14:13:32,498 - unity.py - INFO - Got Host Player Object Position: 1.165204,0,-6.288221
2026-08-12 14:13:32,519 - pyserver - INFO - Received from UDP: 0003:1.1663747,0,-6.257047
2026-08-12 14:13:32,520 - unity.py - INFO - [36mHandling UDP Data: 0003:1.1663747,0,-6.257047[0m
2026-08-12 14:13:32,520 - unity.py - INFO - Got Host Player Object Position: 1.1663747,0,-6.257047
2026-08-12 14:13:32,530 - pyserver - INFO - Received from UDP: 0003:1.1676165,0,-6.2239804
2026-08-12 14:13:32,530 - unity.py - INFO - [36mHandling UDP Data: 0003:1.1676165,0,-6.2239804[0m
2026-08-12 14:13:32,531 - unity.py - INFO - Got Host Player Object Position: 1.1676165,0,-6.2239804
2026-08-12 14:13:32,552 - pyserver - INFO - Received from UDP: 0003:1.1689243,0,-6.189154
2026-08-12 14:13:32,552 - unity.py - INFO - [36mHandling UDP Data: 0003:1.1689243,0,-6.189154[0m
2026-08-12 14:13:32,552 - unity.py - INFO - Got Host Player Object Position: 1.1689243,0,-6.189154
2026-08-12 14:13:32,562 - pyserver - INFO - Received from UDP: 0003:1.170303,0,-6.1524415
2026-08-12 14:13:32,563 - unity.py - INFO - [36mHandling UDP Data: 0003:1.170303,0,-6.1524415[0m
2026-08-12 14:13:32,564 - unity.py - INFO - Got Host Player Object Position: 1.170303,0,-6.1524415
2026-08-12 14:13:32,585 - pyserver - INFO - Received from UDP: 0003:1.1716789,0,-6.115801
2026-08-12 14:13:32,585 - unity.py - INFO - [36mHandling UDP Data: 0003:1.1716789,0,-6.115801[0m
2026-08-12 14:13:32,585 - unity.py - INFO - Got Host Player Object Position: 1.1716789,0,-6.115801
2026-08-12 14:13:32,595 - pyserver - INFO - Received from UDP: 0003:1.1730577,0,-6.079088
2026-08-12 14:13:32,595 - unity.py - INFO - [36mHandling UDP Data: 0003:1.1730577,0,-6.079088[0m
2026-08-12 14:13:32,596 - unity.py - INFO - Got Host Player Object Position: 1.1730577,0,-6.079088
2026-08-12 14:13:32,616 - pyserver - INFO - Received from UDP: 0003:1.1744336,0,-6.0424476
2026-08-12 14:13:32,616 - unity.py - INFO - [36mHandling UDP Data: 0003:1.1744336,0,-6.0424476[0m
2026-08-12 14:13:32,616 - unity.py - INFO - Got Host Player Object Position: 1.1744336,0,-6.0424476
2026-08-12 14:13:32,627 - pyserver - INFO - Received from UDP: 0003:1.1758122,0,-6.005735
2026-08-12 14:13:32,627 - unity.py - INFO - [36mHandling UDP Data: 0003:1.1758122,0,-6.005735[0m
2026-08-12 14:13:32,628 - unity.py - INFO - Got Host Player Object Position: 1.1758122,0,-6.005735
2026-08-12 14:13:32,649 - pyserver - INFO - Received from UDP: 0003:1.1771883,0,-5.9690943
2026-08-12 14:13:32,649 - unity.py - INFO - [36mHandling UDP Data: 0003:1.1771883,0,-5.9690943[0m
2026-08-12 14:13:32,649 - unity.py - INFO - Got Host Player Object Position: 1.1771883,0,-5.9690943
2026-08-12 14:13:32,670 - pyserver - INFO - Received from UDP: 0003:1.1785669,0,-5.9323816
2026-08-12 14:13:32,670 - unity.py - INFO - [36mHandling UDP Data: 0003:1.1785669,0,-5.9323816[0m
2026-08-12 14:13:32,670 - unity.py - INFO - Got Host Player Object Position: 1.1785669,0,-5.9323816
2026-08-12 14:13:32,681 - pyserver - INFO - Received from UDP: 0003:1.179943,0,-5.895741
2026-08-12 14:13:32,681 - unity.py - INFO - [36mHandling UDP Data: 0003:1.179943,0,-5.895741[0m
2026-08-12 14:13:32,681 - unity.py - INFO - Got Host Player Object Position: 1.179943,0,-5.895741
2026-08-12 14:13:32,702 - pyserver - INFO - Received from UDP: 0003:1.1812519,0,-5.860886
2026-08-12 14:13:32,702 - unity.py - INFO - [36mHandling UDP Data: 0003:1.1812519,0,-5.860886[0m
2026-08-12 14:13:32,702 - unity.py - INFO - Got Host Player Object Position: 1.1812519,0,-5.860886
2026-08-12 14:13:32,713 - pyserver - INFO - Received from UDP: 0003:1.1824902,0,-5.827909
2026-08-12 14:13:32,714 - unity.py - INFO - [36mHandling UDP Data: 0003:1.1824902,0,-5.827909[0m
2026-08-12 14:13:32,714 - unity.py - INFO - Got Host Player Object Position: 1.1824902,0,-5.827909
2026-08-12 14:13:32,734 - pyserver - INFO - Received from UDP: 0003:1.1836618,0,-5.7967124
2026-08-12 14:13:32,735 - unity.py - INFO - [36mHandling UDP Data: 0003:1.1836618,0,-5.7967124[0m
2026-08-12 14:13:32,735 - unity.py - INFO - Got Host Player Object Position: 1.1836618,0,-5.7967124
2026-08-12 14:13:32,745 - pyserver - INFO - Received from UDP: 0003:1.1847624,0,-5.7674046
2026-08-12 14:13:32,746 - unity.py - INFO - [36mHandling UDP Data: 0003:1.1847624,0,-5.7674046[0m
2026-08-12 14:13:32,746 - unity.py - INFO - Got Host Player Object Position: 1.1847624,0,-5.7674046
2026-08-12 14:13:32,766 - pyserver - INFO - Received from UDP: 0003:1.1857953,0,-5.739899
2026-08-12 14:13:32,767 - unity.py - INFO - [36mHandling UDP Data: 0003:1.1857953,0,-5.739899[0m
2026-08-12 14:13:32,767 - unity.py - INFO - Got Host Player Object Position: 1.1857953,0,-5.739899
2026-08-12 14:13:32,778 - pyserver - INFO - Received from UDP: 0003:1.1867579,0,-5.714267
2026-08-12 14:13:32,778 - unity.py - INFO - [36mHandling UDP Data: 0003:1.1867579,0,-5.714267[0m
2026-08-12 14:13:32,778 - unity.py - INFO - Got Host Player Object Position: 1.1867579,0,-5.714267
2026-08-12 14:13:32,799 - pyserver - INFO - Received from UDP: 0003:1.187655,0,-5.6903768
2026-08-12 14:13:32,799 - unity.py - INFO - [36mHandling UDP Data: 0003:1.187655,0,-5.6903768[0m
2026-08-12 14:13:32,800 - unity.py - INFO - Got Host Player Object Position: 1.187655,0,-5.6903768
2026-08-12 14:13:32,810 - pyserver - INFO - Received from UDP: 0003:1.1884798,0,-5.668414
2026-08-12 14:13:32,811 - unity.py - INFO - [36mHandling UDP Data: 0003:1.1884798,0,-5.668414[0m
2026-08-12 14:13:32,811 - unity.py - INFO - Got Host Player Object Position: 1.1884798,0,-5.668414
2026-08-12 14:13:32,831 - pyserver - INFO - Received from UDP: 0003:1.1892372,0,-5.648245
2026-08-12 14:13:32,832 - unity.py - INFO - [36mHandling UDP Data: 0003:1.1892372,0,-5.648245[0m
2026-08-12 14:13:32,832 - unity.py - INFO - Got Host Player Object Position: 1.1892372,0,-5.648245
2026-08-12 14:13:32,852 - pyserver - INFO - Received from UDP: 0003:1.1899251,0,-5.6299295
2026-08-12 14:13:32,853 - unity.py - INFO - [36mHandling UDP Data: 0003:1.1899251,0,-5.6299295[0m
2026-08-12 14:13:32,853 - unity.py - INFO - Got Host Player Object Position: 1.1899251,0,-5.6299295
2026-08-12 14:13:32,863 - pyserver - INFO - Received from UDP: 0003:1.1905446,0,-5.6134315
2026-08-12 14:13:32,864 - unity.py - INFO - [36mHandling UDP Data: 0003:1.1905446,0,-5.6134315[0m
2026-08-12 14:13:32,864 - unity.py - INFO - Got Host Player Object Position: 1.1905446,0,-5.6134315
2026-08-12 14:13:32,885 - pyserver - INFO - Received from UDP: 0003:1.191094,0,-5.5987997
2026-08-12 14:13:32,885 - unity.py - INFO - [36mHandling UDP Data: 0003:1.191094,0,-5.5987997[0m
2026-08-12 14:13:32,885 - unity.py - INFO - Got Host Player Object Position: 1.191094,0,-5.5987997
2026-08-12 14:13:32,895 - pyserver - INFO - Received from UDP: 0003:1.1915773,0,-5.585932
2026-08-12 14:13:32,896 - unity.py - INFO - [36mHandling UDP Data: 0003:1.1915773,0,-5.585932[0m
2026-08-12 14:13:32,896 - unity.py - INFO - Got Host Player Object Position: 1.1915773,0,-5.585932
2026-08-12 14:13:32,916 - pyserver - INFO - Received from UDP: 0003:1.1919881,0,-5.5749903
2026-08-12 14:13:32,917 - unity.py - INFO - [36mHandling UDP Data: 0003:1.1919881,0,-5.5749903[0m
2026-08-12 14:13:32,917 - unity.py - INFO - Got Host Player Object Position: 1.1919881,0,-5.5749903
2026-08-12 14:13:32,948 - pyserver - INFO - Received from UDP: 0003:1.1926059,0,-5.558543
2026-08-12 14:13:32,948 - unity.py - INFO - [36mHandling UDP Data: 0003:1.1926059,0,-5.558543[0m
2026-08-12 14:13:32,949 - unity.py - INFO - Got Host Player Object Position: 1.1926059,0,-5.558543
2026-08-12 14:13:33,001 - pyserver - INFO - Received from UDP: 0003:1.1930174,0,-5.5475836
2026-08-12 14:13:33,001 - unity.py - INFO - [36mHandling UDP Data: 0003:1.1930174,0,-5.5475836[0m
2026-08-12 14:13:33,001 - unity.py - INFO - Got Host Player Object Position: 1.1930174,0,-5.5475836
2026-08-12 14:13:33,382 - pyserver - INFO - Received from UDP: 0003:1.1926022,0,-5.55864
2026-08-12 14:13:33,382 - unity.py - INFO - [36mHandling UDP Data: 0003:1.1926022,0,-5.55864[0m
2026-08-12 14:13:33,383 - unity.py - INFO - Got Host Player Object Position: 1.1926022,0,-5.55864
2026-08-12 14:13:33,414 - pyserver - INFO - Received from UDP: 0003:1.1919829,0,-5.575131
2026-08-12 14:13:33,414 - unity.py - INFO - [36mHandling UDP Data: 0003:1.1919829,0,-5.575131[0m
2026-08-12 14:13:33,415 - unity.py - INFO - Got Host Player Object Position: 1.1919829,0,-5.575131
2026-08-12 14:13:33,436 - pyserver - INFO - Received from UDP: 0003:1.1915696,0,-5.5861382
2026-08-12 14:13:33,436 - unity.py - INFO - [36mHandling UDP Data: 0003:1.1915696,0,-5.5861382[0m
2026-08-12 14:13:33,437 - unity.py - INFO - Got Host Player Object Position: 1.1915696,0,-5.5861382
2026-08-12 14:13:33,447 - pyserver - INFO - Received from UDP: 0003:1.191086,0,-5.599014
2026-08-12 14:13:33,447 - unity.py - INFO - [36mHandling UDP Data: 0003:1.191086,0,-5.599014[0m
2026-08-12 14:13:33,447 - unity.py - INFO - Got Host Player Object Position: 1.191086,0,-5.599014
2026-08-12 14:13:33,468 - pyserver - INFO - Received from UDP: 0003:1.1905347,0,-5.6136928
2026-08-12 14:13:33,469 - unity.py - INFO - [36mHandling UDP Data: 0003:1.1905347,0,-5.6136928[0m
2026-08-12 14:13:33,469 - unity.py - INFO - Got Host Player Object Position: 1.1905347,0,-5.6136928
2026-08-12 14:13:33,479 - pyserver - INFO - Received from UDP: 0003:1.1899136,0,-5.6302342
2026-08-12 14:13:33,479 - unity.py - INFO - [36mHandling UDP Data: 0003:1.1899136,0,-5.6302342[0m
2026-08-12 14:13:33,480 - unity.py - INFO - Got Host Player Object Position: 1.1899136,0,-5.6302342
2026-08-12 14:13:33,500 - pyserver - INFO - Received from UDP: 0003:1.1892264,0,-5.648533
2026-08-12 14:13:33,501 - unity.py - INFO - [36mHandling UDP Data: 0003:1.1892264,0,-5.648533[0m
2026-08-12 14:13:33,501 - unity.py - INFO - Got Host Player Object Position: 1.1892264,0,-5.648533
2026-08-12 14:13:33,511 - pyserver - INFO - Received from UDP: 0003:1.1884669,0,-5.6687565
2026-08-12 14:13:33,512 - unity.py - INFO - [36mHandling UDP Data: 0003:1.1884669,0,-5.6687565[0m
2026-08-12 14:13:33,512 - unity.py - INFO - Got Host Player Object Position: 1.1884669,0,-5.6687565
2026-08-12 14:13:33,532 - pyserver - INFO - Received from UDP: 0003:1.1876404,0,-5.690767
2026-08-12 14:13:33,533 - unity.py - INFO - [36mHandling UDP Data: 0003:1.1876404,0,-5.690767[0m
2026-08-12 14:13:33,533 - unity.py - INFO - Got Host Player Object Position: 1.1876404,0,-5.690767
2026-08-12 14:13:33,553 - pyserver - INFO - Received from UDP: 0003:1.1867431,0,-5.7146606
2026-08-12 14:13:33,554 - unity.py - INFO - [36mHandling UDP Data: 0003:1.1867431,0,-5.7146606[0m
2026-08-12 14:13:33,554 - unity.py - INFO - Got Host Player Object Position: 1.1867431,0,-5.7146606
2026-08-12 14:13:33,564 - pyserver - INFO - Received from UDP: 0003:1.1857792,0,-5.740327
2026-08-12 14:13:33,564 - unity.py - INFO - [36mHandling UDP Data: 0003:1.1857792,0,-5.740327[0m
2026-08-12 14:13:33,565 - unity.py - INFO - Got Host Player Object Position: 1.1857792,0,-5.740327
2026-08-12 14:13:33,586 - pyserver - INFO - Received from UDP: 0003:1.1847441,0,-5.7678914
2026-08-12 14:13:33,586 - unity.py - INFO - [36mHandling UDP Data: 0003:1.1847441,0,-5.7678914[0m
2026-08-12 14:13:33,586 - unity.py - INFO - Got Host Player Object Position: 1.1847441,0,-5.7678914
2026-08-12 14:13:33,597 - pyserver - INFO - Received from UDP: 0003:1.1836435,0,-5.7972
2026-08-12 14:13:33,597 - unity.py - INFO - [36mHandling UDP Data: 0003:1.1836435,0,-5.7972[0m
2026-08-12 14:13:33,598 - unity.py - INFO - Got Host Player Object Position: 1.1836435,0,-5.7972
2026-08-12 14:13:33,618 - pyserver - INFO - Received from UDP: 0003:1.1824703,0,-5.8284407
2026-08-12 14:13:33,619 - unity.py - INFO - [36mHandling UDP Data: 0003:1.1824703,0,-5.8284407[0m
2026-08-12 14:13:33,619 - unity.py - INFO - Got Host Player Object Position: 1.1824703,0,-5.8284407
2026-08-12 14:13:33,629 - pyserver - INFO - Received from UDP: 0003:1.1812308,0,-5.861448
2026-08-12 14:13:33,629 - unity.py - INFO - [36mHandling UDP Data: 0003:1.1812308,0,-5.861448[0m
2026-08-12 14:13:33,630 - unity.py - INFO - Got Host Player Object Position: 1.1812308,0,-5.861448
2026-08-12 14:13:33,651 - pyserver - INFO - Received from UDP: 0003:1.1799196,0,-5.8963623
2026-08-12 14:13:33,651 - unity.py - INFO - [36mHandling UDP Data: 0003:1.1799196,0,-5.8963623[0m
2026-08-12 14:13:33,651 - unity.py - INFO - Got Host Player Object Position: 1.1799196,0,-5.8963623
2026-08-12 14:13:33,661 - pyserver - INFO - Received from UDP: 0003:1.1785436,0,-5.933003
2026-08-12 14:13:33,662 - unity.py - INFO - [36mHandling UDP Data: 0003:1.1785436,0,-5.933003[0m
2026-08-12 14:13:33,662 - unity.py - INFO - Got Host Player Object Position: 1.1785436,0,-5.933003
2026-08-12 14:13:33,683 - pyserver - INFO - Received from UDP: 0003:1.1771649,0,-5.9697156
2026-08-12 14:13:33,683 - unity.py - INFO - [36mHandling UDP Data: 0003:1.1771649,0,-5.9697156[0m
2026-08-12 14:13:33,683 - unity.py - INFO - Got Host Player Object Position: 1.1771649,0,-5.9697156
2026-08-12 14:13:33,704 - pyserver - INFO - Received from UDP: 0003:1.175789,0,-6.0063562
2026-08-12 14:13:33,704 - unity.py - INFO - [36mHandling UDP Data: 0003:1.175789,0,-6.0063562[0m
2026-08-12 14:13:33,704 - unity.py - INFO - Got Host Player Object Position: 1.175789,0,-6.0063562
2026-08-12 14:13:33,715 - pyserver - INFO - Received from UDP: 0003:1.1744103,0,-6.043069
2026-08-12 14:13:33,715 - unity.py - INFO - [36mHandling UDP Data: 0003:1.1744103,0,-6.043069[0m
2026-08-12 14:13:33,716 - unity.py - INFO - Got Host Player Object Position: 1.1744103,0,-6.043069
2026-08-12 14:13:33,736 - pyserver - INFO - Received from UDP: 0003:1.1730329,0,-6.0797462
2026-08-12 14:13:33,736 - unity.py - INFO - [36mHandling UDP Data: 0003:1.1730329,0,-6.0797462[0m
2026-08-12 14:13:33,736 - unity.py - INFO - Got Host Player Object Position: 1.1730329,0,-6.0797462
2026-08-12 14:13:33,747 - pyserver - INFO - Received from UDP: 0003:1.171657,0,-6.116387
2026-08-12 14:13:33,747 - unity.py - INFO - [36mHandling UDP Data: 0003:1.171657,0,-6.116387[0m
2026-08-12 14:13:33,747 - unity.py - INFO - Got Host Player Object Position: 1.171657,0,-6.116387
2026-08-12 14:13:33,768 - pyserver - INFO - Received from UDP: 0003:1.1702782,0,-6.1531
2026-08-12 14:13:33,768 - unity.py - INFO - [36mHandling UDP Data: 0003:1.1702782,0,-6.1531[0m
2026-08-12 14:13:33,768 - unity.py - INFO - Got Host Player Object Position: 1.1702782,0,-6.1531
2026-08-12 14:13:33,778 - pyserver - INFO - Received from UDP: 0003:1.1689023,0,-6.189741
2026-08-12 14:13:33,779 - unity.py - INFO - [36mHandling UDP Data: 0003:1.1689023,0,-6.189741[0m
2026-08-12 14:13:33,779 - unity.py - INFO - Got Host Player Object Position: 1.1689023,0,-6.189741
2026-08-12 14:13:33,800 - pyserver - INFO - Received from UDP: 0003:1.1675235,0,-6.2264543
2026-08-12 14:13:33,800 - unity.py - INFO - [36mHandling UDP Data: 0003:1.1675235,0,-6.2264543[0m
2026-08-12 14:13:33,801 - unity.py - INFO - Got Host Player Object Position: 1.1675235,0,-6.2264543
2026-08-12 14:13:33,822 - pyserver - INFO - Received from UDP: 0003:1.1661476,0,-6.263095
2026-08-12 14:13:33,822 - unity.py - INFO - [36mHandling UDP Data: 0003:1.1661476,0,-6.263095[0m
2026-08-12 14:13:33,822 - unity.py - INFO - Got Host Player Object Position: 1.1661476,0,-6.263095
2026-08-12 14:13:33,832 - pyserver - INFO - Received from UDP: 0003:1.1647689,0,-6.299807
2026-08-12 14:13:33,833 - unity.py - INFO - [36mHandling UDP Data: 0003:1.1647689,0,-6.299807[0m
2026-08-12 14:13:33,833 - unity.py - INFO - Got Host Player Object Position: 1.1647689,0,-6.299807
2026-08-12 14:13:33,854 - pyserver - INFO - Received from UDP: 0003:1.1633929,0,-6.3364477
2026-08-12 14:13:33,854 - unity.py - INFO - [36mHandling UDP Data: 0003:1.1633929,0,-6.3364477[0m
2026-08-12 14:13:33,854 - unity.py - INFO - Got Host Player Object Position: 1.1633929,0,-6.3364477
2026-08-12 14:13:33,865 - pyserver - INFO - Received from UDP: 0003:1.1620142,0,-6.3731594
2026-08-12 14:13:33,865 - unity.py - INFO - [36mHandling UDP Data: 0003:1.1620142,0,-6.3731594[0m
2026-08-12 14:13:33,866 - unity.py - INFO - Got Host Player Object Position: 1.1620142,0,-6.3731594
2026-08-12 14:13:33,887 - pyserver - INFO - Received from UDP: 0003:1.1607081,0,-6.4079423
2026-08-12 14:13:33,887 - unity.py - INFO - [36mHandling UDP Data: 0003:1.1607081,0,-6.4079423[0m
2026-08-12 14:13:33,887 - unity.py - INFO - Got Host Player Object Position: 1.1607081,0,-6.4079423
2026-08-12 14:13:33,898 - pyserver - INFO - Received from UDP: 0003:1.1594663,0,-6.4410095
2026-08-12 14:13:33,898 - unity.py - INFO - [36mHandling UDP Data: 0003:1.1594663,0,-6.4410095[0m
2026-08-12 14:13:33,898 - unity.py - INFO - Got Host Player Object Position: 1.1594663,0,-6.4410095
2026-08-12 14:13:33,918 - pyserver - INFO - Received from UDP: 0003:1.1582972,0,-6.4721413
2026-08-12 14:13:33,919 - unity.py - INFO - [36mHandling UDP Data: 0003:1.1582972,0,-6.4721413[0m
2026-08-12 14:13:33,919 - unity.py - INFO - Got Host Player Object Position: 1.1582972,0,-6.4721413
2026-08-12 14:13:33,929 - pyserver - INFO - Received from UDP: 0003:1.157195,0,-6.501492
2026-08-12 14:13:33,929 - unity.py - INFO - [36mHandling UDP Data: 0003:1.157195,0,-6.501492[0m
2026-08-12 14:13:33,929 - unity.py - INFO - Got Host Player Object Position: 1.157195,0,-6.501492
2026-08-12 14:13:33,950 - pyserver - INFO - Received from UDP: 0003:1.1561643,0,-6.528939
2026-08-12 14:13:33,951 - unity.py - INFO - [36mHandling UDP Data: 0003:1.1561643,0,-6.528939[0m
2026-08-12 14:13:33,951 - unity.py - INFO - Got Host Player Object Position: 1.1561643,0,-6.528939
2026-08-12 14:13:33,972 - pyserver - INFO - Received from UDP: 0003:1.1551999,0,-6.5546203
2026-08-12 14:13:33,972 - unity.py - INFO - [36mHandling UDP Data: 0003:1.1551999,0,-6.5546203[0m
2026-08-12 14:13:33,972 - unity.py - INFO - Got Host Player Object Position: 1.1551999,0,-6.5546203
2026-08-12 14:13:33,982 - pyserver - INFO - Received from UDP: 0003:1.154306,0,-6.578422
2026-08-12 14:13:33,983 - unity.py - INFO - [36mHandling UDP Data: 0003:1.154306,0,-6.578422[0m
2026-08-12 14:13:33,983 - unity.py - INFO - Got Host Player Object Position: 1.154306,0,-6.578422
2026-08-12 14:13:34,004 - pyserver - INFO - Received from UDP: 0003:1.1534787,0,-6.600451
2026-08-12 14:13:34,004 - unity.py - INFO - [36mHandling UDP Data: 0003:1.1534787,0,-6.600451[0m
2026-08-12 14:13:34,004 - unity.py - INFO - Got Host Player Object Position: 1.1534787,0,-6.600451
2026-08-12 14:13:34,015 - pyserver - INFO - Received from UDP: 0003:1.1527226,0,-6.620586
2026-08-12 14:13:34,015 - unity.py - INFO - [36mHandling UDP Data: 0003:1.1527226,0,-6.620586[0m
2026-08-12 14:13:34,016 - unity.py - INFO - Got Host Player Object Position: 1.1527226,0,-6.620586
2026-08-12 14:13:34,037 - pyserver - INFO - Received from UDP: 0003:1.1520345,0,-6.6389093
2026-08-12 14:13:34,037 - unity.py - INFO - [36mHandling UDP Data: 0003:1.1520345,0,-6.6389093[0m
2026-08-12 14:13:34,037 - unity.py - INFO - Got Host Player Object Position: 1.1520345,0,-6.6389093
2026-08-12 14:13:34,048 - pyserver - INFO - Received from UDP: 0003:1.1514168,0,-6.655358
2026-08-12 14:13:34,048 - unity.py - INFO - [36mHandling UDP Data: 0003:1.1514168,0,-6.655358[0m
2026-08-12 14:13:34,048 - unity.py - INFO - Got Host Player Object Position: 1.1514168,0,-6.655358
2026-08-12 14:13:34,069 - pyserver - INFO - Received from UDP: 0003:1.1508664,0,-6.6700134
2026-08-12 14:13:34,069 - unity.py - INFO - [36mHandling UDP Data: 0003:1.1508664,0,-6.6700134[0m
2026-08-12 14:13:34,069 - unity.py - INFO - Got Host Player Object Position: 1.1508664,0,-6.6700134
2026-08-12 14:13:34,080 - pyserver - INFO - Received from UDP: 0003:1.1503861,0,-6.6828046
2026-08-12 14:13:34,080 - unity.py - INFO - [36mHandling UDP Data: 0003:1.1503861,0,-6.6828046[0m
2026-08-12 14:13:34,080 - unity.py - INFO - Got Host Player Object Position: 1.1503861,0,-6.6828046
2026-08-12 14:13:34,101 - pyserver - INFO - Received from UDP: 0003:1.1499726,0,-6.693816
2026-08-12 14:13:34,101 - unity.py - INFO - [36mHandling UDP Data: 0003:1.1499726,0,-6.693816[0m
2026-08-12 14:13:34,101 - unity.py - INFO - Got Host Player Object Position: 1.1499726,0,-6.693816
2026-08-12 14:13:34,133 - pyserver - INFO - Received from UDP: 0003:1.149356,0,-6.710234
2026-08-12 14:13:34,133 - unity.py - INFO - [36mHandling UDP Data: 0003:1.149356,0,-6.710234[0m
2026-08-12 14:13:34,133 - unity.py - INFO - Got Host Player Object Position: 1.149356,0,-6.710234
2026-08-12 14:13:34,186 - pyserver - INFO - Received from UDP: 0003:1.1489469,0,-6.7211304
2026-08-12 14:13:34,187 - unity.py - INFO - [36mHandling UDP Data: 0003:1.1489469,0,-6.7211304[0m
2026-08-12 14:13:34,187 - unity.py - INFO - Got Host Player Object Position: 1.1489469,0,-6.7211304
2026-08-12 14:13:34,321 - pyserver - INFO - Received from UDP: 0003:1.1599591,0,-6.721544
2026-08-12 14:13:34,321 - unity.py - INFO - [36mHandling UDP Data: 0003:1.1599591,0,-6.721544[0m
2026-08-12 14:13:34,322 - unity.py - INFO - Got Host Player Object Position: 1.1599591,0,-6.721544
2026-08-12 14:13:34,353 - pyserver - INFO - Received from UDP: 0003:1.1764774,0,-6.722164
2026-08-12 14:13:34,353 - unity.py - INFO - [36mHandling UDP Data: 0003:1.1764774,0,-6.722164[0m
2026-08-12 14:13:34,353 - unity.py - INFO - Got Host Player Object Position: 1.1764774,0,-6.722164
2026-08-12 14:13:34,363 - pyserver - INFO - Received from UDP: 0003:1.1875412,0,-6.72258
2026-08-12 14:13:34,364 - unity.py - INFO - [36mHandling UDP Data: 0003:1.1875412,0,-6.72258[0m
2026-08-12 14:13:34,364 - unity.py - INFO - Got Host Player Object Position: 1.1875412,0,-6.72258
2026-08-12 14:13:34,385 - pyserver - INFO - Received from UDP: 0003:1.2003793,0,-6.723062
2026-08-12 14:13:34,385 - unity.py - INFO - [36mHandling UDP Data: 0003:1.2003793,0,-6.723062[0m
2026-08-12 14:13:34,385 - unity.py - INFO - Got Host Player Object Position: 1.2003793,0,-6.723062
2026-08-12 14:13:34,396 - pyserver - INFO - Received from UDP: 0003:1.2150441,0,-6.723613
2026-08-12 14:13:34,396 - unity.py - INFO - [36mHandling UDP Data: 0003:1.2150441,0,-6.723613[0m
2026-08-12 14:13:34,396 - unity.py - INFO - Got Host Player Object Position: 1.2150441,0,-6.723613
2026-08-12 14:13:34,417 - pyserver - INFO - Received from UDP: 0003:1.2315607,0,-6.7242327
2026-08-12 14:13:34,417 - unity.py - INFO - [36mHandling UDP Data: 0003:1.2315607,0,-6.7242327[0m
2026-08-12 14:13:34,417 - unity.py - INFO - Got Host Player Object Position: 1.2315607,0,-6.7242327
2026-08-12 14:13:34,439 - pyserver - INFO - Received from UDP: 0003:1.2499466,0,-6.724923
2026-08-12 14:13:34,439 - unity.py - INFO - [36mHandling UDP Data: 0003:1.2499466,0,-6.724923[0m
2026-08-12 14:13:34,439 - unity.py - INFO - Got Host Player Object Position: 1.2499466,0,-6.724923
2026-08-12 14:13:34,450 - pyserver - INFO - Received from UDP: 0003:1.2701288,0,-6.7256813
2026-08-12 14:13:34,450 - unity.py - INFO - [36mHandling UDP Data: 0003:1.2701288,0,-6.7256813[0m
2026-08-12 14:13:34,450 - unity.py - INFO - Got Host Player Object Position: 1.2701288,0,-6.7256813
2026-08-12 14:13:34,471 - pyserver - INFO - Received from UDP: 0003:1.2921897,0,-6.7265096
2026-08-12 14:13:34,472 - unity.py - INFO - [36mHandling UDP Data: 0003:1.2921897,0,-6.7265096[0m
2026-08-12 14:13:34,472 - unity.py - INFO - Got Host Player Object Position: 1.2921897,0,-6.7265096
2026-08-12 14:13:34,482 - pyserver - INFO - Received from UDP: 0003:1.3160347,0,-6.727405
2026-08-12 14:13:34,483 - unity.py - INFO - [36mHandling UDP Data: 0003:1.3160347,0,-6.727405[0m
2026-08-12 14:13:34,483 - unity.py - INFO - Got Host Player Object Position: 1.3160347,0,-6.727405
2026-08-12 14:13:34,504 - pyserver - INFO - Received from UDP: 0003:1.3417363,0,-6.72837
2026-08-12 14:13:34,505 - unity.py - INFO - [36mHandling UDP Data: 0003:1.3417363,0,-6.72837[0m
2026-08-12 14:13:34,505 - unity.py - INFO - Got Host Player Object Position: 1.3417363,0,-6.72837
2026-08-12 14:13:34,515 - pyserver - INFO - Received from UDP: 0003:1.3692554,0,-6.729404
2026-08-12 14:13:34,516 - unity.py - INFO - [36mHandling UDP Data: 0003:1.3692554,0,-6.729404[0m
2026-08-12 14:13:34,517 - unity.py - INFO - Got Host Player Object Position: 1.3692554,0,-6.729404
2026-08-12 14:13:34,537 - pyserver - INFO - Received from UDP: 0003:1.3986773,0,-6.730509
2026-08-12 14:13:34,537 - unity.py - INFO - [36mHandling UDP Data: 0003:1.3986773,0,-6.730509[0m
2026-08-12 14:13:34,538 - unity.py - INFO - Got Host Player Object Position: 1.3986773,0,-6.730509
2026-08-12 14:13:34,548 - pyserver - INFO - Received from UDP: 0003:1.4298581,0,-6.7316794
2026-08-12 14:13:34,548 - unity.py - INFO - [36mHandling UDP Data: 0003:1.4298581,0,-6.7316794[0m
2026-08-12 14:13:34,549 - unity.py - INFO - Got Host Player Object Position: 1.4298581,0,-6.7316794
2026-08-12 14:13:34,569 - pyserver - INFO - Received from UDP: 0003:1.4629353,0,-6.7329216
2026-08-12 14:13:34,570 - unity.py - INFO - [36mHandling UDP Data: 0003:1.4629353,0,-6.7329216[0m
2026-08-12 14:13:34,570 - unity.py - INFO - Got Host Player Object Position: 1.4629353,0,-6.7329216
2026-08-12 14:13:34,580 - pyserver - INFO - Received from UDP: 0003:1.4977964,0,-6.734231
2026-08-12 14:13:34,580 - unity.py - INFO - [36mHandling UDP Data: 0003:1.4977964,0,-6.734231[0m
2026-08-12 14:13:34,581 - unity.py - INFO - Got Host Player Object Position: 1.4977964,0,-6.734231
2026-08-12 14:13:34,602 - pyserver - INFO - Received from UDP: 0003:1.5345078,0,-6.7356095
2026-08-12 14:13:34,602 - unity.py - INFO - [36mHandling UDP Data: 0003:1.5345078,0,-6.7356095[0m
2026-08-12 14:13:34,602 - unity.py - INFO - Got Host Player Object Position: 1.5345078,0,-6.7356095
2026-08-12 14:13:34,613 - pyserver - INFO - Received from UDP: 0003:1.5711486,0,-6.7369857
2026-08-12 14:13:34,613 - unity.py - INFO - [36mHandling UDP Data: 0003:1.5711486,0,-6.7369857[0m
2026-08-12 14:13:34,613 - unity.py - INFO - Got Host Player Object Position: 1.5711486,0,-6.7369857
2026-08-12 14:13:34,634 - pyserver - INFO - Received from UDP: 0003:1.6078602,0,-6.738364
2026-08-12 14:13:34,634 - unity.py - INFO - [36mHandling UDP Data: 0003:1.6078602,0,-6.738364[0m
2026-08-12 14:13:34,635 - unity.py - INFO - Got Host Player Object Position: 1.6078602,0,-6.738364
2026-08-12 14:13:34,655 - pyserver - INFO - Received from UDP: 0003:1.644501,0,-6.7397404
2026-08-12 14:13:34,656 - unity.py - INFO - [36mHandling UDP Data: 0003:1.644501,0,-6.7397404[0m
2026-08-12 14:13:34,656 - unity.py - INFO - Got Host Player Object Position: 1.644501,0,-6.7397404
2026-08-12 14:13:34,666 - pyserver - INFO - Received from UDP: 0003:1.6812125,0,-6.741119
2026-08-12 14:13:34,666 - unity.py - INFO - [36mHandling UDP Data: 0003:1.6812125,0,-6.741119[0m
2026-08-12 14:13:34,667 - unity.py - INFO - Got Host Player Object Position: 1.6812125,0,-6.741119
2026-08-12 14:13:34,688 - pyserver - INFO - Received from UDP: 0003:1.7178534,0,-6.7424946
2026-08-12 14:13:34,688 - unity.py - INFO - [36mHandling UDP Data: 0003:1.7178534,0,-6.7424946[0m
2026-08-12 14:13:34,688 - unity.py - INFO - Got Host Player Object Position: 1.7178534,0,-6.7424946
2026-08-12 14:13:34,698 - pyserver - INFO - Received from UDP: 0003:1.7545658,0,-6.7438736
2026-08-12 14:13:34,699 - unity.py - INFO - [36mHandling UDP Data: 0003:1.7545658,0,-6.7438736[0m
2026-08-12 14:13:34,700 - unity.py - INFO - Got Host Player Object Position: 1.7545658,0,-6.7438736
2026-08-12 14:13:34,721 - pyserver - INFO - Received from UDP: 0003:1.7893083,0,-6.745178
2026-08-12 14:13:34,721 - unity.py - INFO - [36mHandling UDP Data: 0003:1.7893083,0,-6.745178[0m
2026-08-12 14:13:34,721 - unity.py - INFO - Got Host Player Object Position: 1.7893083,0,-6.745178
2026-08-12 14:13:34,731 - pyserver - INFO - Received from UDP: 0003:1.8223028,0,-6.746417
2026-08-12 14:13:34,732 - unity.py - INFO - [36mHandling UDP Data: 0003:1.8223028,0,-6.746417[0m
2026-08-12 14:13:34,732 - unity.py - INFO - Got Host Player Object Position: 1.8223028,0,-6.746417
2026-08-12 14:13:34,752 - pyserver - INFO - Received from UDP: 0003:1.853392,0,-6.747585
2026-08-12 14:13:34,753 - unity.py - INFO - [36mHandling UDP Data: 0003:1.853392,0,-6.747585[0m
2026-08-12 14:13:34,753 - unity.py - INFO - Got Host Player Object Position: 1.853392,0,-6.747585
2026-08-12 14:13:34,763 - pyserver - INFO - Received from UDP: 0003:1.882706,0,-6.7486854
2026-08-12 14:13:34,764 - unity.py - INFO - [36mHandling UDP Data: 0003:1.882706,0,-6.7486854[0m
2026-08-12 14:13:34,764 - unity.py - INFO - Got Host Player Object Position: 1.882706,0,-6.7486854
2026-08-12 14:13:34,784 - pyserver - INFO - Received from UDP: 0003:1.9101204,0,-6.749715
2026-08-12 14:13:34,785 - unity.py - INFO - [36mHandling UDP Data: 0003:1.9101204,0,-6.749715[0m
2026-08-12 14:13:34,785 - unity.py - INFO - Got Host Player Object Position: 1.9101204,0,-6.749715
2026-08-12 14:13:34,806 - pyserver - INFO - Received from UDP: 0003:1.9358088,0,-6.75068
2026-08-12 14:13:34,806 - unity.py - INFO - [36mHandling UDP Data: 0003:1.9358088,0,-6.75068[0m
2026-08-12 14:13:34,806 - unity.py - INFO - Got Host Player Object Position: 1.9358088,0,-6.75068
2026-08-12 14:13:34,817 - pyserver - INFO - Received from UDP: 0003:1.9595618,0,-6.7515717
2026-08-12 14:13:34,817 - unity.py - INFO - [36mHandling UDP Data: 0003:1.9595618,0,-6.7515717[0m
2026-08-12 14:13:34,817 - unity.py - INFO - Got Host Player Object Position: 1.9595618,0,-6.7515717
2026-08-12 14:13:34,838 - pyserver - INFO - Received from UDP: 0003:1.981533,0,-6.752397
2026-08-12 14:13:34,838 - unity.py - INFO - [36mHandling UDP Data: 0003:1.981533,0,-6.752397[0m
2026-08-12 14:13:34,838 - unity.py - INFO - Got Host Player Object Position: 1.981533,0,-6.752397
2026-08-12 14:13:34,849 - pyserver - INFO - Received from UDP: 0003:2.0016322,0,-6.7531514
2026-08-12 14:13:34,849 - unity.py - INFO - [36mHandling UDP Data: 0003:2.0016322,0,-6.7531514[0m
2026-08-12 14:13:34,849 - unity.py - INFO - Got Host Player Object Position: 2.0016322,0,-6.7531514
2026-08-12 14:13:34,870 - pyserver - INFO - Received from UDP: 0003:2.0199218,0,-6.7538385
2026-08-12 14:13:34,870 - unity.py - INFO - [36mHandling UDP Data: 0003:2.0199218,0,-6.7538385[0m
2026-08-12 14:13:34,870 - unity.py - INFO - Got Host Player Object Position: 2.0199218,0,-6.7538385
2026-08-12 14:13:34,881 - pyserver - INFO - Received from UDP: 0003:2.0363505,0,-6.7544556
2026-08-12 14:13:34,881 - unity.py - INFO - [36mHandling UDP Data: 0003:2.0363505,0,-6.7544556[0m
2026-08-12 14:13:34,881 - unity.py - INFO - Got Host Player Object Position: 2.0363505,0,-6.7544556
2026-08-12 14:13:34,902 - pyserver - INFO - Received from UDP: 0003:2.0510147,0,-6.7550063
2026-08-12 14:13:34,902 - unity.py - INFO - [36mHandling UDP Data: 0003:2.0510147,0,-6.7550063[0m
2026-08-12 14:13:34,902 - unity.py - INFO - Got Host Player Object Position: 2.0510147,0,-6.7550063
2026-08-12 14:13:34,912 - pyserver - INFO - Received from UDP: 0003:2.0637724,0,-6.755485
2026-08-12 14:13:34,913 - unity.py - INFO - [36mHandling UDP Data: 0003:2.0637724,0,-6.755485[0m
2026-08-12 14:13:34,913 - unity.py - INFO - Got Host Player Object Position: 2.0637724,0,-6.755485
2026-08-12 14:13:34,934 - pyserver - INFO - Received from UDP: 0003:2.0747013,0,-6.7558956
2026-08-12 14:13:34,934 - unity.py - INFO - [36mHandling UDP Data: 0003:2.0747013,0,-6.7558956[0m
2026-08-12 14:13:34,935 - unity.py - INFO - Got Host Player Object Position: 2.0747013,0,-6.7558956
2026-08-12 14:13:34,965 - pyserver - INFO - Received from UDP: 0003:2.0910869,0,-6.7565107
2026-08-12 14:13:34,966 - unity.py - INFO - [36mHandling UDP Data: 0003:2.0910869,0,-6.7565107[0m
2026-08-12 14:13:34,966 - unity.py - INFO - Got Host Player Object Position: 2.0910869,0,-6.7565107
2026-08-12 14:13:35,018 - pyserver - INFO - Received from UDP: 0003:2.1019392,0,-6.7569184
2026-08-12 14:13:35,018 - unity.py - INFO - [36mHandling UDP Data: 0003:2.1019392,0,-6.7569184[0m
2026-08-12 14:13:35,019 - unity.py - INFO - Got Host Player Object Position: 2.1019392,0,-6.7569184
2026-08-12 14:13:35,431 - pyserver - INFO - Received from UDP: 0003:2.0909207,0,-6.7565045
2026-08-12 14:13:35,431 - unity.py - INFO - [36mHandling UDP Data: 0003:2.0909207,0,-6.7565045[0m
2026-08-12 14:13:35,431 - unity.py - INFO - Got Host Player Object Position: 2.0909207,0,-6.7565045
2026-08-12 14:13:35,463 - pyserver - INFO - Received from UDP: 0003:2.0743952,0,-6.755884
2026-08-12 14:13:35,463 - unity.py - INFO - [36mHandling UDP Data: 0003:2.0743952,0,-6.755884[0m
2026-08-12 14:13:35,464 - unity.py - INFO - Got Host Player Object Position: 2.0743952,0,-6.755884
2026-08-12 14:13:35,485 - pyserver - INFO - Received from UDP: 0003:2.0633786,0,-6.7554703
2026-08-12 14:13:35,485 - unity.py - INFO - [36mHandling UDP Data: 0003:2.0633786,0,-6.7554703[0m
2026-08-12 14:13:35,485 - unity.py - INFO - Got Host Player Object Position: 2.0633786,0,-6.7554703
2026-08-12 14:13:35,516 - pyserver - INFO - Received from UDP: 0003:2.0339377,0,-6.754365
2026-08-12 14:13:35,516 - unity.py - INFO - [36mHandling UDP Data: 0003:2.0339377,0,-6.754365[0m
2026-08-12 14:13:35,516 - unity.py - INFO - Got Host Player Object Position: 2.0339377,0,-6.754365
2026-08-12 14:13:35,548 - pyserver - INFO - Received from UDP: 0003:1.9971116,0,-6.7529817
2026-08-12 14:13:35,548 - unity.py - INFO - [36mHandling UDP Data: 0003:1.9971116,0,-6.7529817[0m
2026-08-12 14:13:35,548 - unity.py - INFO - Got Host Player Object Position: 1.9971116,0,-6.7529817
2026-08-12 14:13:35,569 - pyserver - INFO - Received from UDP: 0003:1.9769436,0,-6.7522244
2026-08-12 14:13:35,569 - unity.py - INFO - [36mHandling UDP Data: 0003:1.9769436,0,-6.7522244[0m
2026-08-12 14:13:35,570 - unity.py - INFO - Got Host Player Object Position: 1.9769436,0,-6.7522244
2026-08-12 14:13:35,580 - pyserver - INFO - Received from UDP: 0003:1.9548761,0,-6.7513957
2026-08-12 14:13:35,580 - unity.py - INFO - [36mHandling UDP Data: 0003:1.9548761,0,-6.7513957[0m
2026-08-12 14:13:35,580 - unity.py - INFO - Got Host Player Object Position: 1.9548761,0,-6.7513957
2026-08-12 14:13:35,601 - pyserver - INFO - Received from UDP: 0003:1.9310166,0,-6.7504997
2026-08-12 14:13:35,601 - unity.py - INFO - [36mHandling UDP Data: 0003:1.9310166,0,-6.7504997[0m
2026-08-12 14:13:35,601 - unity.py - INFO - Got Host Player Object Position: 1.9310166,0,-6.7504997
2026-08-12 14:13:35,622 - pyserver - INFO - Received from UDP: 0003:1.9053155,0,-6.7495346
2026-08-12 14:13:35,622 - unity.py - INFO - [36mHandling UDP Data: 0003:1.9053155,0,-6.7495346[0m
2026-08-12 14:13:35,622 - unity.py - INFO - Got Host Player Object Position: 1.9053155,0,-6.7495346
2026-08-12 14:13:35,632 - pyserver - INFO - Received from UDP: 0003:1.877786,0,-6.748501
2026-08-12 14:13:35,632 - unity.py - INFO - [36mHandling UDP Data: 0003:1.877786,0,-6.748501[0m
2026-08-12 14:13:35,633 - unity.py - INFO - Got Host Player Object Position: 1.877786,0,-6.748501
2026-08-12 14:13:35,654 - pyserver - INFO - Received from UDP: 0003:1.8483764,0,-6.7473965
2026-08-12 14:13:35,654 - unity.py - INFO - [36mHandling UDP Data: 0003:1.8483764,0,-6.7473965[0m
2026-08-12 14:13:35,654 - unity.py - INFO - Got Host Player Object Position: 1.8483764,0,-6.7473965
2026-08-12 14:13:35,665 - pyserver - INFO - Received from UDP: 0003:1.8171872,0,-6.746225
2026-08-12 14:13:35,665 - unity.py - INFO - [36mHandling UDP Data: 0003:1.8171872,0,-6.746225[0m
2026-08-12 14:13:35,665 - unity.py - INFO - Got Host Player Object Position: 1.8171872,0,-6.746225
2026-08-12 14:13:35,686 - pyserver - INFO - Received from UDP: 0003:1.7840979,0,-6.7449822
2026-08-12 14:13:35,686 - unity.py - INFO - [36mHandling UDP Data: 0003:1.7840979,0,-6.7449822[0m
2026-08-12 14:13:35,686 - unity.py - INFO - Got Host Player Object Position: 1.7840979,0,-6.7449822
2026-08-12 14:13:35,697 - pyserver - INFO - Received from UDP: 0003:1.7492337,0,-6.7436733
2026-08-12 14:13:35,697 - unity.py - INFO - [36mHandling UDP Data: 0003:1.7492337,0,-6.7436733[0m
2026-08-12 14:13:35,698 - unity.py - INFO - Got Host Player Object Position: 1.7492337,0,-6.7436733
2026-08-12 14:13:35,718 - pyserver - INFO - Received from UDP: 0003:1.7125204,0,-6.7422943
2026-08-12 14:13:35,718 - unity.py - INFO - [36mHandling UDP Data: 0003:1.7125204,0,-6.7422943[0m
2026-08-12 14:13:35,718 - unity.py - INFO - Got Host Player Object Position: 1.7125204,0,-6.7422943
2026-08-12 14:13:35,739 - pyserver - INFO - Received from UDP: 0003:1.6758796,0,-6.7409186
2026-08-12 14:13:35,739 - unity.py - INFO - [36mHandling UDP Data: 0003:1.6758796,0,-6.7409186[0m
2026-08-12 14:13:35,739 - unity.py - INFO - Got Host Player Object Position: 1.6758796,0,-6.7409186
2026-08-12 14:13:35,749 - pyserver - INFO - Received from UDP: 0003:1.6391672,0,-6.7395396
2026-08-12 14:13:35,750 - unity.py - INFO - [36mHandling UDP Data: 0003:1.6391672,0,-6.7395396[0m
2026-08-12 14:13:35,750 - unity.py - INFO - Got Host Player Object Position: 1.6391672,0,-6.7395396
2026-08-12 14:13:35,771 - pyserver - INFO - Received from UDP: 0003:1.6025263,0,-6.738164
2026-08-12 14:13:35,771 - unity.py - INFO - [36mHandling UDP Data: 0003:1.6025263,0,-6.738164[0m
2026-08-12 14:13:35,771 - unity.py - INFO - Got Host Player Object Position: 1.6025263,0,-6.738164
2026-08-12 14:13:35,782 - pyserver - INFO - Received from UDP: 0003:1.5658134,0,-6.736785
2026-08-12 14:13:35,782 - unity.py - INFO - [36mHandling UDP Data: 0003:1.5658134,0,-6.736785[0m
2026-08-12 14:13:35,782 - unity.py - INFO - Got Host Player Object Position: 1.5658134,0,-6.736785
2026-08-12 14:13:35,803 - pyserver - INFO - Received from UDP: 0003:1.5291727,0,-6.7354093
2026-08-12 14:13:35,803 - unity.py - INFO - [36mHandling UDP Data: 0003:1.5291727,0,-6.7354093[0m
2026-08-12 14:13:35,803 - unity.py - INFO - Got Host Player Object Position: 1.5291727,0,-6.7354093
2026-08-12 14:13:35,814 - pyserver - INFO - Received from UDP: 0003:1.4924594,0,-6.7340302
2026-08-12 14:13:35,814 - unity.py - INFO - [36mHandling UDP Data: 0003:1.4924594,0,-6.7340302[0m
2026-08-12 14:13:35,814 - unity.py - INFO - Got Host Player Object Position: 1.4924594,0,-6.7340302
2026-08-12 14:13:35,835 - pyserver - INFO - Received from UDP: 0003:1.4558187,0,-6.7326546
2026-08-12 14:13:35,835 - unity.py - INFO - [36mHandling UDP Data: 0003:1.4558187,0,-6.7326546[0m
2026-08-12 14:13:35,835 - unity.py - INFO - Got Host Player Object Position: 1.4558187,0,-6.7326546
2026-08-12 14:13:35,856 - pyserver - INFO - Received from UDP: 0003:1.4191058,0,-6.7312756
2026-08-12 14:13:35,856 - unity.py - INFO - [36mHandling UDP Data: 0003:1.4191058,0,-6.7312756[0m
2026-08-12 14:13:35,856 - unity.py - INFO - Got Host Player Object Position: 1.4191058,0,-6.7312756
2026-08-12 14:13:35,867 - pyserver - INFO - Received from UDP: 0003:1.3824649,0,-6.7299
2026-08-12 14:13:35,867 - unity.py - INFO - [36mHandling UDP Data: 0003:1.3824649,0,-6.7299[0m
2026-08-12 14:13:35,867 - unity.py - INFO - Got Host Player Object Position: 1.3824649,0,-6.7299
2026-08-12 14:13:35,888 - pyserver - INFO - Received from UDP: 0003:1.3457525,0,-6.7285213
2026-08-12 14:13:35,888 - unity.py - INFO - [36mHandling UDP Data: 0003:1.3457525,0,-6.7285213[0m
2026-08-12 14:13:35,888 - unity.py - INFO - Got Host Player Object Position: 1.3457525,0,-6.7285213
2026-08-12 14:13:35,899 - pyserver - INFO - Received from UDP: 0003:1.3091117,0,-6.727145
2026-08-12 14:13:35,899 - unity.py - INFO - [36mHandling UDP Data: 0003:1.3091117,0,-6.727145[0m
2026-08-12 14:13:35,899 - unity.py - INFO - Got Host Player Object Position: 1.3091117,0,-6.727145
2026-08-12 14:13:35,920 - pyserver - INFO - Received from UDP: 0003:1.272399,0,-6.7257667
2026-08-12 14:13:35,920 - unity.py - INFO - [36mHandling UDP Data: 0003:1.272399,0,-6.7257667[0m
2026-08-12 14:13:35,920 - unity.py - INFO - Got Host Player Object Position: 1.272399,0,-6.7257667
2026-08-12 14:13:35,930 - pyserver - INFO - Received from UDP: 0003:1.2376552,0,-6.7244616
2026-08-12 14:13:35,931 - unity.py - INFO - [36mHandling UDP Data: 0003:1.2376552,0,-6.7244616[0m
2026-08-12 14:13:35,931 - unity.py - INFO - Got Host Player Object Position: 1.2376552,0,-6.7244616
2026-08-12 14:13:35,951 - pyserver - INFO - Received from UDP: 0003:1.2046556,0,-6.7232223
2026-08-12 14:13:35,952 - unity.py - INFO - [36mHandling UDP Data: 0003:1.2046556,0,-6.7232223[0m
2026-08-12 14:13:35,952 - unity.py - INFO - Got Host Player Object Position: 1.2046556,0,-6.7232223
2026-08-12 14:13:35,973 - pyserver - INFO - Received from UDP: 0003:1.1735573,0,-6.7220545
2026-08-12 14:13:35,973 - unity.py - INFO - [36mHandling UDP Data: 0003:1.1735573,0,-6.7220545[0m
2026-08-12 14:13:35,973 - unity.py - INFO - Got Host Player Object Position: 1.1735573,0,-6.7220545
2026-08-12 14:13:35,983 - pyserver - INFO - Received from UDP: 0003:1.1442457,0,-6.720954
2026-08-12 14:13:35,984 - unity.py - INFO - [36mHandling UDP Data: 0003:1.1442457,0,-6.720954[0m
2026-08-12 14:13:35,984 - unity.py - INFO - Got Host Player Object Position: 1.1442457,0,-6.720954
2026-08-12 14:13:36,005 - pyserver - INFO - Received from UDP: 0003:1.1168185,0,-6.719924
2026-08-12 14:13:36,005 - unity.py - INFO - [36mHandling UDP Data: 0003:1.1168185,0,-6.719924[0m
2026-08-12 14:13:36,005 - unity.py - INFO - Got Host Player Object Position: 1.1168185,0,-6.719924
2026-08-12 14:13:36,016 - pyserver - INFO - Received from UDP: 0003:1.0911306,0,-6.7189593
2026-08-12 14:13:36,016 - unity.py - INFO - [36mHandling UDP Data: 0003:1.0911306,0,-6.7189593[0m
2026-08-12 14:13:36,017 - unity.py - INFO - Got Host Player Object Position: 1.0911306,0,-6.7189593
2026-08-12 14:13:36,038 - pyserver - INFO - Received from UDP: 0003:1.0674018,0,-6.718068
2026-08-12 14:13:36,038 - unity.py - INFO - [36mHandling UDP Data: 0003:1.0674018,0,-6.718068[0m
2026-08-12 14:13:36,038 - unity.py - INFO - Got Host Player Object Position: 1.0674018,0,-6.718068
2026-08-12 14:13:36,048 - pyserver - INFO - Received from UDP: 0003:1.0454415,0,-6.7172437
2026-08-12 14:13:36,049 - unity.py - INFO - [36mHandling UDP Data: 0003:1.0454415,0,-6.7172437[0m
2026-08-12 14:13:36,049 - unity.py - INFO - Got Host Player Object Position: 1.0454415,0,-6.7172437
2026-08-12 14:13:36,069 - pyserver - INFO - Received from UDP: 0003:1.0253621,0,-6.7164893
2026-08-12 14:13:36,070 - unity.py - INFO - [36mHandling UDP Data: 0003:1.0253621,0,-6.7164893[0m
2026-08-12 14:13:36,070 - unity.py - INFO - Got Host Player Object Position: 1.0253621,0,-6.7164893
2026-08-12 14:13:36,080 - pyserver - INFO - Received from UDP: 0003:1.0070674,0,-6.715802
2026-08-12 14:13:36,080 - unity.py - INFO - [36mHandling UDP Data: 0003:1.0070674,0,-6.715802[0m
2026-08-12 14:13:36,080 - unity.py - INFO - Got Host Player Object Position: 1.0070674,0,-6.715802
2026-08-12 14:13:36,101 - pyserver - INFO - Received from UDP: 0003:0.9906466,0,-6.7151856
2026-08-12 14:13:36,101 - unity.py - INFO - [36mHandling UDP Data: 0003:0.9906466,0,-6.7151856[0m
2026-08-12 14:13:36,101 - unity.py - INFO - Got Host Player Object Position: 0.9906466,0,-6.7151856
2026-08-12 14:13:36,122 - pyserver - INFO - Received from UDP: 0003:0.97599417,0,-6.7146354
2026-08-12 14:13:36,122 - unity.py - INFO - [36mHandling UDP Data: 0003:0.97599417,0,-6.7146354[0m
2026-08-12 14:13:36,122 - unity.py - INFO - Got Host Player Object Position: 0.97599417,0,-6.7146354
2026-08-12 14:13:36,133 - pyserver - INFO - Received from UDP: 0003:0.9632415,0,-6.7141566
2026-08-12 14:13:36,133 - unity.py - INFO - [36mHandling UDP Data: 0003:0.9632415,0,-6.7141566[0m
2026-08-12 14:13:36,133 - unity.py - INFO - Got Host Player Object Position: 0.9632415,0,-6.7141566
2026-08-12 14:13:36,155 - pyserver - INFO - Received from UDP: 0003:0.95229024,0,-6.713745
2026-08-12 14:13:36,155 - unity.py - INFO - [36mHandling UDP Data: 0003:0.95229024,0,-6.713745[0m
2026-08-12 14:13:36,155 - unity.py - INFO - Got Host Player Object Position: 0.95229024,0,-6.713745
2026-08-12 14:13:36,186 - pyserver - INFO - Received from UDP: 0003:0.93591064,0,-6.71313
2026-08-12 14:13:36,186 - unity.py - INFO - [36mHandling UDP Data: 0003:0.93591064,0,-6.71313[0m
2026-08-12 14:13:36,186 - unity.py - INFO - Got Host Player Object Position: 0.93591064,0,-6.71313
2026-08-12 14:13:36,238 - pyserver - INFO - Received from UDP: 0003:0.92509437,0,-6.712724
2026-08-12 14:13:36,238 - unity.py - INFO - [36mHandling UDP Data: 0003:0.92509437,0,-6.712724[0m
2026-08-12 14:13:36,238 - unity.py - INFO - Got Host Player Object Position: 0.92509437,0,-6.712724
2026-08-12 14:13:36,590 - pyserver - INFO - Received from UDP: 0003:0.9255092,0,-6.7016773
2026-08-12 14:13:36,590 - unity.py - INFO - [36mHandling UDP Data: 0003:0.9255092,0,-6.7016773[0m
2026-08-12 14:13:36,590 - unity.py - INFO - Got Host Player Object Position: 0.9255092,0,-6.7016773
2026-08-12 14:13:36,622 - pyserver - INFO - Received from UDP: 0003:0.92612946,0,-6.6851606
2026-08-12 14:13:36,622 - unity.py - INFO - [36mHandling UDP Data: 0003:0.92612946,0,-6.6851606[0m
2026-08-12 14:13:36,622 - unity.py - INFO - Got Host Player Object Position: 0.92612946,0,-6.6851606
2026-08-12 14:13:36,633 - pyserver - INFO - Received from UDP: 0003:0.92654335,0,-6.674139
2026-08-12 14:13:36,633 - unity.py - INFO - [36mHandling UDP Data: 0003:0.92654335,0,-6.674139[0m
2026-08-12 14:13:36,633 - unity.py - INFO - Got Host Player Object Position: 0.92654335,0,-6.674139
2026-08-12 14:13:36,654 - pyserver - INFO - Received from UDP: 0003:0.9270259,0,-6.6612883
2026-08-12 14:13:36,654 - unity.py - INFO - [36mHandling UDP Data: 0003:0.9270259,0,-6.6612883[0m
2026-08-12 14:13:36,654 - unity.py - INFO - Got Host Player Object Position: 0.9270259,0,-6.6612883
2026-08-12 14:13:36,664 - pyserver - INFO - Received from UDP: 0003:0.92757857,0,-6.6465726
2026-08-12 14:13:36,665 - unity.py - INFO - [36mHandling UDP Data: 0003:0.92757857,0,-6.6465726[0m
2026-08-12 14:13:36,665 - unity.py - INFO - Got Host Player Object Position: 0.92757857,0,-6.6465726
2026-08-12 14:13:36,686 - pyserver - INFO - Received from UDP: 0003:0.9281992,0,-6.6300473
2026-08-12 14:13:36,686 - unity.py - INFO - [36mHandling UDP Data: 0003:0.9281992,0,-6.6300473[0m
2026-08-12 14:13:36,686 - unity.py - INFO - Got Host Player Object Position: 0.9281992,0,-6.6300473
2026-08-12 14:13:36,697 - pyserver - INFO - Received from UDP: 0003:0.9288896,0,-6.611662
2026-08-12 14:13:36,697 - unity.py - INFO - [36mHandling UDP Data: 0003:0.9288896,0,-6.611662[0m
2026-08-12 14:13:36,697 - unity.py - INFO - Got Host Player Object Position: 0.9288896,0,-6.611662
2026-08-12 14:13:36,718 - pyserver - INFO - Received from UDP: 0003:0.92964613,0,-6.5915155
2026-08-12 14:13:36,718 - unity.py - INFO - [36mHandling UDP Data: 0003:0.92964613,0,-6.5915155[0m
2026-08-12 14:13:36,719 - unity.py - INFO - Got Host Player Object Position: 0.92964613,0,-6.5915155
2026-08-12 14:13:36,739 - pyserver - INFO - Received from UDP: 0003:0.93047494,0,-6.569445
2026-08-12 14:13:36,739 - unity.py - INFO - [36mHandling UDP Data: 0003:0.93047494,0,-6.569445[0m
2026-08-12 14:13:36,740 - unity.py - INFO - Got Host Player Object Position: 0.93047494,0,-6.569445
2026-08-12 14:13:36,750 - pyserver - INFO - Received from UDP: 0003:0.9313706,0,-6.545595
2026-08-12 14:13:36,751 - unity.py - INFO - [36mHandling UDP Data: 0003:0.9313706,0,-6.545595[0m
2026-08-12 14:13:36,751 - unity.py - INFO - Got Host Player Object Position: 0.9313706,0,-6.545595
2026-08-12 14:13:36,772 - pyserver - INFO - Received from UDP: 0003:0.9323369,0,-6.519863
2026-08-12 14:13:36,772 - unity.py - INFO - [36mHandling UDP Data: 0003:0.9323369,0,-6.519863[0m
2026-08-12 14:13:36,772 - unity.py - INFO - Got Host Player Object Position: 0.9323369,0,-6.519863
2026-08-12 14:13:36,783 - pyserver - INFO - Received from UDP: 0003:0.9333702,0,-6.492349
2026-08-12 14:13:36,783 - unity.py - INFO - [36mHandling UDP Data: 0003:0.9333702,0,-6.492349[0m
2026-08-12 14:13:36,783 - unity.py - INFO - Got Host Player Object Position: 0.9333702,0,-6.492349
2026-08-12 14:13:36,804 - pyserver - INFO - Received from UDP: 0003:0.934475,0,-6.4629292
2026-08-12 14:13:36,804 - unity.py - INFO - [36mHandling UDP Data: 0003:0.934475,0,-6.4629292[0m
2026-08-12 14:13:36,804 - unity.py - INFO - Got Host Player Object Position: 0.934475,0,-6.4629292
2026-08-12 14:13:36,815 - pyserver - INFO - Received from UDP: 0003:0.9356447,0,-6.4317822
2026-08-12 14:13:36,815 - unity.py - INFO - [36mHandling UDP Data: 0003:0.9356447,0,-6.4317822[0m
2026-08-12 14:13:36,815 - unity.py - INFO - Got Host Player Object Position: 0.9356447,0,-6.4317822
2026-08-12 14:13:36,836 - pyserver - INFO - Received from UDP: 0003:0.9368873,0,-6.3986907
2026-08-12 14:13:36,837 - unity.py - INFO - [36mHandling UDP Data: 0003:0.9368873,0,-6.3986907[0m
2026-08-12 14:13:36,837 - unity.py - INFO - Got Host Player Object Position: 0.9368873,0,-6.3986907
2026-08-12 14:13:36,857 - pyserver - INFO - Received from UDP: 0003:0.93819916,0,-6.363759
2026-08-12 14:13:36,857 - unity.py - INFO - [36mHandling UDP Data: 0003:0.93819916,0,-6.363759[0m
2026-08-12 14:13:36,858 - unity.py - INFO - Got Host Player Object Position: 0.93819916,0,-6.363759
2026-08-12 14:13:36,868 - pyserver - INFO - Received from UDP: 0003:0.93957514,0,-6.327118
2026-08-12 14:13:36,868 - unity.py - INFO - [36mHandling UDP Data: 0003:0.93957514,0,-6.327118[0m
2026-08-12 14:13:36,868 - unity.py - INFO - Got Host Player Object Position: 0.93957514,0,-6.327118
2026-08-12 14:13:36,889 - pyserver - INFO - Received from UDP: 0003:0.94095385,0,-6.290405
2026-08-12 14:13:36,889 - unity.py - INFO - [36mHandling UDP Data: 0003:0.94095385,0,-6.290405[0m
2026-08-12 14:13:36,890 - unity.py - INFO - Got Host Player Object Position: 0.94095385,0,-6.290405
2026-08-12 14:13:36,900 - pyserver - INFO - Received from UDP: 0003:0.9423298,0,-6.2537637
2026-08-12 14:13:36,901 - unity.py - INFO - [36mHandling UDP Data: 0003:0.9423298,0,-6.2537637[0m
2026-08-12 14:13:36,901 - unity.py - INFO - Got Host Player Object Position: 0.9423298,0,-6.2537637
2026-08-12 14:13:36,922 - pyserver - INFO - Received from UDP: 0003:0.9437085,0,-6.2170515
2026-08-12 14:13:36,922 - unity.py - INFO - [36mHandling UDP Data: 0003:0.9437085,0,-6.2170515[0m
2026-08-12 14:13:36,922 - unity.py - INFO - Got Host Player Object Position: 0.9437085,0,-6.2170515
2026-08-12 14:13:36,933 - pyserver - INFO - Received from UDP: 0003:0.9450845,0,-6.1804104
2026-08-12 14:13:36,933 - unity.py - INFO - [36mHandling UDP Data: 0003:0.9450845,0,-6.1804104[0m
2026-08-12 14:13:36,933 - unity.py - INFO - Got Host Player Object Position: 0.9450845,0,-6.1804104
2026-08-12 14:13:36,953 - pyserver - INFO - Received from UDP: 0003:0.94646317,0,-6.143698
2026-08-12 14:13:36,954 - unity.py - INFO - [36mHandling UDP Data: 0003:0.94646317,0,-6.143698[0m
2026-08-12 14:13:36,954 - unity.py - INFO - Got Host Player Object Position: 0.94646317,0,-6.143698
2026-08-12 14:13:36,964 - pyserver - INFO - Received from UDP: 0003:0.94783914,0,-6.107057
2026-08-12 14:13:36,965 - unity.py - INFO - [36mHandling UDP Data: 0003:0.94783914,0,-6.107057[0m
2026-08-12 14:13:36,965 - unity.py - INFO - Got Host Player Object Position: 0.94783914,0,-6.107057
2026-08-12 14:13:36,986 - pyserver - INFO - Received from UDP: 0003:0.94921786,0,-6.0703444
2026-08-12 14:13:36,986 - unity.py - INFO - [36mHandling UDP Data: 0003:0.94921786,0,-6.0703444[0m
2026-08-12 14:13:36,986 - unity.py - INFO - Got Host Player Object Position: 0.94921786,0,-6.0703444
2026-08-12 14:13:37,006 - pyserver - INFO - Received from UDP: 0003:0.9505938,0,-6.0337033
2026-08-12 14:13:37,007 - unity.py - INFO - [36mHandling UDP Data: 0003:0.9505938,0,-6.0337033[0m
2026-08-12 14:13:37,007 - unity.py - INFO - Got Host Player Object Position: 0.9505938,0,-6.0337033
2026-08-12 14:13:37,017 - pyserver - INFO - Received from UDP: 0003:0.95190364,0,-5.9988246
2026-08-12 14:13:37,018 - unity.py - INFO - [36mHandling UDP Data: 0003:0.95190364,0,-5.9988246[0m
2026-08-12 14:13:37,018 - unity.py - INFO - Got Host Player Object Position: 0.95190364,0,-5.9988246
2026-08-12 14:13:37,039 - pyserver - INFO - Received from UDP: 0003:0.9531414,0,-5.9658647
2026-08-12 14:13:37,039 - unity.py - INFO - [36mHandling UDP Data: 0003:0.9531414,0,-5.9658647[0m
2026-08-12 14:13:37,039 - unity.py - INFO - Got Host Player Object Position: 0.9531414,0,-5.9658647
2026-08-12 14:13:37,050 - pyserver - INFO - Received from UDP: 0003:0.9543131,0,-5.934664
2026-08-12 14:13:37,050 - unity.py - INFO - [36mHandling UDP Data: 0003:0.9543131,0,-5.934664[0m
2026-08-12 14:13:37,050 - unity.py - INFO - Got Host Player Object Position: 0.9543131,0,-5.934664
2026-08-12 14:13:37,071 - pyserver - INFO - Received from UDP: 0003:0.95541334,0,-5.9053645
2026-08-12 14:13:37,071 - unity.py - INFO - [36mHandling UDP Data: 0003:0.95541334,0,-5.9053645[0m
2026-08-12 14:13:37,071 - unity.py - INFO - Got Host Player Object Position: 0.95541334,0,-5.9053645
2026-08-12 14:13:37,082 - pyserver - INFO - Received from UDP: 0003:0.95644647,0,-5.877855
2026-08-12 14:13:37,082 - unity.py - INFO - [36mHandling UDP Data: 0003:0.95644647,0,-5.877855[0m
2026-08-12 14:13:37,082 - unity.py - INFO - Got Host Player Object Position: 0.95644647,0,-5.877855
2026-08-12 14:13:37,103 - pyserver - INFO - Received from UDP: 0003:0.9574087,0,-5.8522305
2026-08-12 14:13:37,103 - unity.py - INFO - [36mHandling UDP Data: 0003:0.9574087,0,-5.8522305[0m
2026-08-12 14:13:37,103 - unity.py - INFO - Got Host Player Object Position: 0.9574087,0,-5.8522305
2026-08-12 14:13:37,124 - pyserver - INFO - Received from UDP: 0003:0.95830536,0,-5.828355
2026-08-12 14:13:37,124 - unity.py - INFO - [36mHandling UDP Data: 0003:0.95830536,0,-5.828355[0m
2026-08-12 14:13:37,124 - unity.py - INFO - Got Host Player Object Position: 0.95830536,0,-5.828355
2026-08-12 14:13:37,135 - pyserver - INFO - Received from UDP: 0003:0.9591301,0,-5.8063917
2026-08-12 14:13:37,135 - unity.py - INFO - [36mHandling UDP Data: 0003:0.9591301,0,-5.8063917[0m
2026-08-12 14:13:37,135 - unity.py - INFO - Got Host Player Object Position: 0.9591301,0,-5.8063917
2026-08-12 14:13:37,156 - pyserver - INFO - Received from UDP: 0003:0.9598875,0,-5.786224
2026-08-12 14:13:37,156 - unity.py - INFO - [36mHandling UDP Data: 0003:0.9598875,0,-5.786224[0m
2026-08-12 14:13:37,156 - unity.py - INFO - Got Host Player Object Position: 0.9598875,0,-5.786224
2026-08-12 14:13:37,167 - pyserver - INFO - Received from UDP: 0003:0.9605746,0,-5.767926
2026-08-12 14:13:37,167 - unity.py - INFO - [36mHandling UDP Data: 0003:0.9605746,0,-5.767926[0m
2026-08-12 14:13:37,167 - unity.py - INFO - Got Host Player Object Position: 0.9605746,0,-5.767926
2026-08-12 14:13:37,188 - pyserver - INFO - Received from UDP: 0003:0.96119416,0,-5.7514286
2026-08-12 14:13:37,188 - unity.py - INFO - [36mHandling UDP Data: 0003:0.96119416,0,-5.7514286[0m
2026-08-12 14:13:37,188 - unity.py - INFO - Got Host Player Object Position: 0.96119416,0,-5.7514286
2026-08-12 14:13:37,199 - pyserver - INFO - Received from UDP: 0003:0.9617434,0,-5.7368026
2026-08-12 14:13:37,199 - unity.py - INFO - [36mHandling UDP Data: 0003:0.9617434,0,-5.7368026[0m
2026-08-12 14:13:37,199 - unity.py - INFO - Got Host Player Object Position: 0.9617434,0,-5.7368026
2026-08-12 14:13:37,220 - pyserver - INFO - Received from UDP: 0003:0.9622264,0,-5.7239423
2026-08-12 14:13:37,220 - unity.py - INFO - [36mHandling UDP Data: 0003:0.9622264,0,-5.7239423[0m
2026-08-12 14:13:37,221 - unity.py - INFO - Got Host Player Object Position: 0.9622264,0,-5.7239423
2026-08-12 14:13:37,231 - pyserver - INFO - Received from UDP: 0003:0.96263814,0,-5.712978
2026-08-12 14:13:37,232 - unity.py - INFO - [36mHandling UDP Data: 0003:0.96263814,0,-5.712978[0m
2026-08-12 14:13:37,232 - unity.py - INFO - Got Host Player Object Position: 0.96263814,0,-5.712978
2026-08-12 14:13:37,273 - pyserver - INFO - Received from UDP: 0003:0.96325576,0,-5.6965313
2026-08-12 14:13:37,273 - unity.py - INFO - [36mHandling UDP Data: 0003:0.96325576,0,-5.6965313[0m
2026-08-12 14:13:37,273 - unity.py - INFO - Got Host Player Object Position: 0.96325576,0,-5.6965313
2026-08-12 14:13:37,315 - pyserver - INFO - Received from UDP: 0003:0.96366704,0,-5.6855793
2026-08-12 14:13:37,315 - unity.py - INFO - [36mHandling UDP Data: 0003:0.96366704,0,-5.6855793[0m
2026-08-12 14:13:37,315 - unity.py - INFO - Got Host Player Object Position: 0.96366704,0,-5.6855793
2026-08-12 14:13:37,553 - pyserver - INFO - Received from UDP: 0003:0.95266837,0,-5.6851664
2026-08-12 14:13:37,554 - unity.py - INFO - [36mHandling UDP Data: 0003:0.95266837,0,-5.6851664[0m
2026-08-12 14:13:37,554 - unity.py - INFO - Got Host Player Object Position: 0.95266837,0,-5.6851664
2026-08-12 14:13:37,585 - pyserver - INFO - Received from UDP: 0003:0.93613917,0,-5.6845455
2026-08-12 14:13:37,586 - unity.py - INFO - [36mHandling UDP Data: 0003:0.93613917,0,-5.6845455[0m
2026-08-12 14:13:37,586 - unity.py - INFO - Got Host Player Object Position: 0.93613917,0,-5.6845455
2026-08-12 14:13:37,607 - pyserver - INFO - Received from UDP: 0003:0.92513496,0,-5.6841326
2026-08-12 14:13:37,607 - unity.py - INFO - [36mHandling UDP Data: 0003:0.92513496,0,-5.6841326[0m
2026-08-12 14:13:37,607 - unity.py - INFO - Got Host Player Object Position: 0.92513496,0,-5.6841326
2026-08-12 14:13:37,618 - pyserver - INFO - Received from UDP: 0003:0.91229033,0,-5.68365
2026-08-12 14:13:37,618 - unity.py - INFO - [36mHandling UDP Data: 0003:0.91229033,0,-5.68365[0m
2026-08-12 14:13:37,619 - unity.py - INFO - Got Host Player Object Position: 0.91229033,0,-5.68365
2026-08-12 14:13:37,639 - pyserver - INFO - Received from UDP: 0003:0.8976072,0,-5.683099
2026-08-12 14:13:37,639 - unity.py - INFO - [36mHandling UDP Data: 0003:0.8976072,0,-5.683099[0m
2026-08-12 14:13:37,640 - unity.py - INFO - Got Host Player Object Position: 0.8976072,0,-5.683099
2026-08-12 14:13:37,650 - pyserver - INFO - Received from UDP: 0003:0.88105035,0,-5.682477
2026-08-12 14:13:37,650 - unity.py - INFO - [36mHandling UDP Data: 0003:0.88105035,0,-5.682477[0m
2026-08-12 14:13:37,650 - unity.py - INFO - Got Host Player Object Position: 0.88105035,0,-5.682477
2026-08-12 14:13:37,671 - pyserver - INFO - Received from UDP: 0003:0.8626976,0,-5.6817875
2026-08-12 14:13:37,671 - unity.py - INFO - [36mHandling UDP Data: 0003:0.8626976,0,-5.6817875[0m
2026-08-12 14:13:37,671 - unity.py - INFO - Got Host Player Object Position: 0.8626976,0,-5.6817875
2026-08-12 14:13:37,682 - pyserver - INFO - Received from UDP: 0003:0.84247583,0,-5.6810284
2026-08-12 14:13:37,682 - unity.py - INFO - [36mHandling UDP Data: 0003:0.84247583,0,-5.6810284[0m
2026-08-12 14:13:37,682 - unity.py - INFO - Got Host Player Object Position: 0.84247583,0,-5.6810284
2026-08-12 14:13:37,703 - pyserver - INFO - Received from UDP: 0003:0.82045484,0,-5.680201
2026-08-12 14:13:37,703 - unity.py - INFO - [36mHandling UDP Data: 0003:0.82045484,0,-5.680201[0m
2026-08-12 14:13:37,703 - unity.py - INFO - Got Host Player Object Position: 0.82045484,0,-5.680201
2026-08-12 14:13:37,724 - pyserver - INFO - Received from UDP: 0003:0.7966029,0,-5.6793056
2026-08-12 14:13:37,724 - unity.py - INFO - [36mHandling UDP Data: 0003:0.7966029,0,-5.6793056[0m
2026-08-12 14:13:37,725 - unity.py - INFO - Got Host Player Object Position: 0.7966029,0,-5.6793056
2026-08-12 14:13:37,735 - pyserver - INFO - Received from UDP: 0003:0.7709247,0,-5.6783414
2026-08-12 14:13:37,735 - unity.py - INFO - [36mHandling UDP Data: 0003:0.7709247,0,-5.6783414[0m
2026-08-12 14:13:37,736 - unity.py - INFO - Got Host Player Object Position: 0.7709247,0,-5.6783414
2026-08-12 14:13:37,756 - pyserver - INFO - Received from UDP: 0003:0.743353,0,-5.6773057
2026-08-12 14:13:37,757 - unity.py - INFO - [36mHandling UDP Data: 0003:0.743353,0,-5.6773057[0m
2026-08-12 14:13:37,757 - unity.py - INFO - Got Host Player Object Position: 0.743353,0,-5.6773057
2026-08-12 14:13:37,767 - pyserver - INFO - Received from UDP: 0003:0.7140078,0,-5.6762037
2026-08-12 14:13:37,768 - unity.py - INFO - [36mHandling UDP Data: 0003:0.7140078,0,-5.6762037[0m
2026-08-12 14:13:37,768 - unity.py - INFO - Got Host Player Object Position: 0.7140078,0,-5.6762037
2026-08-12 14:13:37,789 - pyserver - INFO - Received from UDP: 0003:0.68276614,0,-5.6750307
2026-08-12 14:13:37,789 - unity.py - INFO - [36mHandling UDP Data: 0003:0.68276614,0,-5.6750307[0m
2026-08-12 14:13:37,789 - unity.py - INFO - Got Host Player Object Position: 0.68276614,0,-5.6750307
2026-08-12 14:13:37,800 - pyserver - INFO - Received from UDP: 0003:0.64974374,0,-5.6737905
2026-08-12 14:13:37,800 - unity.py - INFO - [36mHandling UDP Data: 0003:0.64974374,0,-5.6737905[0m
2026-08-12 14:13:37,800 - unity.py - INFO - Got Host Player Object Position: 0.64974374,0,-5.6737905
2026-08-12 14:13:37,820 - pyserver - INFO - Received from UDP: 0003:0.6148595,0,-5.6724806
2026-08-12 14:13:37,821 - unity.py - INFO - [36mHandling UDP Data: 0003:0.6148595,0,-5.6724806[0m
2026-08-12 14:13:37,821 - unity.py - INFO - Got Host Player Object Position: 0.6148595,0,-5.6724806
2026-08-12 14:13:37,841 - pyserver - INFO - Received from UDP: 0003:0.5782187,0,-5.6711044
2026-08-12 14:13:37,842 - unity.py - INFO - [36mHandling UDP Data: 0003:0.5782187,0,-5.6711044[0m
2026-08-12 14:13:37,842 - unity.py - INFO - Got Host Player Object Position: 0.5782187,0,-5.6711044
2026-08-12 14:13:37,852 - pyserver - INFO - Received from UDP: 0003:0.5415056,0,-5.669726
2026-08-12 14:13:37,852 - unity.py - INFO - [36mHandling UDP Data: 0003:0.5415056,0,-5.669726[0m
2026-08-12 14:13:37,853 - unity.py - INFO - Got Host Player Object Position: 0.5415056,0,-5.669726
2026-08-12 14:13:37,873 - pyserver - INFO - Received from UDP: 0003:0.50486475,0,-5.6683497
2026-08-12 14:13:37,874 - unity.py - INFO - [36mHandling UDP Data: 0003:0.50486475,0,-5.6683497[0m
2026-08-12 14:13:37,874 - unity.py - INFO - Got Host Player Object Position: 0.50486475,0,-5.6683497
2026-08-12 14:13:37,884 - pyserver - INFO - Received from UDP: 0003:0.46815184,0,-5.666971
2026-08-12 14:13:37,885 - unity.py - INFO - [36mHandling UDP Data: 0003:0.46815184,0,-5.666971[0m
2026-08-12 14:13:37,885 - unity.py - INFO - Got Host Player Object Position: 0.46815184,0,-5.666971
2026-08-12 14:13:37,906 - pyserver - INFO - Received from UDP: 0003:0.43151104,0,-5.665595
2026-08-12 14:13:37,906 - unity.py - INFO - [36mHandling UDP Data: 0003:0.43151104,0,-5.665595[0m
2026-08-12 14:13:37,907 - unity.py - INFO - Got Host Player Object Position: 0.43151104,0,-5.665595
2026-08-12 14:13:37,917 - pyserver - INFO - Received from UDP: 0003:0.3947988,0,-5.6642165
2026-08-12 14:13:37,917 - unity.py - INFO - [36mHandling UDP Data: 0003:0.3947988,0,-5.6642165[0m
2026-08-12 14:13:37,917 - unity.py - INFO - Got Host Player Object Position: 0.3947988,0,-5.6642165
2026-08-12 14:13:37,938 - pyserver - INFO - Received from UDP: 0003:0.35815796,0,-5.6628404
2026-08-12 14:13:37,938 - unity.py - INFO - [36mHandling UDP Data: 0003:0.35815796,0,-5.6628404[0m
2026-08-12 14:13:37,938 - unity.py - INFO - Got Host Player Object Position: 0.35815796,0,-5.6628404
2026-08-12 14:13:37,949 - pyserver - INFO - Received from UDP: 0003:0.32329443,0,-5.6615314
2026-08-12 14:13:37,949 - unity.py - INFO - [36mHandling UDP Data: 0003:0.32329443,0,-5.6615314[0m
2026-08-12 14:13:37,949 - unity.py - INFO - Got Host Player Object Position: 0.32329443,0,-5.6615314
2026-08-12 14:13:37,970 - pyserver - INFO - Received from UDP: 0003:0.29032305,0,-5.660293
2026-08-12 14:13:37,970 - unity.py - INFO - [36mHandling UDP Data: 0003:0.29032305,0,-5.660293[0m
2026-08-12 14:13:37,970 - unity.py - INFO - Got Host Player Object Position: 0.29032305,0,-5.660293
2026-08-12 14:13:37,991 - pyserver - INFO - Received from UDP: 0003:0.25911355,0,-5.659121
2026-08-12 14:13:37,991 - unity.py - INFO - [36mHandling UDP Data: 0003:0.25911355,0,-5.659121[0m
2026-08-12 14:13:37,991 - unity.py - INFO - Got Host Player Object Position: 0.25911355,0,-5.659121
2026-08-12 14:13:38,002 - pyserver - INFO - Received from UDP: 0003:0.22981165,0,-5.6580205
2026-08-12 14:13:38,003 - unity.py - INFO - [36mHandling UDP Data: 0003:0.22981165,0,-5.6580205[0m
2026-08-12 14:13:38,003 - unity.py - INFO - Got Host Player Object Position: 0.22981165,0,-5.6580205
2026-08-12 14:13:38,024 - pyserver - INFO - Received from UDP: 0003:0.20224862,0,-5.6569858
2026-08-12 14:13:38,024 - unity.py - INFO - [36mHandling UDP Data: 0003:0.20224862,0,-5.6569858[0m
2026-08-12 14:13:38,024 - unity.py - INFO - Got Host Player Object Position: 0.20224862,0,-5.6569858
2026-08-12 14:13:38,035 - pyserver - INFO - Received from UDP: 0003:0.17660846,0,-5.6560225
2026-08-12 14:13:38,035 - unity.py - INFO - [36mHandling UDP Data: 0003:0.17660846,0,-5.6560225[0m
2026-08-12 14:13:38,035 - unity.py - INFO - Got Host Player Object Position: 0.17660846,0,-5.6560225
2026-08-12 14:13:38,057 - pyserver - INFO - Received from UDP: 0003:0.15275572,0,-5.655127
2026-08-12 14:13:38,057 - unity.py - INFO - [36mHandling UDP Data: 0003:0.15275572,0,-5.655127[0m
2026-08-12 14:13:38,057 - unity.py - INFO - Got Host Player Object Position: 0.15275572,0,-5.655127
2026-08-12 14:13:38,067 - pyserver - INFO - Received from UDP: 0003:0.13078986,0,-5.654302
2026-08-12 14:13:38,067 - unity.py - INFO - [36mHandling UDP Data: 0003:0.13078986,0,-5.654302[0m
2026-08-12 14:13:38,068 - unity.py - INFO - Got Host Player Object Position: 0.13078986,0,-5.654302
2026-08-12 14:13:38,089 - pyserver - INFO - Received from UDP: 0003:0.110623896,0,-5.653545
2026-08-12 14:13:38,089 - unity.py - INFO - [36mHandling UDP Data: 0003:0.110623896,0,-5.653545[0m
2026-08-12 14:13:38,089 - unity.py - INFO - Got Host Player Object Position: 0.110623896,0,-5.653545
2026-08-12 14:13:38,099 - pyserver - INFO - Received from UDP: 0003:0.092327036,0,-5.652858
2026-08-12 14:13:38,100 - unity.py - INFO - [36mHandling UDP Data: 0003:0.092327036,0,-5.652858[0m
2026-08-12 14:13:38,100 - unity.py - INFO - Got Host Player Object Position: 0.092327036,0,-5.652858
2026-08-12 14:13:38,120 - pyserver - INFO - Received from UDP: 0003:0.07579718,0,-5.652237
2026-08-12 14:13:38,120 - unity.py - INFO - [36mHandling UDP Data: 0003:0.07579718,0,-5.652237[0m
2026-08-12 14:13:38,121 - unity.py - INFO - Got Host Player Object Position: 0.07579718,0,-5.652237
2026-08-12 14:13:38,142 - pyserver - INFO - Received from UDP: 0003:0.061163377,0,-5.651687
2026-08-12 14:13:38,142 - unity.py - INFO - [36mHandling UDP Data: 0003:0.061163377,0,-5.651687[0m
2026-08-12 14:13:38,142 - unity.py - INFO - Got Host Player Object Position: 0.061163377,0,-5.651687
2026-08-12 14:13:38,152 - pyserver - INFO - Received from UDP: 0003:0.04833591,0,-5.6512055
2026-08-12 14:13:38,153 - unity.py - INFO - [36mHandling UDP Data: 0003:0.04833591,0,-5.6512055[0m
2026-08-12 14:13:38,153 - unity.py - INFO - Got Host Player Object Position: 0.04833591,0,-5.6512055
2026-08-12 14:13:38,174 - pyserver - INFO - Received from UDP: 0003:0.037383247,0,-5.6507945
2026-08-12 14:13:38,174 - unity.py - INFO - [36mHandling UDP Data: 0003:0.037383247,0,-5.6507945[0m
2026-08-12 14:13:38,174 - unity.py - INFO - Got Host Player Object Position: 0.037383247,0,-5.6507945
2026-08-12 14:13:38,205 - pyserver - INFO - Received from UDP: 0003:0.02092041,0,-5.650176
2026-08-12 14:13:38,205 - unity.py - INFO - [36mHandling UDP Data: 0003:0.02092041,0,-5.650176[0m
2026-08-12 14:13:38,205 - unity.py - INFO - Got Host Player Object Position: 0.02092041,0,-5.650176
2026-08-12 14:13:38,257 - pyserver - INFO - Received from UDP: 0003:0.009957999,0,-5.6497645
2026-08-12 14:13:38,257 - unity.py - INFO - [36mHandling UDP Data: 0003:0.009957999,0,-5.6497645[0m
2026-08-12 14:13:38,257 - unity.py - INFO - Got Host Player Object Position: 0.009957999,0,-5.6497645
2026-08-12 14:13:38,402 - pyserver - INFO - Received from UDP: 0003:0.020961087,0,-5.6501775
2026-08-12 14:13:38,402 - unity.py - INFO - [36mHandling UDP Data: 0003:0.020961087,0,-5.6501775[0m
2026-08-12 14:13:38,403 - unity.py - INFO - Got Host Player Object Position: 0.020961087,0,-5.6501775
2026-08-12 14:13:38,434 - pyserver - INFO - Received from UDP: 0003:0.037434645,0,-5.6507964
2026-08-12 14:13:38,435 - unity.py - INFO - [36mHandling UDP Data: 0003:0.037434645,0,-5.6507964[0m
2026-08-12 14:13:38,435 - unity.py - INFO - Got Host Player Object Position: 0.037434645,0,-5.6507964
2026-08-12 14:13:38,456 - pyserver - INFO - Received from UDP: 0003:0.048453286,0,-5.65121
2026-08-12 14:13:38,456 - unity.py - INFO - [36mHandling UDP Data: 0003:0.048453286,0,-5.65121[0m
2026-08-12 14:13:38,456 - unity.py - INFO - Got Host Player Object Position: 0.048453286,0,-5.65121
2026-08-12 14:13:38,467 - pyserver - INFO - Received from UDP: 0003:0.06129668,0,-5.6516924
2026-08-12 14:13:38,467 - unity.py - INFO - [36mHandling UDP Data: 0003:0.06129668,0,-5.6516924[0m
2026-08-12 14:13:38,467 - unity.py - INFO - Got Host Player Object Position: 0.06129668,0,-5.6516924
2026-08-12 14:13:38,487 - pyserver - INFO - Received from UDP: 0003:0.0759908,0,-5.652244
2026-08-12 14:13:38,488 - unity.py - INFO - [36mHandling UDP Data: 0003:0.0759908,0,-5.652244[0m
2026-08-12 14:13:38,488 - unity.py - INFO - Got Host Player Object Position: 0.0759908,0,-5.652244
2026-08-12 14:13:38,509 - pyserver - INFO - Received from UDP: 0003:0.092493795,0,-5.652864
2026-08-12 14:13:38,509 - unity.py - INFO - [36mHandling UDP Data: 0003:0.092493795,0,-5.652864[0m
2026-08-12 14:13:38,509 - unity.py - INFO - Got Host Player Object Position: 0.092493795,0,-5.652864
2026-08-12 14:13:38,520 - pyserver - INFO - Received from UDP: 0003:0.11083256,0,-5.6535525
2026-08-12 14:13:38,520 - unity.py - INFO - [36mHandling UDP Data: 0003:0.11083256,0,-5.6535525[0m
2026-08-12 14:13:38,520 - unity.py - INFO - Got Host Player Object Position: 0.11083256,0,-5.6535525
2026-08-12 14:13:38,541 - pyserver - INFO - Received from UDP: 0003:0.13100591,0,-5.65431
2026-08-12 14:13:38,542 - unity.py - INFO - [36mHandling UDP Data: 0003:0.13100591,0,-5.65431[0m
2026-08-12 14:13:38,542 - unity.py - INFO - Got Host Player Object Position: 0.13100591,0,-5.65431
2026-08-12 14:13:38,552 - pyserver - INFO - Received from UDP: 0003:0.15305832,0,-5.6551385
2026-08-12 14:13:38,553 - unity.py - INFO - [36mHandling UDP Data: 0003:0.15305832,0,-5.6551385[0m
2026-08-12 14:13:38,553 - unity.py - INFO - Got Host Player Object Position: 0.15305832,0,-5.6551385
2026-08-12 14:13:38,574 - pyserver - INFO - Received from UDP: 0003:0.17690925,0,-5.656034
2026-08-12 14:13:38,575 - unity.py - INFO - [36mHandling UDP Data: 0003:0.17690925,0,-5.656034[0m
2026-08-12 14:13:38,575 - unity.py - INFO - Got Host Player Object Position: 0.17690925,0,-5.656034
2026-08-12 14:13:38,585 - pyserver - INFO - Received from UDP: 0003:0.20264295,0,-5.6570005
2026-08-12 14:13:38,585 - unity.py - INFO - [36mHandling UDP Data: 0003:0.20264295,0,-5.6570005[0m
2026-08-12 14:13:38,586 - unity.py - INFO - Got Host Player Object Position: 0.20264295,0,-5.6570005
2026-08-12 14:13:38,607 - pyserver - INFO - Received from UDP: 0003:0.23015346,0,-5.6580334
2026-08-12 14:13:38,608 - unity.py - INFO - [36mHandling UDP Data: 0003:0.23015346,0,-5.6580334[0m
2026-08-12 14:13:38,608 - unity.py - INFO - Got Host Player Object Position: 0.23015346,0,-5.6580334
2026-08-12 14:13:38,618 - pyserver - INFO - Received from UDP: 0003:0.25952196,0,-5.6591363
2026-08-12 14:13:38,619 - unity.py - INFO - [36mHandling UDP Data: 0003:0.25952196,0,-5.6591363[0m
2026-08-12 14:13:38,619 - unity.py - INFO - Got Host Player Object Position: 0.25952196,0,-5.6591363
2026-08-12 14:13:38,640 - pyserver - INFO - Received from UDP: 0003:0.2907046,0,-5.6603074
2026-08-12 14:13:38,640 - unity.py - INFO - [36mHandling UDP Data: 0003:0.2907046,0,-5.6603074[0m
2026-08-12 14:13:38,641 - unity.py - INFO - Got Host Player Object Position: 0.2907046,0,-5.6603074
2026-08-12 14:13:38,651 - pyserver - INFO - Received from UDP: 0003:0.32378072,0,-5.6615496
2026-08-12 14:13:38,651 - unity.py - INFO - [36mHandling UDP Data: 0003:0.32378072,0,-5.6615496[0m
2026-08-12 14:13:38,651 - unity.py - INFO - Got Host Player Object Position: 0.32378072,0,-5.6615496
2026-08-12 14:13:38,672 - pyserver - INFO - Received from UDP: 0003:0.3586172,0,-5.6628575
2026-08-12 14:13:38,672 - unity.py - INFO - [36mHandling UDP Data: 0003:0.3586172,0,-5.6628575[0m
2026-08-12 14:13:38,673 - unity.py - INFO - Got Host Player Object Position: 0.3586172,0,-5.6628575
2026-08-12 14:13:38,683 - pyserver - INFO - Received from UDP: 0003:0.3953292,0,-5.6642365
2026-08-12 14:13:38,683 - unity.py - INFO - [36mHandling UDP Data: 0003:0.3953292,0,-5.6642365[0m
2026-08-12 14:13:38,683 - unity.py - INFO - Got Host Player Object Position: 0.3953292,0,-5.6642365
2026-08-12 14:13:38,704 - pyserver - INFO - Received from UDP: 0003:0.43197003,0,-5.665612
2026-08-12 14:13:38,705 - unity.py - INFO - [36mHandling UDP Data: 0003:0.43197003,0,-5.665612[0m
2026-08-12 14:13:38,705 - unity.py - INFO - Got Host Player Object Position: 0.43197003,0,-5.665612
2026-08-12 14:13:38,726 - pyserver - INFO - Received from UDP: 0003:0.46868294,0,-5.666991
2026-08-12 14:13:38,726 - unity.py - INFO - [36mHandling UDP Data: 0003:0.46868294,0,-5.666991[0m
2026-08-12 14:13:38,726 - unity.py - INFO - Got Host Player Object Position: 0.46868294,0,-5.666991
2026-08-12 14:13:38,736 - pyserver - INFO - Received from UDP: 0003:0.5053249,0,-5.668335
2026-08-12 14:13:38,737 - unity.py - INFO - [36mHandling UDP Data: 0003:0.5053249,0,-5.668335[0m
2026-08-12 14:13:38,737 - unity.py - INFO - Got Host Player Object Position: 0.5053249,0,-5.668335
2026-08-12 14:13:38,757 - pyserver - INFO - Received from UDP: 0003:0.5420384,0,-5.6696815
2026-08-12 14:13:38,758 - unity.py - INFO - [36mHandling UDP Data: 0003:0.5420384,0,-5.6696815[0m
2026-08-12 14:13:38,758 - unity.py - INFO - Got Host Player Object Position: 0.5420384,0,-5.6696815
2026-08-12 14:13:38,768 - pyserver - INFO - Received from UDP: 0003:0.57868034,0,-5.6710258
2026-08-12 14:13:38,769 - unity.py - INFO - [36mHandling UDP Data: 0003:0.57868034,0,-5.6710258[0m
2026-08-12 14:13:38,769 - unity.py - INFO - Got Host Player Object Position: 0.57868034,0,-5.6710258
2026-08-12 14:13:38,790 - pyserver - INFO - Received from UDP: 0003:0.61539406,0,-5.6723723
2026-08-12 14:13:38,790 - unity.py - INFO - [36mHandling UDP Data: 0003:0.61539406,0,-5.6723723[0m
2026-08-12 14:13:38,790 - unity.py - INFO - Got Host Player Object Position: 0.61539406,0,-5.6723723
2026-08-12 14:13:38,800 - pyserver - INFO - Received from UDP: 0003:0.652036,0,-5.6737165
2026-08-12 14:13:38,800 - unity.py - INFO - [36mHandling UDP Data: 0003:0.652036,0,-5.6737165[0m
2026-08-12 14:13:38,801 - unity.py - INFO - Got Host Player Object Position: 0.652036,0,-5.6737165
2026-08-12 14:13:38,822 - pyserver - INFO - Received from UDP: 0003:0.68874925,0,-5.675063
2026-08-12 14:13:38,822 - unity.py - INFO - [36mHandling UDP Data: 0003:0.68874925,0,-5.675063[0m
2026-08-12 14:13:38,822 - unity.py - INFO - Got Host Player Object Position: 0.68874925,0,-5.675063
2026-08-12 14:13:38,843 - pyserver - INFO - Received from UDP: 0003:0.7253912,0,-5.676407
2026-08-12 14:13:38,843 - unity.py - INFO - [36mHandling UDP Data: 0003:0.7253912,0,-5.676407[0m
2026-08-12 14:13:38,843 - unity.py - INFO - Got Host Player Object Position: 0.7253912,0,-5.676407
2026-08-12 14:13:38,854 - pyserver - INFO - Received from UDP: 0003:0.7621049,0,-5.6777534
2026-08-12 14:13:38,854 - unity.py - INFO - [36mHandling UDP Data: 0003:0.7621049,0,-5.6777534[0m
2026-08-12 14:13:38,854 - unity.py - INFO - Got Host Player Object Position: 0.7621049,0,-5.6777534
2026-08-12 14:13:38,875 - pyserver - INFO - Received from UDP: 0003:0.7987469,0,-5.6790977
2026-08-12 14:13:38,875 - unity.py - INFO - [36mHandling UDP Data: 0003:0.7987469,0,-5.6790977[0m
2026-08-12 14:13:38,875 - unity.py - INFO - Got Host Player Object Position: 0.7987469,0,-5.6790977
2026-08-12 14:13:38,886 - pyserver - INFO - Received from UDP: 0003:0.83546054,0,-5.6804442
2026-08-12 14:13:38,887 - unity.py - INFO - [36mHandling UDP Data: 0003:0.83546054,0,-5.6804442[0m
2026-08-12 14:13:38,887 - unity.py - INFO - Got Host Player Object Position: 0.83546054,0,-5.6804442
2026-08-12 14:13:38,908 - pyserver - INFO - Received from UDP: 0003:0.87210256,0,-5.681788
2026-08-12 14:13:38,908 - unity.py - INFO - [36mHandling UDP Data: 0003:0.87210256,0,-5.681788[0m
2026-08-12 14:13:38,908 - unity.py - INFO - Got Host Player Object Position: 0.87210256,0,-5.681788
2026-08-12 14:13:38,919 - pyserver - INFO - Received from UDP: 0003:0.90881664,0,-5.683135
2026-08-12 14:13:38,919 - unity.py - INFO - [36mHandling UDP Data: 0003:0.90881664,0,-5.683135[0m
2026-08-12 14:13:38,920 - unity.py - INFO - Got Host Player Object Position: 0.90881664,0,-5.683135
2026-08-12 14:13:38,940 - pyserver - INFO - Received from UDP: 0003:0.94545865,0,-5.6844788
2026-08-12 14:13:38,940 - unity.py - INFO - [36mHandling UDP Data: 0003:0.94545865,0,-5.6844788[0m
2026-08-12 14:13:38,940 - unity.py - INFO - Got Host Player Object Position: 0.94545865,0,-5.6844788
2026-08-12 14:13:38,951 - pyserver - INFO - Received from UDP: 0003:0.9821723,0,-5.6858253
2026-08-12 14:13:38,951 - unity.py - INFO - [36mHandling UDP Data: 0003:0.9821723,0,-5.6858253[0m
2026-08-12 14:13:38,951 - unity.py - INFO - Got Host Player Object Position: 0.9821723,0,-5.6858253
2026-08-12 14:13:38,972 - pyserver - INFO - Received from UDP: 0003:1.0188143,0,-5.6871696
2026-08-12 14:13:38,973 - unity.py - INFO - [36mHandling UDP Data: 0003:1.0188143,0,-5.6871696[0m
2026-08-12 14:13:38,973 - unity.py - INFO - Got Host Player Object Position: 1.0188143,0,-5.6871696
2026-08-12 14:13:38,983 - pyserver - INFO - Received from UDP: 0003:1.0555291,0,-5.688516
2026-08-12 14:13:38,984 - unity.py - INFO - [36mHandling UDP Data: 0003:1.0555291,0,-5.688516[0m
2026-08-12 14:13:38,984 - unity.py - INFO - Got Host Player Object Position: 1.0555291,0,-5.688516
2026-08-12 14:13:39,005 - pyserver - INFO - Received from UDP: 0003:1.0921711,0,-5.6898603
2026-08-12 14:13:39,005 - unity.py - INFO - [36mHandling UDP Data: 0003:1.0921711,0,-5.6898603[0m
2026-08-12 14:13:39,005 - unity.py - INFO - Got Host Player Object Position: 1.0921711,0,-5.6898603
2026-08-12 14:13:39,026 - pyserver - INFO - Received from UDP: 0003:1.1288849,0,-5.691207
2026-08-12 14:13:39,026 - unity.py - INFO - [36mHandling UDP Data: 0003:1.1288849,0,-5.691207[0m
2026-08-12 14:13:39,027 - unity.py - INFO - Got Host Player Object Position: 1.1288849,0,-5.691207
2026-08-12 14:13:39,037 - pyserver - INFO - Received from UDP: 0003:1.165527,0,-5.6925507
2026-08-12 14:13:39,037 - unity.py - INFO - [36mHandling UDP Data: 0003:1.165527,0,-5.6925507[0m
2026-08-12 14:13:39,038 - unity.py - INFO - Got Host Player Object Position: 1.165527,0,-5.6925507
2026-08-12 14:13:39,058 - pyserver - INFO - Received from UDP: 0003:1.2022408,0,-5.6938972
2026-08-12 14:13:39,059 - unity.py - INFO - [36mHandling UDP Data: 0003:1.2022408,0,-5.6938972[0m
2026-08-12 14:13:39,059 - unity.py - INFO - Got Host Player Object Position: 1.2022408,0,-5.6938972
2026-08-12 14:13:39,069 - pyserver - INFO - Received from UDP: 0003:1.2388828,0,-5.6952415
2026-08-12 14:13:39,069 - unity.py - INFO - [36mHandling UDP Data: 0003:1.2388828,0,-5.6952415[0m
2026-08-12 14:13:39,070 - unity.py - INFO - Got Host Player Object Position: 1.2388828,0,-5.6952415
2026-08-12 14:13:39,091 - pyserver - INFO - Received from UDP: 0003:1.2738043,0,-5.696522
2026-08-12 14:13:39,091 - unity.py - INFO - [36mHandling UDP Data: 0003:1.2738043,0,-5.696522[0m
2026-08-12 14:13:39,091 - unity.py - INFO - Got Host Player Object Position: 1.2738043,0,-5.696522
2026-08-12 14:13:39,102 - pyserver - INFO - Received from UDP: 0003:1.3068976,0,-5.6977363
2026-08-12 14:13:39,102 - unity.py - INFO - [36mHandling UDP Data: 0003:1.3068976,0,-5.6977363[0m
2026-08-12 14:13:39,102 - unity.py - INFO - Got Host Player Object Position: 1.3068976,0,-5.6977363
2026-08-12 14:13:39,124 - pyserver - INFO - Received from UDP: 0003:1.3381232,0,-5.6988816
2026-08-12 14:13:39,124 - unity.py - INFO - [36mHandling UDP Data: 0003:1.3381232,0,-5.6988816[0m
2026-08-12 14:13:39,124 - unity.py - INFO - Got Host Player Object Position: 1.3381232,0,-5.6988816
2026-08-12 14:13:39,134 - pyserver - INFO - Received from UDP: 0003:1.3676049,0,-5.699963
2026-08-12 14:13:39,134 - unity.py - INFO - [36mHandling UDP Data: 0003:1.3676049,0,-5.699963[0m
2026-08-12 14:13:39,135 - unity.py - INFO - Got Host Player Object Position: 1.3676049,0,-5.699963
2026-08-12 14:13:39,155 - pyserver - INFO - Received from UDP: 0003:1.3951491,0,-5.700973
2026-08-12 14:13:39,155 - unity.py - INFO - [36mHandling UDP Data: 0003:1.3951491,0,-5.700973[0m
2026-08-12 14:13:39,156 - unity.py - INFO - Got Host Player Object Position: 1.3951491,0,-5.700973
2026-08-12 14:13:39,166 - pyserver - INFO - Received from UDP: 0003:1.4209181,0,-5.7019186
2026-08-12 14:13:39,166 - unity.py - INFO - [36mHandling UDP Data: 0003:1.4209181,0,-5.7019186[0m
2026-08-12 14:13:39,167 - unity.py - INFO - Got Host Player Object Position: 1.4209181,0,-5.7019186
2026-08-12 14:13:39,187 - pyserver - INFO - Received from UDP: 0003:1.4448091,0,-5.7027946
2026-08-12 14:13:39,188 - unity.py - INFO - [36mHandling UDP Data: 0003:1.4448091,0,-5.7027946[0m
2026-08-12 14:13:39,188 - unity.py - INFO - Got Host Player Object Position: 1.4448091,0,-5.7027946
2026-08-12 14:13:39,208 - pyserver - INFO - Received from UDP: 0003:1.4669148,0,-5.7036057
2026-08-12 14:13:39,209 - unity.py - INFO - [36mHandling UDP Data: 0003:1.4669148,0,-5.7036057[0m
2026-08-12 14:13:39,209 - unity.py - INFO - Got Host Player Object Position: 1.4669148,0,-5.7036057
2026-08-12 14:13:39,219 - pyserver - INFO - Received from UDP: 0003:1.4871393,0,-5.704347
2026-08-12 14:13:39,220 - unity.py - INFO - [36mHandling UDP Data: 0003:1.4871393,0,-5.704347[0m
2026-08-12 14:13:39,220 - unity.py - INFO - Got Host Player Object Position: 1.4871393,0,-5.704347
2026-08-12 14:13:39,241 - pyserver - INFO - Received from UDP: 0003:1.5056093,0,-5.7050247
2026-08-12 14:13:39,241 - unity.py - INFO - [36mHandling UDP Data: 0003:1.5056093,0,-5.7050247[0m
2026-08-12 14:13:39,241 - unity.py - INFO - Got Host Player Object Position: 1.5056093,0,-5.7050247
2026-08-12 14:13:39,252 - pyserver - INFO - Received from UDP: 0003:1.5221704,0,-5.705632
2026-08-12 14:13:39,252 - unity.py - INFO - [36mHandling UDP Data: 0003:1.5221704,0,-5.705632[0m
2026-08-12 14:13:39,252 - unity.py - INFO - Got Host Player Object Position: 1.5221704,0,-5.705632
2026-08-12 14:13:39,273 - pyserver - INFO - Received from UDP: 0003:1.5369294,0,-5.7061734
2026-08-12 14:13:39,273 - unity.py - INFO - [36mHandling UDP Data: 0003:1.5369294,0,-5.7061734[0m
2026-08-12 14:13:39,274 - unity.py - INFO - Got Host Player Object Position: 1.5369294,0,-5.7061734
2026-08-12 14:13:39,284 - pyserver - INFO - Received from UDP: 0003:1.549818,0,-5.7066464
2026-08-12 14:13:39,285 - unity.py - INFO - [36mHandling UDP Data: 0003:1.549818,0,-5.7066464[0m
2026-08-12 14:13:39,285 - unity.py - INFO - Got Host Player Object Position: 1.549818,0,-5.7066464
2026-08-12 14:13:39,306 - pyserver - INFO - Received from UDP: 0003:1.5608962,0,-5.7070527
2026-08-12 14:13:39,306 - unity.py - INFO - [36mHandling UDP Data: 0003:1.5608962,0,-5.7070527[0m
2026-08-12 14:13:39,307 - unity.py - INFO - Got Host Player Object Position: 1.5608962,0,-5.7070527
2026-08-12 14:13:39,338 - pyserver - INFO - Received from UDP: 0003:1.5775293,0,-5.7076626
2026-08-12 14:13:39,338 - unity.py - INFO - [36mHandling UDP Data: 0003:1.5775293,0,-5.7076626[0m
2026-08-12 14:13:39,338 - unity.py - INFO - Got Host Player Object Position: 1.5775293,0,-5.7076626
2026-08-12 14:13:39,390 - pyserver - INFO - Received from UDP: 0003:1.5887145,0,-5.708073
2026-08-12 14:13:39,390 - unity.py - INFO - [36mHandling UDP Data: 0003:1.5887145,0,-5.708073[0m
2026-08-12 14:13:39,391 - unity.py - INFO - Got Host Player Object Position: 1.5887145,0,-5.708073
2026-08-12 14:13:39,658 - pyserver - INFO - Received from UDP: 0003:1.5776908,0,-5.707669
2026-08-12 14:13:39,659 - unity.py - INFO - [36mHandling UDP Data: 0003:1.5776908,0,-5.707669[0m
2026-08-12 14:13:39,659 - unity.py - INFO - Got Host Player Object Position: 1.5776908,0,-5.707669
2026-08-12 14:13:39,689 - pyserver - INFO - Received from UDP: 0003:1.5611495,0,-5.707062
2026-08-12 14:13:39,690 - unity.py - INFO - [36mHandling UDP Data: 0003:1.5611495,0,-5.707062[0m
2026-08-12 14:13:39,690 - unity.py - INFO - Got Host Player Object Position: 1.5611495,0,-5.707062
2026-08-12 14:13:39,700 - pyserver - INFO - Received from UDP: 0003:1.5501146,0,-5.7066574
2026-08-12 14:13:39,701 - unity.py - INFO - [36mHandling UDP Data: 0003:1.5501146,0,-5.7066574[0m
2026-08-12 14:13:39,701 - unity.py - INFO - Got Host Player Object Position: 1.5501146,0,-5.7066574
2026-08-12 14:13:39,722 - pyserver - INFO - Received from UDP: 0003:1.5372579,0,-5.706186
2026-08-12 14:13:39,722 - unity.py - INFO - [36mHandling UDP Data: 0003:1.5372579,0,-5.706186[0m
2026-08-12 14:13:39,722 - unity.py - INFO - Got Host Player Object Position: 1.5372579,0,-5.706186
2026-08-12 14:13:39,743 - pyserver - INFO - Received from UDP: 0003:1.5225806,0,-5.7056475
2026-08-12 14:13:39,743 - unity.py - INFO - [36mHandling UDP Data: 0003:1.5225806,0,-5.7056475[0m
2026-08-12 14:13:39,743 - unity.py - INFO - Got Host Player Object Position: 1.5225806,0,-5.7056475
2026-08-12 14:13:39,754 - pyserver - INFO - Received from UDP: 0003:1.5060635,0,-5.7050414
2026-08-12 14:13:39,754 - unity.py - INFO - [36mHandling UDP Data: 0003:1.5060635,0,-5.7050414[0m
2026-08-12 14:13:39,754 - unity.py - INFO - Got Host Player Object Position: 1.5060635,0,-5.7050414
2026-08-12 14:13:39,775 - pyserver - INFO - Received from UDP: 0003:1.4876753,0,-5.704367
2026-08-12 14:13:39,775 - unity.py - INFO - [36mHandling UDP Data: 0003:1.4876753,0,-5.704367[0m
2026-08-12 14:13:39,775 - unity.py - INFO - Got Host Player Object Position: 1.4876753,0,-5.704367
2026-08-12 14:13:39,786 - pyserver - INFO - Received from UDP: 0003:1.4674919,0,-5.7036266
2026-08-12 14:13:39,786 - unity.py - INFO - [36mHandling UDP Data: 0003:1.4674919,0,-5.7036266[0m
2026-08-12 14:13:39,786 - unity.py - INFO - Got Host Player Object Position: 1.4674919,0,-5.7036266
2026-08-12 14:13:39,807 - pyserver - INFO - Received from UDP: 0003:1.445428,0,-5.7028174
2026-08-12 14:13:39,807 - unity.py - INFO - [36mHandling UDP Data: 0003:1.445428,0,-5.7028174[0m
2026-08-12 14:13:39,807 - unity.py - INFO - Got Host Player Object Position: 1.445428,0,-5.7028174
2026-08-12 14:13:39,818 - pyserver - INFO - Received from UDP: 0003:1.42157,0,-5.7019424
2026-08-12 14:13:39,818 - unity.py - INFO - [36mHandling UDP Data: 0003:1.42157,0,-5.7019424[0m
2026-08-12 14:13:39,818 - unity.py - INFO - Got Host Player Object Position: 1.42157,0,-5.7019424
2026-08-12 14:13:39,839 - pyserver - INFO - Received from UDP: 0003:1.3958678,0,-5.7009997
2026-08-12 14:13:39,839 - unity.py - INFO - [36mHandling UDP Data: 0003:1.3958678,0,-5.7009997[0m
2026-08-12 14:13:39,839 - unity.py - INFO - Got Host Player Object Position: 1.3958678,0,-5.7009997
2026-08-12 14:13:39,860 - pyserver - INFO - Received from UDP: 0003:1.368343,0,-5.69999
2026-08-12 14:13:39,860 - unity.py - INFO - [36mHandling UDP Data: 0003:1.368343,0,-5.69999[0m
2026-08-12 14:13:39,860 - unity.py - INFO - Got Host Player Object Position: 1.368343,0,-5.69999
2026-08-12 14:13:39,871 - pyserver - INFO - Received from UDP: 0003:1.3388544,0,-5.6989083
2026-08-12 14:13:39,871 - unity.py - INFO - [36mHandling UDP Data: 0003:1.3388544,0,-5.6989083[0m
2026-08-12 14:13:39,872 - unity.py - INFO - Got Host Player Object Position: 1.3388544,0,-5.6989083
2026-08-12 14:13:39,892 - pyserver - INFO - Received from UDP: 0003:1.3076617,0,-5.6977644
2026-08-12 14:13:39,892 - unity.py - INFO - [36mHandling UDP Data: 0003:1.3076617,0,-5.6977644[0m
2026-08-12 14:13:39,892 - unity.py - INFO - Got Host Player Object Position: 1.3076617,0,-5.6977644
2026-08-12 14:13:39,903 - pyserver - INFO - Received from UDP: 0003:1.2745717,0,-5.6965504
2026-08-12 14:13:39,904 - unity.py - INFO - [36mHandling UDP Data: 0003:1.2745717,0,-5.6965504[0m
2026-08-12 14:13:39,904 - unity.py - INFO - Got Host Player Object Position: 1.2745717,0,-5.6965504
2026-08-12 14:13:39,925 - pyserver - INFO - Received from UDP: 0003:1.2397088,0,-5.695272
2026-08-12 14:13:39,925 - unity.py - INFO - [36mHandling UDP Data: 0003:1.2397088,0,-5.695272[0m
2026-08-12 14:13:39,925 - unity.py - INFO - Got Host Player Object Position: 1.2397088,0,-5.695272
2026-08-12 14:13:39,936 - pyserver - INFO - Received from UDP: 0003:1.2029945,0,-5.693925
2026-08-12 14:13:39,936 - unity.py - INFO - [36mHandling UDP Data: 0003:1.2029945,0,-5.693925[0m
2026-08-12 14:13:39,936 - unity.py - INFO - Got Host Player Object Position: 1.2029945,0,-5.693925
2026-08-12 14:13:39,957 - pyserver - INFO - Received from UDP: 0003:1.1663524,0,-5.692581
2026-08-12 14:13:39,957 - unity.py - INFO - [36mHandling UDP Data: 0003:1.1663524,0,-5.692581[0m
2026-08-12 14:13:39,957 - unity.py - INFO - Got Host Player Object Position: 1.1663524,0,-5.692581
2026-08-12 14:13:39,968 - pyserver - INFO - Received from UDP: 0003:1.1296386,0,-5.6912346
2026-08-12 14:13:39,968 - unity.py - INFO - [36mHandling UDP Data: 0003:1.1296386,0,-5.6912346[0m
2026-08-12 14:13:39,969 - unity.py - INFO - Got Host Player Object Position: 1.1296386,0,-5.6912346
2026-08-12 14:13:39,989 - pyserver - INFO - Received from UDP: 0003:1.0948312,0,-5.6899576
2026-08-12 14:13:39,989 - unity.py - INFO - [36mHandling UDP Data: 0003:1.0948312,0,-5.6899576[0m
2026-08-12 14:13:39,989 - unity.py - INFO - Got Host Player Object Position: 1.0948312,0,-5.6899576
2026-08-12 14:13:40,010 - pyserver - INFO - Received from UDP: 0003:1.0617778,0,-5.6887455
2026-08-12 14:13:40,010 - unity.py - INFO - [36mHandling UDP Data: 0003:1.0617778,0,-5.6887455[0m
2026-08-12 14:13:40,010 - unity.py - INFO - Got Host Player Object Position: 1.0617778,0,-5.6887455
2026-08-12 14:13:40,021 - pyserver - INFO - Received from UDP: 0003:1.0306228,0,-5.6876025
2026-08-12 14:13:40,021 - unity.py - INFO - [36mHandling UDP Data: 0003:1.0306228,0,-5.6876025[0m
2026-08-12 14:13:40,021 - unity.py - INFO - Got Host Player Object Position: 1.0306228,0,-5.6876025
2026-08-12 14:13:40,042 - pyserver - INFO - Received from UDP: 0003:1.0012077,0,-5.686524
2026-08-12 14:13:40,042 - unity.py - INFO - [36mHandling UDP Data: 0003:1.0012077,0,-5.686524[0m
2026-08-12 14:13:40,043 - unity.py - INFO - Got Host Player Object Position: 1.0012077,0,-5.686524
2026-08-12 14:13:40,053 - pyserver - INFO - Received from UDP: 0003:0.97371405,0,-5.6855154
2026-08-12 14:13:40,053 - unity.py - INFO - [36mHandling UDP Data: 0003:0.97371405,0,-5.6855154[0m
2026-08-12 14:13:40,053 - unity.py - INFO - Got Host Player Object Position: 0.97371405,0,-5.6855154
2026-08-12 14:13:40,074 - pyserver - INFO - Received from UDP: 0003:0.9480039,0,-5.684572
2026-08-12 14:13:40,074 - unity.py - INFO - [36mHandling UDP Data: 0003:0.9480039,0,-5.684572[0m
2026-08-12 14:13:40,074 - unity.py - INFO - Got Host Player Object Position: 0.9480039,0,-5.684572
2026-08-12 14:13:40,085 - pyserver - INFO - Received from UDP: 0003:0.9241881,0,-5.6836987
2026-08-12 14:13:40,085 - unity.py - INFO - [36mHandling UDP Data: 0003:0.9241881,0,-5.6836987[0m
2026-08-12 14:13:40,085 - unity.py - INFO - Got Host Player Object Position: 0.9241881,0,-5.6836987
2026-08-12 14:13:40,106 - pyserver - INFO - Received from UDP: 0003:0.90217006,0,-5.682891
2026-08-12 14:13:40,106 - unity.py - INFO - [36mHandling UDP Data: 0003:0.90217006,0,-5.682891[0m
2026-08-12 14:13:40,107 - unity.py - INFO - Got Host Player Object Position: 0.90217006,0,-5.682891
2026-08-12 14:13:40,128 - pyserver - INFO - Received from UDP: 0003:0.8820296,0,-5.6821523
2026-08-12 14:13:40,128 - unity.py - INFO - [36mHandling UDP Data: 0003:0.8820296,0,-5.6821523[0m
2026-08-12 14:13:40,128 - unity.py - INFO - Got Host Player Object Position: 0.8820296,0,-5.6821523
2026-08-12 14:13:40,139 - pyserver - INFO - Received from UDP: 0003:0.86364883,0,-5.681478
2026-08-12 14:13:40,139 - unity.py - INFO - [36mHandling UDP Data: 0003:0.86364883,0,-5.681478[0m
2026-08-12 14:13:40,139 - unity.py - INFO - Got Host Player Object Position: 0.86364883,0,-5.681478
2026-08-12 14:13:40,159 - pyserver - INFO - Received from UDP: 0003:0.8471738,0,-5.680874
2026-08-12 14:13:40,160 - unity.py - INFO - [36mHandling UDP Data: 0003:0.8471738,0,-5.680874[0m
2026-08-12 14:13:40,160 - unity.py - INFO - Got Host Player Object Position: 0.8471738,0,-5.680874
2026-08-12 14:13:40,170 - pyserver - INFO - Received from UDP: 0003:0.8325019,0,-5.6803355
2026-08-12 14:13:40,171 - unity.py - INFO - [36mHandling UDP Data: 0003:0.8325019,0,-5.6803355[0m
2026-08-12 14:13:40,171 - unity.py - INFO - Got Host Player Object Position: 0.8325019,0,-5.6803355
2026-08-12 14:13:40,192 - pyserver - INFO - Received from UDP: 0003:0.8196896,0,-5.679866
2026-08-12 14:13:40,192 - unity.py - INFO - [36mHandling UDP Data: 0003:0.8196896,0,-5.679866[0m
2026-08-12 14:13:40,193 - unity.py - INFO - Got Host Player Object Position: 0.8196896,0,-5.679866
2026-08-12 14:13:40,203 - pyserver - INFO - Received from UDP: 0003:0.808692,0,-5.6794624
2026-08-12 14:13:40,203 - unity.py - INFO - [36mHandling UDP Data: 0003:0.808692,0,-5.6794624[0m
2026-08-12 14:13:40,203 - unity.py - INFO - Got Host Player Object Position: 0.808692,0,-5.6794624
2026-08-12 14:13:40,234 - pyserver - INFO - Received from UDP: 0003:0.79219115,0,-5.6788573
2026-08-12 14:13:40,234 - unity.py - INFO - [36mHandling UDP Data: 0003:0.79219115,0,-5.6788573[0m
2026-08-12 14:13:40,235 - unity.py - INFO - Got Host Player Object Position: 0.79219115,0,-5.6788573
2026-08-12 14:13:40,286 - pyserver - INFO - Received from UDP: 0003:0.78121847,0,-5.6784544
2026-08-12 14:13:40,287 - unity.py - INFO - [36mHandling UDP Data: 0003:0.78121847,0,-5.6784544[0m
2026-08-12 14:13:40,287 - unity.py - INFO - Got Host Player Object Position: 0.78121847,0,-5.6784544
2026-08-12 14:13:40,503 - pyserver - INFO - Received from UDP: 0003:0.7701875,0,-5.67805
2026-08-12 14:13:40,503 - unity.py - INFO - [36mHandling UDP Data: 0003:0.7701875,0,-5.67805[0m
2026-08-12 14:13:40,504 - unity.py - INFO - Got Host Player Object Position: 0.7701875,0,-5.67805
2026-08-12 14:13:40,534 - pyserver - INFO - Received from UDP: 0003:0.7536929,0,-5.677445
2026-08-12 14:13:40,535 - unity.py - INFO - [36mHandling UDP Data: 0003:0.7536929,0,-5.677445[0m
2026-08-12 14:13:40,535 - unity.py - INFO - Got Host Player Object Position: 0.7536929,0,-5.677445
2026-08-12 14:13:40,556 - pyserver - INFO - Received from UDP: 0003:0.74267644,0,-5.677041
2026-08-12 14:13:40,556 - unity.py - INFO - [36mHandling UDP Data: 0003:0.74267644,0,-5.677041[0m
2026-08-12 14:13:40,556 - unity.py - INFO - Got Host Player Object Position: 0.74267644,0,-5.677041
2026-08-12 14:13:40,577 - pyserver - INFO - Received from UDP: 0003:0.72980696,0,-5.676569
2026-08-12 14:13:40,577 - unity.py - INFO - [36mHandling UDP Data: 0003:0.72980696,0,-5.676569[0m
2026-08-12 14:13:40,577 - unity.py - INFO - Got Host Player Object Position: 0.72980696,0,-5.676569
2026-08-12 14:13:40,588 - pyserver - INFO - Received from UDP: 0003:0.71512544,0,-5.67603
2026-08-12 14:13:40,588 - unity.py - INFO - [36mHandling UDP Data: 0003:0.71512544,0,-5.67603[0m
2026-08-12 14:13:40,589 - unity.py - INFO - Got Host Player Object Position: 0.71512544,0,-5.67603
2026-08-12 14:13:40,609 - pyserver - INFO - Received from UDP: 0003:0.6985153,0,-5.675421
2026-08-12 14:13:40,610 - unity.py - INFO - [36mHandling UDP Data: 0003:0.6985153,0,-5.675421[0m
2026-08-12 14:13:40,610 - unity.py - INFO - Got Host Player Object Position: 0.6985153,0,-5.675421
2026-08-12 14:13:40,620 - pyserver - INFO - Received from UDP: 0003:0.6801569,0,-5.674748
2026-08-12 14:13:40,620 - unity.py - INFO - [36mHandling UDP Data: 0003:0.6801569,0,-5.674748[0m
2026-08-12 14:13:40,621 - unity.py - INFO - Got Host Player Object Position: 0.6801569,0,-5.674748
2026-08-12 14:13:40,642 - pyserver - INFO - Received from UDP: 0003:0.65996325,0,-5.674007
2026-08-12 14:13:40,643 - unity.py - INFO - [36mHandling UDP Data: 0003:0.65996325,0,-5.674007[0m
2026-08-12 14:13:40,643 - unity.py - INFO - Got Host Player Object Position: 0.65996325,0,-5.674007
2026-08-12 14:13:40,653 - pyserver - INFO - Received from UDP: 0003:0.6379366,0,-5.673199
2026-08-12 14:13:40,653 - unity.py - INFO - [36mHandling UDP Data: 0003:0.6379366,0,-5.673199[0m
2026-08-12 14:13:40,654 - unity.py - INFO - Got Host Player Object Position: 0.6379366,0,-5.673199
2026-08-12 14:13:40,674 - pyserver - INFO - Received from UDP: 0003:0.6140285,0,-5.6723223
2026-08-12 14:13:40,675 - unity.py - INFO - [36mHandling UDP Data: 0003:0.6140285,0,-5.6723223[0m
2026-08-12 14:13:40,675 - unity.py - INFO - Got Host Player Object Position: 0.6140285,0,-5.6723223
2026-08-12 14:13:40,686 - pyserver - INFO - Received from UDP: 0003:0.58834064,0,-5.67138
2026-08-12 14:13:40,686 - unity.py - INFO - [36mHandling UDP Data: 0003:0.58834064,0,-5.67138[0m
2026-08-12 14:13:40,686 - unity.py - INFO - Got Host Player Object Position: 0.58834064,0,-5.67138
2026-08-12 14:13:40,707 - pyserver - INFO - Received from UDP: 0003:0.5607575,0,-5.670368
2026-08-12 14:13:40,707 - unity.py - INFO - [36mHandling UDP Data: 0003:0.5607575,0,-5.670368[0m
2026-08-12 14:13:40,707 - unity.py - INFO - Got Host Player Object Position: 0.5607575,0,-5.670368
2026-08-12 14:13:40,728 - pyserver - INFO - Received from UDP: 0003:0.53140116,0,-5.6692915
2026-08-12 14:13:40,728 - unity.py - INFO - [36mHandling UDP Data: 0003:0.53140116,0,-5.6692915[0m
2026-08-12 14:13:40,728 - unity.py - INFO - Got Host Player Object Position: 0.53140116,0,-5.6692915
2026-08-12 14:13:40,739 - pyserver - INFO - Received from UDP: 0003:0.50018716,0,-5.6681466
2026-08-12 14:13:40,739 - unity.py - INFO - [36mHandling UDP Data: 0003:0.50018716,0,-5.6681466[0m
2026-08-12 14:13:40,739 - unity.py - INFO - Got Host Player Object Position: 0.50018716,0,-5.6681466
2026-08-12 14:13:40,760 - pyserver - INFO - Received from UDP: 0003:0.4671621,0,-5.6669354
2026-08-12 14:13:40,760 - unity.py - INFO - [36mHandling UDP Data: 0003:0.4671621,0,-5.6669354[0m
2026-08-12 14:13:40,761 - unity.py - INFO - Got Host Player Object Position: 0.4671621,0,-5.6669354
2026-08-12 14:13:40,771 - pyserver - INFO - Received from UDP: 0003:0.43223765,0,-5.665654
2026-08-12 14:13:40,772 - unity.py - INFO - [36mHandling UDP Data: 0003:0.43223765,0,-5.665654[0m
2026-08-12 14:13:40,772 - unity.py - INFO - Got Host Player Object Position: 0.43223765,0,-5.665654
2026-08-12 14:13:40,793 - pyserver - INFO - Received from UDP: 0003:0.39559564,0,-5.6643105
2026-08-12 14:13:40,793 - unity.py - INFO - [36mHandling UDP Data: 0003:0.39559564,0,-5.6643105[0m
2026-08-12 14:13:40,793 - unity.py - INFO - Got Host Player Object Position: 0.39559564,0,-5.6643105
2026-08-12 14:13:40,803 - pyserver - INFO - Received from UDP: 0003:0.35888153,0,-5.6629634
2026-08-12 14:13:40,804 - unity.py - INFO - [36mHandling UDP Data: 0003:0.35888153,0,-5.6629634[0m
2026-08-12 14:13:40,804 - unity.py - INFO - Got Host Player Object Position: 0.35888153,0,-5.6629634
2026-08-12 14:13:40,824 - pyserver - INFO - Received from UDP: 0003:0.32223955,0,-5.6616197
2026-08-12 14:13:40,825 - unity.py - INFO - [36mHandling UDP Data: 0003:0.32223955,0,-5.6616197[0m
2026-08-12 14:13:40,825 - unity.py - INFO - Got Host Player Object Position: 0.32223955,0,-5.6616197
2026-08-12 14:13:40,835 - pyserver - INFO - Received from UDP: 0003:0.2855259,0,-5.660273
2026-08-12 14:13:40,835 - unity.py - INFO - [36mHandling UDP Data: 0003:0.2855259,0,-5.660273[0m
2026-08-12 14:13:40,835 - unity.py - INFO - Got Host Player Object Position: 0.2855259,0,-5.660273
2026-08-12 14:13:40,856 - pyserver - INFO - Received from UDP: 0003:0.2488839,0,-5.658929
2026-08-12 14:13:40,856 - unity.py - INFO - [36mHandling UDP Data: 0003:0.2488839,0,-5.658929[0m
2026-08-12 14:13:40,857 - unity.py - INFO - Got Host Player Object Position: 0.2488839,0,-5.658929
2026-08-12 14:13:40,877 - pyserver - INFO - Received from UDP: 0003:0.2121698,0,-5.6575823
2026-08-12 14:13:40,877 - unity.py - INFO - [36mHandling UDP Data: 0003:0.2121698,0,-5.6575823[0m
2026-08-12 14:13:40,877 - unity.py - INFO - Got Host Player Object Position: 0.2121698,0,-5.6575823
2026-08-12 14:13:40,888 - pyserver - INFO - Received from UDP: 0003:0.1755278,0,-5.6562386
2026-08-12 14:13:40,889 - unity.py - INFO - [36mHandling UDP Data: 0003:0.1755278,0,-5.6562386[0m
2026-08-12 14:13:40,889 - unity.py - INFO - Got Host Player Object Position: 0.1755278,0,-5.6562386
2026-08-12 14:13:40,910 - pyserver - INFO - Received from UDP: 0003:0.13881414,0,-5.6548915
2026-08-12 14:13:40,910 - unity.py - INFO - [36mHandling UDP Data: 0003:0.13881414,0,-5.6548915[0m
2026-08-12 14:13:40,910 - unity.py - INFO - Got Host Player Object Position: 0.13881414,0,-5.6548915
2026-08-12 14:13:40,921 - pyserver - INFO - Received from UDP: 0003:0.102172144,0,-5.653548
2026-08-12 14:13:40,921 - unity.py - INFO - [36mHandling UDP Data: 0003:0.102172144,0,-5.653548[0m
2026-08-12 14:13:40,921 - unity.py - INFO - Got Host Player Object Position: 0.102172144,0,-5.653548
2026-08-12 14:13:40,942 - pyserver - INFO - Received from UDP: 0003:0.06545914,0,-5.652201
2026-08-12 14:13:40,942 - unity.py - INFO - [36mHandling UDP Data: 0003:0.06545914,0,-5.652201[0m
2026-08-12 14:13:40,942 - unity.py - INFO - Got Host Player Object Position: 0.06545914,0,-5.652201
2026-08-12 14:13:40,953 - pyserver - INFO - Received from UDP: 0003:0.028817147,0,-5.650857
2026-08-12 14:13:40,953 - unity.py - INFO - [36mHandling UDP Data: 0003:0.028817147,0,-5.650857[0m
2026-08-12 14:13:40,953 - unity.py - INFO - Got Host Player Object Position: 0.028817147,0,-5.650857
2026-08-12 14:13:40,974 - pyserver - INFO - Received from UDP: 0003:-0.007895641,0,-5.6495104
2026-08-12 14:13:40,974 - unity.py - INFO - [36mHandling UDP Data: 0003:-0.007895641,0,-5.6495104[0m
2026-08-12 14:13:40,974 - unity.py - INFO - Got Host Player Object Position: -0.007895641,0,-5.6495104
2026-08-12 14:13:40,995 - pyserver - INFO - Received from UDP: 0003:-0.044537634,0,-5.6481667
2026-08-12 14:13:40,995 - unity.py - INFO - [36mHandling UDP Data: 0003:-0.044537634,0,-5.6481667[0m
2026-08-12 14:13:40,995 - unity.py - INFO - Got Host Player Object Position: -0.044537634,0,-5.6481667
2026-08-12 14:13:41,006 - pyserver - INFO - Received from UDP: 0003:-0.081250645,0,-5.64682
2026-08-12 14:13:41,006 - unity.py - INFO - [36mHandling UDP Data: 0003:-0.081250645,0,-5.64682[0m
2026-08-12 14:13:41,007 - unity.py - INFO - Got Host Player Object Position: -0.081250645,0,-5.64682
2026-08-12 14:13:41,028 - pyserver - INFO - Received from UDP: 0003:-0.11789264,0,-5.645476
2026-08-12 14:13:41,028 - unity.py - INFO - [36mHandling UDP Data: 0003:-0.11789264,0,-5.645476[0m
2026-08-12 14:13:41,028 - unity.py - INFO - Got Host Player Object Position: -0.11789264,0,-5.645476
2026-08-12 14:13:41,039 - pyserver - INFO - Received from UDP: 0003:-0.1546052,0,-5.6441293
2026-08-12 14:13:41,039 - unity.py - INFO - [36mHandling UDP Data: 0003:-0.1546052,0,-5.6441293[0m
2026-08-12 14:13:41,039 - unity.py - INFO - Got Host Player Object Position: -0.1546052,0,-5.6441293
2026-08-12 14:13:41,060 - pyserver - INFO - Received from UDP: 0003:-0.1912472,0,-5.642785
2026-08-12 14:13:41,060 - unity.py - INFO - [36mHandling UDP Data: 0003:-0.1912472,0,-5.642785[0m
2026-08-12 14:13:41,060 - unity.py - INFO - Got Host Player Object Position: -0.1912472,0,-5.642785
2026-08-12 14:13:41,071 - pyserver - INFO - Received from UDP: 0003:-0.22795998,0,-5.6414385
2026-08-12 14:13:41,071 - unity.py - INFO - [36mHandling UDP Data: 0003:-0.22795998,0,-5.6414385[0m
2026-08-12 14:13:41,071 - unity.py - INFO - Got Host Player Object Position: -0.22795998,0,-5.6414385
2026-08-12 14:13:41,092 - pyserver - INFO - Received from UDP: 0003:-0.26460198,0,-5.6400948
2026-08-12 14:13:41,092 - unity.py - INFO - [36mHandling UDP Data: 0003:-0.26460198,0,-5.6400948[0m
2026-08-12 14:13:41,092 - unity.py - INFO - Got Host Player Object Position: -0.26460198,0,-5.6400948
2026-08-12 14:13:41,103 - pyserver - INFO - Received from UDP: 0003:-0.30131453,0,-5.638748
2026-08-12 14:13:41,103 - unity.py - INFO - [36mHandling UDP Data: 0003:-0.30131453,0,-5.638748[0m
2026-08-12 14:13:41,103 - unity.py - INFO - Got Host Player Object Position: -0.30131453,0,-5.638748
2026-08-12 14:13:41,124 - pyserver - INFO - Received from UDP: 0003:-0.33795652,0,-5.637404
2026-08-12 14:13:41,124 - unity.py - INFO - [36mHandling UDP Data: 0003:-0.33795652,0,-5.637404[0m
2026-08-12 14:13:41,124 - unity.py - INFO - Got Host Player Object Position: -0.33795652,0,-5.637404
2026-08-12 14:13:41,135 - pyserver - INFO - Received from UDP: 0003:-0.37466976,0,-5.6360574
2026-08-12 14:13:41,135 - unity.py - INFO - [36mHandling UDP Data: 0003:-0.37466976,0,-5.6360574[0m
2026-08-12 14:13:41,135 - unity.py - INFO - Got Host Player Object Position: -0.37466976,0,-5.6360574
2026-08-12 14:13:41,156 - pyserver - INFO - Received from UDP: 0003:-0.41131175,0,-5.6347136
2026-08-12 14:13:41,157 - unity.py - INFO - [36mHandling UDP Data: 0003:-0.41131175,0,-5.6347136[0m
2026-08-12 14:13:41,157 - unity.py - INFO - Got Host Player Object Position: -0.41131175,0,-5.6347136
2026-08-12 14:13:41,177 - pyserver - INFO - Received from UDP: 0003:-0.4480252,0,-5.633367
2026-08-12 14:13:41,178 - unity.py - INFO - [36mHandling UDP Data: 0003:-0.4480252,0,-5.633367[0m
2026-08-12 14:13:41,178 - unity.py - INFO - Got Host Player Object Position: -0.4480252,0,-5.633367
2026-08-12 14:13:41,188 - pyserver - INFO - Received from UDP: 0003:-0.48466718,0,-5.632023
2026-08-12 14:13:41,189 - unity.py - INFO - [36mHandling UDP Data: 0003:-0.48466718,0,-5.632023[0m
2026-08-12 14:13:41,190 - unity.py - INFO - Got Host Player Object Position: -0.48466718,0,-5.632023
2026-08-12 14:13:41,210 - pyserver - INFO - Received from UDP: 0003:-0.52138084,0,-5.6306763
2026-08-12 14:13:41,210 - unity.py - INFO - [36mHandling UDP Data: 0003:-0.52138084,0,-5.6306763[0m
2026-08-12 14:13:41,211 - unity.py - INFO - Got Host Player Object Position: -0.52138084,0,-5.6306763
2026-08-12 14:13:41,221 - pyserver - INFO - Received from UDP: 0003:-0.55802286,0,-5.629332
2026-08-12 14:13:41,222 - unity.py - INFO - [36mHandling UDP Data: 0003:-0.55802286,0,-5.629332[0m
2026-08-12 14:13:41,223 - unity.py - INFO - Got Host Player Object Position: -0.55802286,0,-5.629332
2026-08-12 14:13:41,244 - pyserver - INFO - Received from UDP: 0003:-0.59473604,0,-5.6279855
2026-08-12 14:13:41,244 - unity.py - INFO - [36mHandling UDP Data: 0003:-0.59473604,0,-5.6279855[0m
2026-08-12 14:13:41,244 - unity.py - INFO - Got Host Player Object Position: -0.59473604,0,-5.6279855
2026-08-12 14:13:41,255 - pyserver - INFO - Received from UDP: 0003:-0.63137805,0,-5.6266418
2026-08-12 14:13:41,255 - unity.py - INFO - [36mHandling UDP Data: 0003:-0.63137805,0,-5.6266418[0m
2026-08-12 14:13:41,256 - unity.py - INFO - Got Host Player Object Position: -0.63137805,0,-5.6266418
2026-08-12 14:13:41,277 - pyserver - INFO - Received from UDP: 0003:-0.66809106,0,-5.625295
2026-08-12 14:13:41,277 - unity.py - INFO - [36mHandling UDP Data: 0003:-0.66809106,0,-5.625295[0m
2026-08-12 14:13:41,277 - unity.py - INFO - Got Host Player Object Position: -0.66809106,0,-5.625295
2026-08-12 14:13:41,288 - pyserver - INFO - Received from UDP: 0003:-0.7047331,0,-5.623951
2026-08-12 14:13:41,288 - unity.py - INFO - [36mHandling UDP Data: 0003:-0.7047331,0,-5.623951[0m
2026-08-12 14:13:41,288 - unity.py - INFO - Got Host Player Object Position: -0.7047331,0,-5.623951
2026-08-12 14:13:41,308 - pyserver - INFO - Received from UDP: 0003:-0.74144584,0,-5.6226044
2026-08-12 14:13:41,309 - unity.py - INFO - [36mHandling UDP Data: 0003:-0.74144584,0,-5.6226044[0m
2026-08-12 14:13:41,309 - unity.py - INFO - Got Host Player Object Position: -0.74144584,0,-5.6226044
2026-08-12 14:13:41,319 - pyserver - INFO - Received from UDP: 0003:-0.77808785,0,-5.62126
2026-08-12 14:13:41,319 - unity.py - INFO - [36mHandling UDP Data: 0003:-0.77808785,0,-5.62126[0m
2026-08-12 14:13:41,320 - unity.py - INFO - Got Host Player Object Position: -0.77808785,0,-5.62126
2026-08-12 14:13:41,340 - pyserver - INFO - Received from UDP: 0003:-0.81480086,0,-5.6199136
2026-08-12 14:13:41,340 - unity.py - INFO - [36mHandling UDP Data: 0003:-0.81480086,0,-5.6199136[0m
2026-08-12 14:13:41,340 - unity.py - INFO - Got Host Player Object Position: -0.81480086,0,-5.6199136
2026-08-12 14:13:41,361 - pyserver - INFO - Received from UDP: 0003:-0.8514428,0,-5.61857
2026-08-12 14:13:41,362 - unity.py - INFO - [36mHandling UDP Data: 0003:-0.8514428,0,-5.61857[0m
2026-08-12 14:13:41,362 - unity.py - INFO - Got Host Player Object Position: -0.8514428,0,-5.61857
2026-08-12 14:13:41,373 - pyserver - INFO - Received from UDP: 0003:-0.8881558,0,-5.6172233
2026-08-12 14:13:41,373 - unity.py - INFO - [36mHandling UDP Data: 0003:-0.8881558,0,-5.6172233[0m
2026-08-12 14:13:41,373 - unity.py - INFO - Got Host Player Object Position: -0.8881558,0,-5.6172233
2026-08-12 14:13:41,394 - pyserver - INFO - Received from UDP: 0003:-0.92479783,0,-5.615879
2026-08-12 14:13:41,394 - unity.py - INFO - [36mHandling UDP Data: 0003:-0.92479783,0,-5.615879[0m
2026-08-12 14:13:41,395 - unity.py - INFO - Got Host Player Object Position: -0.92479783,0,-5.615879
2026-08-12 14:13:41,405 - pyserver - INFO - Received from UDP: 0003:-0.9615124,0,-5.6145325
2026-08-12 14:13:41,406 - unity.py - INFO - [36mHandling UDP Data: 0003:-0.9615124,0,-5.6145325[0m
2026-08-12 14:13:41,407 - unity.py - INFO - Got Host Player Object Position: -0.9615124,0,-5.6145325
2026-08-12 14:13:41,428 - pyserver - INFO - Received from UDP: 0003:-0.99815434,0,-5.6131883
2026-08-12 14:13:41,428 - unity.py - INFO - [36mHandling UDP Data: 0003:-0.99815434,0,-5.6131883[0m
2026-08-12 14:13:41,428 - unity.py - INFO - Got Host Player Object Position: -0.99815434,0,-5.6131883
2026-08-12 14:13:41,439 - pyserver - INFO - Received from UDP: 0003:-1.0348669,0,-5.6118417
2026-08-12 14:13:41,440 - unity.py - INFO - [36mHandling UDP Data: 0003:-1.0348669,0,-5.6118417[0m
2026-08-12 14:13:41,440 - unity.py - INFO - Got Host Player Object Position: -1.0348669,0,-5.6118417
2026-08-12 14:13:41,460 - pyserver - INFO - Received from UDP: 0003:-1.0715089,0,-5.610498
2026-08-12 14:13:41,461 - unity.py - INFO - [36mHandling UDP Data: 0003:-1.0715089,0,-5.610498[0m
2026-08-12 14:13:41,461 - unity.py - INFO - Got Host Player Object Position: -1.0715089,0,-5.610498
2026-08-12 14:13:41,471 - pyserver - INFO - Received from UDP: 0003:-1.1082218,0,-5.6091514
2026-08-12 14:13:41,471 - unity.py - INFO - [36mHandling UDP Data: 0003:-1.1082218,0,-5.6091514[0m
2026-08-12 14:13:41,471 - unity.py - INFO - Got Host Player Object Position: -1.1082218,0,-5.6091514
2026-08-12 14:13:41,492 - pyserver - INFO - Received from UDP: 0003:-1.1448637,0,-5.607807
2026-08-12 14:13:41,493 - unity.py - INFO - [36mHandling UDP Data: 0003:-1.1448637,0,-5.607807[0m
2026-08-12 14:13:41,493 - unity.py - INFO - Got Host Player Object Position: -1.1448637,0,-5.607807
2026-08-12 14:13:41,503 - pyserver - INFO - Received from UDP: 0003:-1.1815763,0,-5.6064606
2026-08-12 14:13:41,503 - unity.py - INFO - [36mHandling UDP Data: 0003:-1.1815763,0,-5.6064606[0m
2026-08-12 14:13:41,504 - unity.py - INFO - Got Host Player Object Position: -1.1815763,0,-5.6064606
2026-08-12 14:13:41,524 - pyserver - INFO - Received from UDP: 0003:-1.2182182,0,-5.605117
2026-08-12 14:13:41,524 - unity.py - INFO - [36mHandling UDP Data: 0003:-1.2182182,0,-5.605117[0m
2026-08-12 14:13:41,524 - unity.py - INFO - Got Host Player Object Position: -1.2182182,0,-5.605117
2026-08-12 14:13:41,545 - pyserver - INFO - Received from UDP: 0003:-1.2549304,0,-5.6037703
2026-08-12 14:13:41,545 - unity.py - INFO - [36mHandling UDP Data: 0003:-1.2549304,0,-5.6037703[0m
2026-08-12 14:13:41,545 - unity.py - INFO - Got Host Player Object Position: -1.2549304,0,-5.6037703
2026-08-12 14:13:41,556 - pyserver - INFO - Received from UDP: 0003:-1.2915723,0,-5.602426
2026-08-12 14:13:41,557 - unity.py - INFO - [36mHandling UDP Data: 0003:-1.2915723,0,-5.602426[0m
2026-08-12 14:13:41,557 - unity.py - INFO - Got Host Player Object Position: -1.2915723,0,-5.602426
2026-08-12 14:13:41,577 - pyserver - INFO - Received from UDP: 0003:-1.3263818,0,-5.6011496
2026-08-12 14:13:41,578 - unity.py - INFO - [36mHandling UDP Data: 0003:-1.3263818,0,-5.6011496[0m
2026-08-12 14:13:41,578 - unity.py - INFO - Got Host Player Object Position: -1.3263818,0,-5.6011496
2026-08-12 14:13:41,588 - pyserver - INFO - Received from UDP: 0003:-1.3593535,0,-5.59994
2026-08-12 14:13:41,589 - unity.py - INFO - [36mHandling UDP Data: 0003:-1.3593535,0,-5.59994[0m
2026-08-12 14:13:41,589 - unity.py - INFO - Got Host Player Object Position: -1.3593535,0,-5.59994
2026-08-12 14:13:41,610 - pyserver - INFO - Received from UDP: 0003:-1.3905526,0,-5.5987954
2026-08-12 14:13:41,610 - unity.py - INFO - [36mHandling UDP Data: 0003:-1.3905526,0,-5.5987954[0m
2026-08-12 14:13:41,610 - unity.py - INFO - Got Host Player Object Position: -1.3905526,0,-5.5987954
2026-08-12 14:13:41,621 - pyserver - INFO - Received from UDP: 0003:-1.4198561,0,-5.5977206
2026-08-12 14:13:41,621 - unity.py - INFO - [36mHandling UDP Data: 0003:-1.4198561,0,-5.5977206[0m
2026-08-12 14:13:41,621 - unity.py - INFO - Got Host Player Object Position: -1.4198561,0,-5.5977206
2026-08-12 14:13:41,642 - pyserver - INFO - Received from UDP: 0003:-1.4474157,0,-5.5967097
2026-08-12 14:13:41,642 - unity.py - INFO - [36mHandling UDP Data: 0003:-1.4474157,0,-5.5967097[0m
2026-08-12 14:13:41,642 - unity.py - INFO - Got Host Player Object Position: -1.4474157,0,-5.5967097
2026-08-12 14:13:41,695 - pyserver - INFO - Received from UDP: 0003:-1.4362322,0,-5.5971203
2026-08-12 14:13:41,695 - unity.py - INFO - [36mHandling UDP Data: 0003:-1.4362322,0,-5.5971203[0m
2026-08-12 14:13:41,695 - unity.py - INFO - Got Host Player Object Position: -1.4362322,0,-5.5971203
2026-08-12 14:13:41,726 - pyserver - INFO - Received from UDP: 0003:-1.4196422,0,-5.5977287
2026-08-12 14:13:41,727 - unity.py - INFO - [36mHandling UDP Data: 0003:-1.4196422,0,-5.5977287[0m
2026-08-12 14:13:41,727 - unity.py - INFO - Got Host Player Object Position: -1.4196422,0,-5.5977287
2026-08-12 14:13:41,737 - pyserver - INFO - Received from UDP: 0003:-1.4086256,0,-5.5981326
2026-08-12 14:13:41,738 - unity.py - INFO - [36mHandling UDP Data: 0003:-1.4086256,0,-5.5981326[0m
2026-08-12 14:13:41,738 - unity.py - INFO - Got Host Player Object Position: -1.4086256,0,-5.5981326
2026-08-12 14:13:41,758 - pyserver - INFO - Received from UDP: 0003:-1.3957663,0,-5.598604
2026-08-12 14:13:41,759 - unity.py - INFO - [36mHandling UDP Data: 0003:-1.3957663,0,-5.598604[0m
2026-08-12 14:13:41,759 - unity.py - INFO - Got Host Player Object Position: -1.3957663,0,-5.598604
2026-08-12 14:13:41,769 - pyserver - INFO - Received from UDP: 0003:-1.3810394,0,-5.5991445
2026-08-12 14:13:41,770 - unity.py - INFO - [36mHandling UDP Data: 0003:-1.3810394,0,-5.5991445[0m
2026-08-12 14:13:41,770 - unity.py - INFO - Got Host Player Object Position: -1.3810394,0,-5.5991445
2026-08-12 14:13:41,790 - pyserver - INFO - Received from UDP: 0003:-1.3645073,0,-5.599751
2026-08-12 14:13:41,790 - unity.py - INFO - [36mHandling UDP Data: 0003:-1.3645073,0,-5.599751[0m
2026-08-12 14:13:41,791 - unity.py - INFO - Got Host Player Object Position: -1.3645073,0,-5.599751
2026-08-12 14:13:41,811 - pyserver - INFO - Received from UDP: 0003:-1.3461092,0,-5.6004257
2026-08-12 14:13:41,811 - unity.py - INFO - [36mHandling UDP Data: 0003:-1.3461092,0,-5.6004257[0m
2026-08-12 14:13:41,812 - unity.py - INFO - Got Host Player Object Position: -1.3461092,0,-5.6004257
2026-08-12 14:13:41,822 - pyserver - INFO - Received from UDP: 0003:-1.3258504,0,-5.6011686
2026-08-12 14:13:41,822 - unity.py - INFO - [36mHandling UDP Data: 0003:-1.3258504,0,-5.6011686[0m
2026-08-12 14:13:41,823 - unity.py - INFO - Got Host Player Object Position: -1.3258504,0,-5.6011686
2026-08-12 14:13:41,843 - pyserver - INFO - Received from UDP: 0003:-1.3038113,0,-5.6019773
2026-08-12 14:13:41,844 - unity.py - INFO - [36mHandling UDP Data: 0003:-1.3038113,0,-5.6019773[0m
2026-08-12 14:13:41,844 - unity.py - INFO - Got Host Player Object Position: -1.3038113,0,-5.6019773
2026-08-12 14:13:41,854 - pyserver - INFO - Received from UDP: 0003:-1.279934,0,-5.602853
2026-08-12 14:13:41,855 - unity.py - INFO - [36mHandling UDP Data: 0003:-1.279934,0,-5.602853[0m
2026-08-12 14:13:41,855 - unity.py - INFO - Got Host Player Object Position: -1.279934,0,-5.602853
2026-08-12 14:13:41,875 - pyserver - INFO - Received from UDP: 0003:-1.2541819,0,-5.6037974
2026-08-12 14:13:41,875 - unity.py - INFO - [36mHandling UDP Data: 0003:-1.2541819,0,-5.6037974[0m
2026-08-12 14:13:41,876 - unity.py - INFO - Got Host Player Object Position: -1.2541819,0,-5.6037974
2026-08-12 14:13:41,886 - pyserver - INFO - Received from UDP: 0003:-1.2266436,0,-5.604808
2026-08-12 14:13:41,886 - unity.py - INFO - [36mHandling UDP Data: 0003:-1.2266436,0,-5.604808[0m
2026-08-12 14:13:41,886 - unity.py - INFO - Got Host Player Object Position: -1.2266436,0,-5.604808
2026-08-12 14:13:41,907 - pyserver - INFO - Received from UDP: 0003:-1.1972201,0,-5.605887
2026-08-12 14:13:41,908 - unity.py - INFO - [36mHandling UDP Data: 0003:-1.1972201,0,-5.605887[0m
2026-08-12 14:13:41,908 - unity.py - INFO - Got Host Player Object Position: -1.1972201,0,-5.605887
2026-08-12 14:13:41,928 - pyserver - INFO - Received from UDP: 0003:-1.1660162,0,-5.6070313
2026-08-12 14:13:41,928 - unity.py - INFO - [36mHandling UDP Data: 0003:-1.1660162,0,-5.6070313[0m
2026-08-12 14:13:41,928 - unity.py - INFO - Got Host Player Object Position: -1.1660162,0,-5.6070313
2026-08-12 14:13:41,939 - pyserver - INFO - Received from UDP: 0003:-1.1328968,0,-5.6082463
2026-08-12 14:13:41,939 - unity.py - INFO - [36mHandling UDP Data: 0003:-1.1328968,0,-5.6082463[0m
2026-08-12 14:13:41,940 - unity.py - INFO - Got Host Player Object Position: -1.1328968,0,-5.6082463
2026-08-12 14:13:41,961 - pyserver - INFO - Received from UDP: 0003:-1.0980103,0,-5.6095257
2026-08-12 14:13:41,961 - unity.py - INFO - [36mHandling UDP Data: 0003:-1.0980103,0,-5.6095257[0m
2026-08-12 14:13:41,962 - unity.py - INFO - Got Host Player Object Position: -1.0980103,0,-5.6095257
2026-08-12 14:13:41,972 - pyserver - INFO - Received from UDP: 0003:-1.061296,0,-5.6108727
2026-08-12 14:13:41,972 - unity.py - INFO - [36mHandling UDP Data: 0003:-1.061296,0,-5.6108727[0m
2026-08-12 14:13:41,972 - unity.py - INFO - Got Host Player Object Position: -1.061296,0,-5.6108727
2026-08-12 14:13:41,994 - pyserver - INFO - Received from UDP: 0003:-1.024654,0,-5.6122165
2026-08-12 14:13:41,994 - unity.py - INFO - [36mHandling UDP Data: 0003:-1.024654,0,-5.6122165[0m
2026-08-12 14:13:41,995 - unity.py - INFO - Got Host Player Object Position: -1.024654,0,-5.6122165
2026-08-12 14:13:42,005 - pyserver - INFO - Received from UDP: 0003:-0.9879412,0,-5.613563
2026-08-12 14:13:42,005 - unity.py - INFO - [36mHandling UDP Data: 0003:-0.9879412,0,-5.613563[0m
2026-08-12 14:13:42,005 - unity.py - INFO - Got Host Player Object Position: -0.9879412,0,-5.613563
2026-08-12 14:13:42,026 - pyserver - INFO - Received from UDP: 0003:-0.9512992,0,-5.6149073
2026-08-12 14:13:42,026 - unity.py - INFO - [36mHandling UDP Data: 0003:-0.9512992,0,-5.6149073[0m
2026-08-12 14:13:42,026 - unity.py - INFO - Got Host Player Object Position: -0.9512992,0,-5.6149073
2026-08-12 14:13:42,037 - pyserver - INFO - Received from UDP: 0003:-0.9145864,0,-5.616254
2026-08-12 14:13:42,037 - unity.py - INFO - [36mHandling UDP Data: 0003:-0.9145864,0,-5.616254[0m
2026-08-12 14:13:42,037 - unity.py - INFO - Got Host Player Object Position: -0.9145864,0,-5.616254
2026-08-12 14:13:42,058 - pyserver - INFO - Received from UDP: 0003:-0.8779444,0,-5.6175976
2026-08-12 14:13:42,058 - unity.py - INFO - [36mHandling UDP Data: 0003:-0.8779444,0,-5.6175976[0m
2026-08-12 14:13:42,058 - unity.py - INFO - Got Host Player Object Position: -0.8779444,0,-5.6175976
2026-08-12 14:13:42,079 - pyserver - INFO - Received from UDP: 0003:-0.8412318,0,-5.618944
2026-08-12 14:13:42,079 - unity.py - INFO - [36mHandling UDP Data: 0003:-0.8412318,0,-5.618944[0m
2026-08-12 14:13:42,079 - unity.py - INFO - Got Host Player Object Position: -0.8412318,0,-5.618944
2026-08-12 14:13:42,090 - pyserver - INFO - Received from UDP: 0003:-0.80458987,0,-5.6202884
2026-08-12 14:13:42,091 - unity.py - INFO - [36mHandling UDP Data: 0003:-0.80458987,0,-5.6202884[0m
2026-08-12 14:13:42,091 - unity.py - INFO - Got Host Player Object Position: -0.80458987,0,-5.6202884
2026-08-12 14:13:42,112 - pyserver - INFO - Received from UDP: 0003:-0.7678762,0,-5.621635
2026-08-12 14:13:42,112 - unity.py - INFO - [36mHandling UDP Data: 0003:-0.7678762,0,-5.621635[0m
2026-08-12 14:13:42,112 - unity.py - INFO - Got Host Player Object Position: -0.7678762,0,-5.621635
2026-08-12 14:13:42,123 - pyserver - INFO - Received from UDP: 0003:-0.7312342,0,-5.622979
2026-08-12 14:13:42,124 - unity.py - INFO - [36mHandling UDP Data: 0003:-0.7312342,0,-5.622979[0m
2026-08-12 14:13:42,124 - unity.py - INFO - Got Host Player Object Position: -0.7312342,0,-5.622979
2026-08-12 14:13:42,145 - pyserver - INFO - Received from UDP: 0003:-0.69452095,0,-5.6243258
2026-08-12 14:13:42,145 - unity.py - INFO - [36mHandling UDP Data: 0003:-0.69452095,0,-5.6243258[0m
2026-08-12 14:13:42,145 - unity.py - INFO - Got Host Player Object Position: -0.69452095,0,-5.6243258
2026-08-12 14:13:42,155 - pyserver - INFO - Received from UDP: 0003:-0.657879,0,-5.6256695
2026-08-12 14:13:42,156 - unity.py - INFO - [36mHandling UDP Data: 0003:-0.657879,0,-5.6256695[0m
2026-08-12 14:13:42,157 - unity.py - INFO - Got Host Player Object Position: -0.657879,0,-5.6256695
2026-08-12 14:13:42,178 - pyserver - INFO - Received from UDP: 0003:-0.621166,0,-5.627016
2026-08-12 14:13:42,178 - unity.py - INFO - [36mHandling UDP Data: 0003:-0.621166,0,-5.627016[0m
2026-08-12 14:13:42,178 - unity.py - INFO - Got Host Player Object Position: -0.621166,0,-5.627016
2026-08-12 14:13:42,189 - pyserver - INFO - Received from UDP: 0003:-0.584524,0,-5.6283603
2026-08-12 14:13:42,189 - unity.py - INFO - [36mHandling UDP Data: 0003:-0.584524,0,-5.6283603[0m
2026-08-12 14:13:42,189 - unity.py - INFO - Got Host Player Object Position: -0.584524,0,-5.6283603
2026-08-12 14:13:42,209 - pyserver - INFO - Received from UDP: 0003:-0.54781055,0,-5.629707
2026-08-12 14:13:42,210 - unity.py - INFO - [36mHandling UDP Data: 0003:-0.54781055,0,-5.629707[0m
2026-08-12 14:13:42,210 - unity.py - INFO - Got Host Player Object Position: -0.54781055,0,-5.629707
2026-08-12 14:13:42,220 - pyserver - INFO - Received from UDP: 0003:-0.5111317,0,-5.631052
2026-08-12 14:13:42,220 - unity.py - INFO - [36mHandling UDP Data: 0003:-0.5111317,0,-5.631052[0m
2026-08-12 14:13:42,220 - unity.py - INFO - Got Host Player Object Position: -0.5111317,0,-5.631052
2026-08-12 14:13:42,241 - pyserver - INFO - Received from UDP: 0003:-0.47448972,0,-5.632396
2026-08-12 14:13:42,241 - unity.py - INFO - [36mHandling UDP Data: 0003:-0.47448972,0,-5.632396[0m
2026-08-12 14:13:42,242 - unity.py - INFO - Got Host Player Object Position: -0.47448972,0,-5.632396
2026-08-12 14:13:42,262 - pyserver - INFO - Received from UDP: 0003:-0.4377765,0,-5.633743
2026-08-12 14:13:42,262 - unity.py - INFO - [36mHandling UDP Data: 0003:-0.4377765,0,-5.633743[0m
2026-08-12 14:13:42,262 - unity.py - INFO - Got Host Player Object Position: -0.4377765,0,-5.633743
2026-08-12 14:13:42,273 - pyserver - INFO - Received from UDP: 0003:-0.40113452,0,-5.6350865
2026-08-12 14:13:42,275 - unity.py - INFO - [36mHandling UDP Data: 0003:-0.40113452,0,-5.6350865[0m
2026-08-12 14:13:42,275 - unity.py - INFO - Got Host Player Object Position: -0.40113452,0,-5.6350865
2026-08-12 14:13:42,296 - pyserver - INFO - Received from UDP: 0003:-0.36442128,0,-5.6364336
2026-08-12 14:13:42,296 - unity.py - INFO - [36mHandling UDP Data: 0003:-0.36442128,0,-5.6364336[0m
2026-08-12 14:13:42,296 - unity.py - INFO - Got Host Player Object Position: -0.36442128,0,-5.6364336
2026-08-12 14:13:42,307 - pyserver - INFO - Received from UDP: 0003:-0.3277793,0,-5.6377773
2026-08-12 14:13:42,308 - unity.py - INFO - [36mHandling UDP Data: 0003:-0.3277793,0,-5.6377773[0m
2026-08-12 14:13:42,308 - unity.py - INFO - Got Host Player Object Position: -0.3277793,0,-5.6377773
2026-08-12 14:13:42,329 - pyserver - INFO - Received from UDP: 0003:-0.29106584,0,-5.639124
2026-08-12 14:13:42,329 - unity.py - INFO - [36mHandling UDP Data: 0003:-0.29106584,0,-5.639124[0m
2026-08-12 14:13:42,329 - unity.py - INFO - Got Host Player Object Position: -0.29106584,0,-5.639124
2026-08-12 14:13:42,340 - pyserver - INFO - Received from UDP: 0003:-0.25442386,0,-5.640468
2026-08-12 14:13:42,341 - unity.py - INFO - [36mHandling UDP Data: 0003:-0.25442386,0,-5.640468[0m
2026-08-12 14:13:42,341 - unity.py - INFO - Got Host Player Object Position: -0.25442386,0,-5.640468
2026-08-12 14:13:42,361 - pyserver - INFO - Received from UDP: 0003:-0.2177102,0,-5.6418147
2026-08-12 14:13:42,361 - unity.py - INFO - [36mHandling UDP Data: 0003:-0.2177102,0,-5.6418147[0m
2026-08-12 14:13:42,361 - unity.py - INFO - Got Host Player Object Position: -0.2177102,0,-5.6418147
2026-08-12 14:13:42,372 - pyserver - INFO - Received from UDP: 0003:-0.18106821,0,-5.6431584
2026-08-12 14:13:42,372 - unity.py - INFO - [36mHandling UDP Data: 0003:-0.18106821,0,-5.6431584[0m
2026-08-12 14:13:42,372 - unity.py - INFO - Got Host Player Object Position: -0.18106821,0,-5.6431584
2026-08-12 14:13:42,393 - pyserver - INFO - Received from UDP: 0003:-0.14435476,0,-5.6445055
2026-08-12 14:13:42,393 - unity.py - INFO - [36mHandling UDP Data: 0003:-0.14435476,0,-5.6445055[0m
2026-08-12 14:13:42,393 - unity.py - INFO - Got Host Player Object Position: -0.14435476,0,-5.6445055
2026-08-12 14:13:42,403 - pyserver - INFO - Received from UDP: 0003:-0.10771277,0,-5.645849
2026-08-12 14:13:42,404 - unity.py - INFO - [36mHandling UDP Data: 0003:-0.10771277,0,-5.645849[0m
2026-08-12 14:13:42,404 - unity.py - INFO - Got Host Player Object Position: -0.10771277,0,-5.645849
2026-08-12 14:13:42,424 - pyserver - INFO - Received from UDP: 0003:-0.07100043,0,-5.647196
2026-08-12 14:13:42,424 - unity.py - INFO - [36mHandling UDP Data: 0003:-0.07100043,0,-5.647196[0m
2026-08-12 14:13:42,425 - unity.py - INFO - Got Host Player Object Position: -0.07100043,0,-5.647196
2026-08-12 14:13:42,445 - pyserver - INFO - Received from UDP: 0003:-0.03432161,0,-5.648541
2026-08-12 14:13:42,446 - unity.py - INFO - [36mHandling UDP Data: 0003:-0.03432161,0,-5.648541[0m
2026-08-12 14:13:42,446 - unity.py - INFO - Got Host Player Object Position: -0.03432161,0,-5.648541
2026-08-12 14:13:42,456 - pyserver - INFO - Received from UDP: 0003:0.0023203827,0,-5.649885
2026-08-12 14:13:42,457 - unity.py - INFO - [36mHandling UDP Data: 0003:0.0023203827,0,-5.649885[0m
2026-08-12 14:13:42,457 - unity.py - INFO - Got Host Player Object Position: 0.0023203827,0,-5.649885
2026-08-12 14:13:42,478 - pyserver - INFO - Received from UDP: 0003:0.039033607,0,-5.651232
2026-08-12 14:13:42,478 - unity.py - INFO - [36mHandling UDP Data: 0003:0.039033607,0,-5.651232[0m
2026-08-12 14:13:42,478 - unity.py - INFO - Got Host Player Object Position: 0.039033607,0,-5.651232
2026-08-12 14:13:42,488 - pyserver - INFO - Received from UDP: 0003:0.0756756,0,-5.652576
2026-08-12 14:13:42,489 - unity.py - INFO - [36mHandling UDP Data: 0003:0.0756756,0,-5.652576[0m
2026-08-12 14:13:42,489 - unity.py - INFO - Got Host Player Object Position: 0.0756756,0,-5.652576
2026-08-12 14:13:42,509 - pyserver - INFO - Received from UDP: 0003:0.11238883,0,-5.6539226
2026-08-12 14:13:42,510 - unity.py - INFO - [36mHandling UDP Data: 0003:0.11238883,0,-5.6539226[0m
2026-08-12 14:13:42,510 - unity.py - INFO - Got Host Player Object Position: 0.11238883,0,-5.6539226
2026-08-12 14:13:42,520 - pyserver - INFO - Received from UDP: 0003:0.14903082,0,-5.6552663
2026-08-12 14:13:42,521 - unity.py - INFO - [36mHandling UDP Data: 0003:0.14903082,0,-5.6552663[0m
2026-08-12 14:13:42,521 - unity.py - INFO - Got Host Player Object Position: 0.14903082,0,-5.6552663
2026-08-12 14:13:42,541 - pyserver - INFO - Received from UDP: 0003:0.18574405,0,-5.656613
2026-08-12 14:13:42,542 - unity.py - INFO - [36mHandling UDP Data: 0003:0.18574405,0,-5.656613[0m
2026-08-12 14:13:42,542 - unity.py - INFO - Got Host Player Object Position: 0.18574405,0,-5.656613
2026-08-12 14:13:42,562 - pyserver - INFO - Received from UDP: 0003:0.22238603,0,-5.657957
2026-08-12 14:13:42,563 - unity.py - INFO - [36mHandling UDP Data: 0003:0.22238603,0,-5.657957[0m
2026-08-12 14:13:42,563 - unity.py - INFO - Got Host Player Object Position: 0.22238603,0,-5.657957
2026-08-12 14:13:42,574 - pyserver - INFO - Received from UDP: 0003:0.25909925,0,-5.6593037
2026-08-12 14:13:42,574 - unity.py - INFO - [36mHandling UDP Data: 0003:0.25909925,0,-5.6593037[0m
2026-08-12 14:13:42,574 - unity.py - INFO - Got Host Player Object Position: 0.25909925,0,-5.6593037
2026-08-12 14:13:42,595 - pyserver - INFO - Received from UDP: 0003:0.29574126,0,-5.660648
2026-08-12 14:13:42,595 - unity.py - INFO - [36mHandling UDP Data: 0003:0.29574126,0,-5.660648[0m
2026-08-12 14:13:42,595 - unity.py - INFO - Got Host Player Object Position: 0.29574126,0,-5.660648
2026-08-12 14:13:42,606 - pyserver - INFO - Received from UDP: 0003:0.33245558,0,-5.6619945
2026-08-12 14:13:42,606 - unity.py - INFO - [36mHandling UDP Data: 0003:0.33245558,0,-5.6619945[0m
2026-08-12 14:13:42,606 - unity.py - INFO - Got Host Player Object Position: 0.33245558,0,-5.6619945
2026-08-12 14:13:42,627 - pyserver - INFO - Received from UDP: 0003:0.36909756,0,-5.663338
2026-08-12 14:13:42,627 - unity.py - INFO - [36mHandling UDP Data: 0003:0.36909756,0,-5.663338[0m
2026-08-12 14:13:42,627 - unity.py - INFO - Got Host Player Object Position: 0.36909756,0,-5.663338
2026-08-12 14:13:42,638 - pyserver - INFO - Received from UDP: 0003:0.4058121,0,-5.664685
2026-08-12 14:13:42,638 - unity.py - INFO - [36mHandling UDP Data: 0003:0.4058121,0,-5.664685[0m
2026-08-12 14:13:42,638 - unity.py - INFO - Got Host Player Object Position: 0.4058121,0,-5.664685
2026-08-12 14:13:42,658 - pyserver - INFO - Received from UDP: 0003:0.4424541,0,-5.666029
2026-08-12 14:13:42,659 - unity.py - INFO - [36mHandling UDP Data: 0003:0.4424541,0,-5.666029[0m
2026-08-12 14:13:42,659 - unity.py - INFO - Got Host Player Object Position: 0.4424541,0,-5.666029
2026-08-12 14:13:42,679 - pyserver - INFO - Received from UDP: 0003:0.47916755,0,-5.6673756
2026-08-12 14:13:42,679 - unity.py - INFO - [36mHandling UDP Data: 0003:0.47916755,0,-5.6673756[0m
2026-08-12 14:13:42,680 - unity.py - INFO - Got Host Player Object Position: 0.47916755,0,-5.6673756
2026-08-12 14:13:42,690 - pyserver - INFO - Received from UDP: 0003:0.51580954,0,-5.66872
2026-08-12 14:13:42,691 - unity.py - INFO - [36mHandling UDP Data: 0003:0.51580954,0,-5.66872[0m
2026-08-12 14:13:42,691 - unity.py - INFO - Got Host Player Object Position: 0.51580954,0,-5.66872
2026-08-12 14:13:42,712 - pyserver - INFO - Received from UDP: 0003:0.5525236,0,-5.6700664
2026-08-12 14:13:42,712 - unity.py - INFO - [36mHandling UDP Data: 0003:0.5525236,0,-5.6700664[0m
2026-08-12 14:13:42,712 - unity.py - INFO - Got Host Player Object Position: 0.5525236,0,-5.6700664
2026-08-12 14:13:42,723 - pyserver - INFO - Received from UDP: 0003:0.5891656,0,-5.67141
2026-08-12 14:13:42,724 - unity.py - INFO - [36mHandling UDP Data: 0003:0.5891656,0,-5.67141[0m
2026-08-12 14:13:42,724 - unity.py - INFO - Got Host Player Object Position: 0.5891656,0,-5.67141
2026-08-12 14:13:42,745 - pyserver - INFO - Received from UDP: 0003:0.6258797,0,-5.672757
2026-08-12 14:13:42,745 - unity.py - INFO - [36mHandling UDP Data: 0003:0.6258797,0,-5.672757[0m
2026-08-12 14:13:42,745 - unity.py - INFO - Got Host Player Object Position: 0.6258797,0,-5.672757
2026-08-12 14:13:42,756 - pyserver - INFO - Received from UDP: 0003:0.6625217,0,-5.674101
2026-08-12 14:13:42,757 - unity.py - INFO - [36mHandling UDP Data: 0003:0.6625217,0,-5.674101[0m
2026-08-12 14:13:42,757 - unity.py - INFO - Got Host Player Object Position: 0.6625217,0,-5.674101
2026-08-12 14:13:42,778 - pyserver - INFO - Received from UDP: 0003:0.6992356,0,-5.6754475
2026-08-12 14:13:42,778 - unity.py - INFO - [36mHandling UDP Data: 0003:0.6992356,0,-5.6754475[0m
2026-08-12 14:13:42,778 - unity.py - INFO - Got Host Player Object Position: 0.6992356,0,-5.6754475
2026-08-12 14:13:42,788 - pyserver - INFO - Received from UDP: 0003:0.7358776,0,-5.6767917
2026-08-12 14:13:42,788 - unity.py - INFO - [36mHandling UDP Data: 0003:0.7358776,0,-5.6767917[0m
2026-08-12 14:13:42,789 - unity.py - INFO - Got Host Player Object Position: 0.7358776,0,-5.6767917
2026-08-12 14:13:42,809 - pyserver - INFO - Received from UDP: 0003:0.77259237,0,-5.6781383
2026-08-12 14:13:42,810 - unity.py - INFO - [36mHandling UDP Data: 0003:0.77259237,0,-5.6781383[0m
2026-08-12 14:13:42,810 - unity.py - INFO - Got Host Player Object Position: 0.77259237,0,-5.6781383
2026-08-12 14:13:42,820 - pyserver - INFO - Received from UDP: 0003:0.8092344,0,-5.6794825
2026-08-12 14:13:42,820 - unity.py - INFO - [36mHandling UDP Data: 0003:0.8092344,0,-5.6794825[0m
2026-08-12 14:13:42,821 - unity.py - INFO - Got Host Player Object Position: 0.8092344,0,-5.6794825
2026-08-12 14:13:42,841 - pyserver - INFO - Received from UDP: 0003:0.8459489,0,-5.680829
2026-08-12 14:13:42,842 - unity.py - INFO - [36mHandling UDP Data: 0003:0.8459489,0,-5.680829[0m
2026-08-12 14:13:42,842 - unity.py - INFO - Got Host Player Object Position: 0.8459489,0,-5.680829
2026-08-12 14:13:42,863 - pyserver - INFO - Received from UDP: 0003:0.8825909,0,-5.682173
2026-08-12 14:13:42,863 - unity.py - INFO - [36mHandling UDP Data: 0003:0.8825909,0,-5.682173[0m
2026-08-12 14:13:42,863 - unity.py - INFO - Got Host Player Object Position: 0.8825909,0,-5.682173
2026-08-12 14:13:42,874 - pyserver - INFO - Received from UDP: 0003:0.91930497,0,-5.6835194
2026-08-12 14:13:42,874 - unity.py - INFO - [36mHandling UDP Data: 0003:0.91930497,0,-5.6835194[0m
2026-08-12 14:13:42,874 - unity.py - INFO - Got Host Player Object Position: 0.91930497,0,-5.6835194
2026-08-12 14:13:42,895 - pyserver - INFO - Received from UDP: 0003:0.955947,0,-5.6848636
2026-08-12 14:13:42,895 - unity.py - INFO - [36mHandling UDP Data: 0003:0.955947,0,-5.6848636[0m
2026-08-12 14:13:42,895 - unity.py - INFO - Got Host Player Object Position: 0.955947,0,-5.6848636
2026-08-12 14:13:42,906 - pyserver - INFO - Received from UDP: 0003:0.99266106,0,-5.68621
2026-08-12 14:13:42,906 - unity.py - INFO - [36mHandling UDP Data: 0003:0.99266106,0,-5.68621[0m
2026-08-12 14:13:42,906 - unity.py - INFO - Got Host Player Object Position: 0.99266106,0,-5.68621
2026-08-12 14:13:42,927 - pyserver - INFO - Received from UDP: 0003:1.0293031,0,-5.6875544
2026-08-12 14:13:42,927 - unity.py - INFO - [36mHandling UDP Data: 0003:1.0293031,0,-5.6875544[0m
2026-08-12 14:13:42,927 - unity.py - INFO - Got Host Player Object Position: 1.0293031,0,-5.6875544
2026-08-12 14:13:42,938 - pyserver - INFO - Received from UDP: 0003:1.0660169,0,-5.688901
2026-08-12 14:13:42,938 - unity.py - INFO - [36mHandling UDP Data: 0003:1.0660169,0,-5.688901[0m
2026-08-12 14:13:42,938 - unity.py - INFO - Got Host Player Object Position: 1.0660169,0,-5.688901
2026-08-12 14:13:42,959 - pyserver - INFO - Received from UDP: 0003:1.102659,0,-5.6902447
2026-08-12 14:13:42,959 - unity.py - INFO - [36mHandling UDP Data: 0003:1.102659,0,-5.6902447[0m
2026-08-12 14:13:42,959 - unity.py - INFO - Got Host Player Object Position: 1.102659,0,-5.6902447
2026-08-12 14:13:42,980 - pyserver - INFO - Received from UDP: 0003:1.1393749,0,-5.6915917
2026-08-12 14:13:42,980 - unity.py - INFO - [36mHandling UDP Data: 0003:1.1393749,0,-5.6915917[0m
2026-08-12 14:13:42,980 - unity.py - INFO - Got Host Player Object Position: 1.1393749,0,-5.6915917
2026-08-12 14:13:42,990 - pyserver - INFO - Received from UDP: 0003:1.1760536,0,-5.692937
2026-08-12 14:13:42,991 - unity.py - INFO - [36mHandling UDP Data: 0003:1.1760536,0,-5.692937[0m
2026-08-12 14:13:42,991 - unity.py - INFO - Got Host Player Object Position: 1.1760536,0,-5.692937
2026-08-12 14:13:43,012 - pyserver - INFO - Received from UDP: 0003:1.2126956,0,-5.694281
2026-08-12 14:13:43,012 - unity.py - INFO - [36mHandling UDP Data: 0003:1.2126956,0,-5.694281[0m
2026-08-12 14:13:43,012 - unity.py - INFO - Got Host Player Object Position: 1.2126956,0,-5.694281
2026-08-12 14:13:43,022 - pyserver - INFO - Received from UDP: 0003:1.2494097,0,-5.6956277
2026-08-12 14:13:43,023 - unity.py - INFO - [36mHandling UDP Data: 0003:1.2494097,0,-5.6956277[0m
2026-08-12 14:13:43,023 - unity.py - INFO - Got Host Player Object Position: 1.2494097,0,-5.6956277
2026-08-12 14:13:43,044 - pyserver - INFO - Received from UDP: 0003:1.2860518,0,-5.6969714
2026-08-12 14:13:43,044 - unity.py - INFO - [36mHandling UDP Data: 0003:1.2860518,0,-5.6969714[0m
2026-08-12 14:13:43,044 - unity.py - INFO - Got Host Player Object Position: 1.2860518,0,-5.6969714
2026-08-12 14:13:43,055 - pyserver - INFO - Received from UDP: 0003:1.3227661,0,-5.698318
2026-08-12 14:13:43,055 - unity.py - INFO - [36mHandling UDP Data: 0003:1.3227661,0,-5.698318[0m
2026-08-12 14:13:43,055 - unity.py - INFO - Got Host Player Object Position: 1.3227661,0,-5.698318
2026-08-12 14:13:43,076 - pyserver - INFO - Received from UDP: 0003:1.359408,0,-5.699662
2026-08-12 14:13:43,076 - unity.py - INFO - [36mHandling UDP Data: 0003:1.359408,0,-5.699662[0m
2026-08-12 14:13:43,076 - unity.py - INFO - Got Host Player Object Position: 1.359408,0,-5.699662
2026-08-12 14:13:43,097 - pyserver - INFO - Received from UDP: 0003:1.3961221,0,-5.701009
2026-08-12 14:13:43,097 - unity.py - INFO - [36mHandling UDP Data: 0003:1.3961221,0,-5.701009[0m
2026-08-12 14:13:43,097 - unity.py - INFO - Got Host Player Object Position: 1.3961221,0,-5.701009
2026-08-12 14:13:43,108 - pyserver - INFO - Received from UDP: 0003:1.4327642,0,-5.702353
2026-08-12 14:13:43,108 - unity.py - INFO - [36mHandling UDP Data: 0003:1.4327642,0,-5.702353[0m
2026-08-12 14:13:43,108 - unity.py - INFO - Got Host Player Object Position: 1.4327642,0,-5.702353
2026-08-12 14:13:43,129 - pyserver - INFO - Received from UDP: 0003:1.4694786,0,-5.7036996
2026-08-12 14:13:43,129 - unity.py - INFO - [36mHandling UDP Data: 0003:1.4694786,0,-5.7036996[0m
2026-08-12 14:13:43,129 - unity.py - INFO - Got Host Player Object Position: 1.4694786,0,-5.7036996
2026-08-12 14:13:43,140 - pyserver - INFO - Received from UDP: 0003:1.5061207,0,-5.7050433
2026-08-12 14:13:43,140 - unity.py - INFO - [36mHandling UDP Data: 0003:1.5061207,0,-5.7050433[0m
2026-08-12 14:13:43,141 - unity.py - INFO - Got Host Player Object Position: 1.5061207,0,-5.7050433
2026-08-12 14:13:43,161 - pyserver - INFO - Received from UDP: 0003:1.5428355,0,-5.7063904
2026-08-12 14:13:43,162 - unity.py - INFO - [36mHandling UDP Data: 0003:1.5428355,0,-5.7063904[0m
2026-08-12 14:13:43,162 - unity.py - INFO - Got Host Player Object Position: 1.5428355,0,-5.7063904
2026-08-12 14:13:43,173 - pyserver - INFO - Received from UDP: 0003:1.5794774,0,-5.707734
2026-08-12 14:13:43,173 - unity.py - INFO - [36mHandling UDP Data: 0003:1.5794774,0,-5.707734[0m
2026-08-12 14:13:43,173 - unity.py - INFO - Got Host Player Object Position: 1.5794774,0,-5.707734
2026-08-12 14:13:43,194 - pyserver - INFO - Received from UDP: 0003:1.6161922,0,-5.7090807
2026-08-12 14:13:43,194 - unity.py - INFO - [36mHandling UDP Data: 0003:1.6161922,0,-5.7090807[0m
2026-08-12 14:13:43,194 - unity.py - INFO - Got Host Player Object Position: 1.6161922,0,-5.7090807
2026-08-12 14:13:43,204 - pyserver - INFO - Received from UDP: 0003:1.6528342,0,-5.710425
2026-08-12 14:13:43,205 - unity.py - INFO - [36mHandling UDP Data: 0003:1.6528342,0,-5.710425[0m
2026-08-12 14:13:43,205 - unity.py - INFO - Got Host Player Object Position: 1.6528342,0,-5.710425
2026-08-12 14:13:43,226 - pyserver - INFO - Received from UDP: 0003:1.6895487,0,-5.7117715
2026-08-12 14:13:43,226 - unity.py - INFO - [36mHandling UDP Data: 0003:1.6895487,0,-5.7117715[0m
2026-08-12 14:13:43,226 - unity.py - INFO - Got Host Player Object Position: 1.6895487,0,-5.7117715
2026-08-12 14:13:43,247 - pyserver - INFO - Received from UDP: 0003:1.726228,0,-5.713117
2026-08-12 14:13:43,248 - unity.py - INFO - [36mHandling UDP Data: 0003:1.726228,0,-5.713117[0m
2026-08-12 14:13:43,248 - unity.py - INFO - Got Host Player Object Position: 1.726228,0,-5.713117
2026-08-12 14:13:43,259 - pyserver - INFO - Received from UDP: 0003:1.7629073,0,-5.7144623
2026-08-12 14:13:43,259 - unity.py - INFO - [36mHandling UDP Data: 0003:1.7629073,0,-5.7144623[0m
2026-08-12 14:13:43,259 - unity.py - INFO - Got Host Player Object Position: 1.7629073,0,-5.7144623
2026-08-12 14:13:43,280 - pyserver - INFO - Received from UDP: 0003:1.7995492,0,-5.7158065
2026-08-12 14:13:43,280 - unity.py - INFO - [36mHandling UDP Data: 0003:1.7995492,0,-5.7158065[0m
2026-08-12 14:13:43,280 - unity.py - INFO - Got Host Player Object Position: 1.7995492,0,-5.7158065
2026-08-12 14:13:43,291 - pyserver - INFO - Received from UDP: 0003:1.8362635,0,-5.717153
2026-08-12 14:13:43,291 - unity.py - INFO - [36mHandling UDP Data: 0003:1.8362635,0,-5.717153[0m
2026-08-12 14:13:43,291 - unity.py - INFO - Got Host Player Object Position: 1.8362635,0,-5.717153
2026-08-12 14:13:43,312 - pyserver - INFO - Received from UDP: 0003:1.8729055,0,-5.718497
2026-08-12 14:13:43,312 - unity.py - INFO - [36mHandling UDP Data: 0003:1.8729055,0,-5.718497[0m
2026-08-12 14:13:43,313 - unity.py - INFO - Got Host Player Object Position: 1.8729055,0,-5.718497
2026-08-12 14:13:43,323 - pyserver - INFO - Received from UDP: 0003:1.90962,0,-5.7198434
2026-08-12 14:13:43,323 - unity.py - INFO - [36mHandling UDP Data: 0003:1.90962,0,-5.7198434[0m
2026-08-12 14:13:43,323 - unity.py - INFO - Got Host Player Object Position: 1.90962,0,-5.7198434
2026-08-12 14:13:43,344 - pyserver - INFO - Received from UDP: 0003:1.946262,0,-5.7211876
2026-08-12 14:13:43,344 - unity.py - INFO - [36mHandling UDP Data: 0003:1.946262,0,-5.7211876[0m
2026-08-12 14:13:43,344 - unity.py - INFO - Got Host Player Object Position: 1.946262,0,-5.7211876
2026-08-12 14:13:43,354 - pyserver - INFO - Received from UDP: 0003:1.9829762,0,-5.722534
2026-08-12 14:13:43,355 - unity.py - INFO - [36mHandling UDP Data: 0003:1.9829762,0,-5.722534[0m
2026-08-12 14:13:43,355 - unity.py - INFO - Got Host Player Object Position: 1.9829762,0,-5.722534
2026-08-12 14:13:43,375 - pyserver - INFO - Received from UDP: 0003:2.0196183,0,-5.7238784
2026-08-12 14:13:43,376 - unity.py - INFO - [36mHandling UDP Data: 0003:2.0196183,0,-5.7238784[0m
2026-08-12 14:13:43,376 - unity.py - INFO - Got Host Player Object Position: 2.0196183,0,-5.7238784
2026-08-12 14:13:43,397 - pyserver - INFO - Received from UDP: 0003:2.0563333,0,-5.725225
2026-08-12 14:13:43,397 - unity.py - INFO - [36mHandling UDP Data: 0003:2.0563333,0,-5.725225[0m
2026-08-12 14:13:43,397 - unity.py - INFO - Got Host Player Object Position: 2.0563333,0,-5.725225
2026-08-12 14:13:43,408 - pyserver - INFO - Received from UDP: 0003:2.091154,0,-5.726502
2026-08-12 14:13:43,408 - unity.py - INFO - [36mHandling UDP Data: 0003:2.091154,0,-5.726502[0m
2026-08-12 14:13:43,408 - unity.py - INFO - Got Host Player Object Position: 2.091154,0,-5.726502
2026-08-12 14:13:43,429 - pyserver - INFO - Received from UDP: 0003:2.1242266,0,-5.727715
2026-08-12 14:13:43,429 - unity.py - INFO - [36mHandling UDP Data: 0003:2.1242266,0,-5.727715[0m
2026-08-12 14:13:43,429 - unity.py - INFO - Got Host Player Object Position: 2.1242266,0,-5.727715
2026-08-12 14:13:43,440 - pyserver - INFO - Received from UDP: 0003:2.1553512,0,-5.728857
2026-08-12 14:13:43,440 - unity.py - INFO - [36mHandling UDP Data: 0003:2.1553512,0,-5.728857[0m
2026-08-12 14:13:43,440 - unity.py - INFO - Got Host Player Object Position: 2.1553512,0,-5.728857
2026-08-12 14:13:43,461 - pyserver - INFO - Received from UDP: 0003:2.1847427,0,-5.7299347
2026-08-12 14:13:43,461 - unity.py - INFO - [36mHandling UDP Data: 0003:2.1847427,0,-5.7299347[0m
2026-08-12 14:13:43,461 - unity.py - INFO - Got Host Player Object Position: 2.1847427,0,-5.7299347
2026-08-12 14:13:43,472 - pyserver - INFO - Received from UDP: 0003:2.2122314,0,-5.730943
2026-08-12 14:13:43,472 - unity.py - INFO - [36mHandling UDP Data: 0003:2.2122314,0,-5.730943[0m
2026-08-12 14:13:43,472 - unity.py - INFO - Got Host Player Object Position: 2.2122314,0,-5.730943
2026-08-12 14:13:43,493 - pyserver - INFO - Received from UDP: 0003:2.2379115,0,-5.731885
2026-08-12 14:13:43,493 - unity.py - INFO - [36mHandling UDP Data: 0003:2.2379115,0,-5.731885[0m
2026-08-12 14:13:43,493 - unity.py - INFO - Got Host Player Object Position: 2.2379115,0,-5.731885
2026-08-12 14:13:43,514 - pyserver - INFO - Received from UDP: 0003:2.2617671,0,-5.73276
2026-08-12 14:13:43,514 - unity.py - INFO - [36mHandling UDP Data: 0003:2.2617671,0,-5.73276[0m
2026-08-12 14:13:43,514 - unity.py - INFO - Got Host Player Object Position: 2.2617671,0,-5.73276
2026-08-12 14:13:43,556 - pyserver - INFO - Received from UDP: 0003:2.2507832,0,-5.732357
2026-08-12 14:13:43,556 - unity.py - INFO - [36mHandling UDP Data: 0003:2.2507832,0,-5.732357[0m
2026-08-12 14:13:43,556 - unity.py - INFO - Got Host Player Object Position: 2.2507832,0,-5.732357
2026-08-12 14:13:43,587 - pyserver - INFO - Received from UDP: 0003:2.2342951,0,-5.7317524
2026-08-12 14:13:43,588 - unity.py - INFO - [36mHandling UDP Data: 0003:2.2342951,0,-5.7317524[0m
2026-08-12 14:13:43,588 - unity.py - INFO - Got Host Player Object Position: 2.2342951,0,-5.7317524
2026-08-12 14:13:43,608 - pyserver - INFO - Received from UDP: 0003:2.2232788,0,-5.7313485
2026-08-12 14:13:43,609 - unity.py - INFO - [36mHandling UDP Data: 0003:2.2232788,0,-5.7313485[0m
2026-08-12 14:13:43,609 - unity.py - INFO - Got Host Player Object Position: 2.2232788,0,-5.7313485
2026-08-12 14:13:43,630 - pyserver - INFO - Received from UDP: 0003:2.210457,0,-5.730878
2026-08-12 14:13:43,630 - unity.py - INFO - [36mHandling UDP Data: 0003:2.210457,0,-5.730878[0m
2026-08-12 14:13:43,630 - unity.py - INFO - Got Host Player Object Position: 2.210457,0,-5.730878
2026-08-12 14:13:43,641 - pyserver - INFO - Received from UDP: 0003:2.195767,0,-5.730339
2026-08-12 14:13:43,641 - unity.py - INFO - [36mHandling UDP Data: 0003:2.195767,0,-5.730339[0m
2026-08-12 14:13:43,641 - unity.py - INFO - Got Host Player Object Position: 2.195767,0,-5.730339
2026-08-12 14:13:43,662 - pyserver - INFO - Received from UDP: 0003:2.17931,0,-5.729736
2026-08-12 14:13:43,663 - unity.py - INFO - [36mHandling UDP Data: 0003:2.17931,0,-5.729736[0m
2026-08-12 14:13:43,663 - unity.py - INFO - Got Host Player Object Position: 2.17931,0,-5.729736
2026-08-12 14:13:43,673 - pyserver - INFO - Received from UDP: 0003:2.1609466,0,-5.729062
2026-08-12 14:13:43,674 - unity.py - INFO - [36mHandling UDP Data: 0003:2.1609466,0,-5.729062[0m
2026-08-12 14:13:43,674 - unity.py - INFO - Got Host Player Object Position: 2.1609466,0,-5.729062
2026-08-12 14:13:43,695 - pyserver - INFO - Received from UDP: 0003:2.1407819,0,-5.7283225
2026-08-12 14:13:43,695 - unity.py - INFO - [36mHandling UDP Data: 0003:2.1407819,0,-5.7283225[0m
2026-08-12 14:13:43,696 - unity.py - INFO - Got Host Player Object Position: 2.1407819,0,-5.7283225
2026-08-12 14:13:43,706 - pyserver - INFO - Received from UDP: 0003:2.118673,0,-5.7275114
2026-08-12 14:13:43,706 - unity.py - INFO - [36mHandling UDP Data: 0003:2.118673,0,-5.7275114[0m
2026-08-12 14:13:43,706 - unity.py - INFO - Got Host Player Object Position: 2.118673,0,-5.7275114
2026-08-12 14:13:43,727 - pyserver - INFO - Received from UDP: 0003:2.0948431,0,-5.7266374
2026-08-12 14:13:43,727 - unity.py - INFO - [36mHandling UDP Data: 0003:2.0948431,0,-5.7266374[0m
2026-08-12 14:13:43,728 - unity.py - INFO - Got Host Player Object Position: 2.0948431,0,-5.7266374
2026-08-12 14:13:43,738 - pyserver - INFO - Received from UDP: 0003:2.0691257,0,-5.725694
2026-08-12 14:13:43,738 - unity.py - INFO - [36mHandling UDP Data: 0003:2.0691257,0,-5.725694[0m
2026-08-12 14:13:43,739 - unity.py - INFO - Got Host Player Object Position: 2.0691257,0,-5.725694
2026-08-12 14:13:43,759 - pyserver - INFO - Received from UDP: 0003:2.0416627,0,-5.7246866
2026-08-12 14:13:43,760 - unity.py - INFO - [36mHandling UDP Data: 0003:2.0416627,0,-5.7246866[0m
2026-08-12 14:13:43,760 - unity.py - INFO - Got Host Player Object Position: 2.0416627,0,-5.7246866
2026-08-12 14:13:43,781 - pyserver - INFO - Received from UDP: 0003:2.0122716,0,-5.723609
2026-08-12 14:13:43,781 - unity.py - INFO - [36mHandling UDP Data: 0003:2.0122716,0,-5.723609[0m
2026-08-12 14:13:43,781 - unity.py - INFO - Got Host Player Object Position: 2.0122716,0,-5.723609
2026-08-12 14:13:43,792 - pyserver - INFO - Received from UDP: 0003:1.9847656,0,-5.7226
2026-08-12 14:13:43,792 - unity.py - INFO - [36mHandling UDP Data: 0003:1.9847656,0,-5.7226[0m
2026-08-12 14:13:43,792 - unity.py - INFO - Got Host Player Object Position: 1.9847656,0,-5.7226
2026-08-12 14:13:43,813 - pyserver - INFO - Received from UDP: 0003:1.9591002,0,-5.7216587
2026-08-12 14:13:43,813 - unity.py - INFO - [36mHandling UDP Data: 0003:1.9591002,0,-5.7216587[0m
2026-08-12 14:13:43,813 - unity.py - INFO - Got Host Player Object Position: 1.9591002,0,-5.7216587
2026-08-12 14:13:43,824 - pyserver - INFO - Received from UDP: 0003:1.935226,0,-5.7207828
2026-08-12 14:13:43,824 - unity.py - INFO - [36mHandling UDP Data: 0003:1.935226,0,-5.7207828[0m
2026-08-12 14:13:43,825 - unity.py - INFO - Got Host Player Object Position: 1.935226,0,-5.7207828
2026-08-12 14:13:43,846 - pyserver - INFO - Received from UDP: 0003:1.9132322,0,-5.719976
2026-08-12 14:13:43,846 - unity.py - INFO - [36mHandling UDP Data: 0003:1.9132322,0,-5.719976[0m
2026-08-12 14:13:43,846 - unity.py - INFO - Got Host Player Object Position: 1.9132322,0,-5.719976
2026-08-12 14:13:43,856 - pyserver - INFO - Received from UDP: 0003:1.8929918,0,-5.7192335
2026-08-12 14:13:43,857 - unity.py - INFO - [36mHandling UDP Data: 0003:1.8929918,0,-5.7192335[0m
2026-08-12 14:13:43,857 - unity.py - INFO - Got Host Player Object Position: 1.8929918,0,-5.7192335
2026-08-12 14:13:43,877 - pyserver - INFO - Received from UDP: 0003:1.8746614,0,-5.718561
2026-08-12 14:13:43,877 - unity.py - INFO - [36mHandling UDP Data: 0003:1.8746614,0,-5.718561[0m
2026-08-12 14:13:43,878 - unity.py - INFO - Got Host Player Object Position: 1.8746614,0,-5.718561
2026-08-12 14:13:43,888 - pyserver - INFO - Received from UDP: 0003:1.8580899,0,-5.7198195
2026-08-12 14:13:43,888 - unity.py - INFO - [36mHandling UDP Data: 0003:1.8580899,0,-5.7198195[0m
2026-08-12 14:13:43,888 - unity.py - INFO - Got Host Player Object Position: 1.8580899,0,-5.7198195
2026-08-12 14:13:43,909 - pyserver - INFO - Received from UDP: 0003:1.8432789,0,-5.7229347
2026-08-12 14:13:43,910 - unity.py - INFO - [36mHandling UDP Data: 0003:1.8432789,0,-5.7229347[0m
2026-08-12 14:13:43,910 - unity.py - INFO - Got Host Player Object Position: 1.8432789,0,-5.7229347
2026-08-12 14:13:43,930 - pyserver - INFO - Received from UDP: 0003:1.8302279,0,-5.727981
2026-08-12 14:13:43,930 - unity.py - INFO - [36mHandling UDP Data: 0003:1.8302279,0,-5.727981[0m
2026-08-12 14:13:43,931 - unity.py - INFO - Got Host Player Object Position: 1.8302279,0,-5.727981
2026-08-12 14:13:43,941 - pyserver - INFO - Received from UDP: 0003:1.8189697,0,-5.73492
2026-08-12 14:13:43,942 - unity.py - INFO - [36mHandling UDP Data: 0003:1.8189697,0,-5.73492[0m
2026-08-12 14:13:43,942 - unity.py - INFO - Got Host Player Object Position: 1.8189697,0,-5.73492
2026-08-12 14:13:43,963 - pyserver - INFO - Received from UDP: 0003:1.8094571,0,-5.7437744
2026-08-12 14:13:43,963 - unity.py - INFO - [36mHandling UDP Data: 0003:1.8094571,0,-5.7437744[0m
2026-08-12 14:13:43,963 - unity.py - INFO - Got Host Player Object Position: 1.8094571,0,-5.7437744
2026-08-12 14:13:43,973 - pyserver - INFO - Received from UDP: 0003:1.8017379,0,-5.7545214
2026-08-12 14:13:43,974 - unity.py - INFO - [36mHandling UDP Data: 0003:1.8017379,0,-5.7545214[0m
2026-08-12 14:13:43,974 - unity.py - INFO - Got Host Player Object Position: 1.8017379,0,-5.7545214
2026-08-12 14:13:43,995 - pyserver - INFO - Received from UDP: 0003:1.7957691,0,-5.76719
2026-08-12 14:13:43,995 - unity.py - INFO - [36mHandling UDP Data: 0003:1.7957691,0,-5.76719[0m
2026-08-12 14:13:43,995 - unity.py - INFO - Got Host Player Object Position: 1.7957691,0,-5.76719
2026-08-12 14:13:44,005 - pyserver - INFO - Received from UDP: 0003:1.7915801,0,-5.781736
2026-08-12 14:13:44,006 - unity.py - INFO - [36mHandling UDP Data: 0003:1.7915801,0,-5.781736[0m
2026-08-12 14:13:44,006 - unity.py - INFO - Got Host Player Object Position: 1.7915801,0,-5.781736
2026-08-12 14:13:44,027 - pyserver - INFO - Received from UDP: 0003:1.789201,0,-5.7982674
2026-08-12 14:13:44,027 - unity.py - INFO - [36mHandling UDP Data: 0003:1.789201,0,-5.7982674[0m
2026-08-12 14:13:44,027 - unity.py - INFO - Got Host Player Object Position: 1.789201,0,-5.7982674
2026-08-12 14:13:44,048 - pyserver - INFO - Received from UDP: 0003:1.788526,0,-5.8166685
2026-08-12 14:13:44,048 - unity.py - INFO - [36mHandling UDP Data: 0003:1.788526,0,-5.8166685[0m
2026-08-12 14:13:44,048 - unity.py - INFO - Got Host Player Object Position: 1.788526,0,-5.8166685
2026-08-12 14:13:44,059 - pyserver - INFO - Received from UDP: 0003:1.7875746,0,-5.8368382
2026-08-12 14:13:44,059 - unity.py - INFO - [36mHandling UDP Data: 0003:1.7875746,0,-5.8368382[0m
2026-08-12 14:13:44,059 - unity.py - INFO - Got Host Player Object Position: 1.7875746,0,-5.8368382
2026-08-12 14:13:44,080 - pyserver - INFO - Received from UDP: 0003:1.7859201,0,-5.8588395
2026-08-12 14:13:44,080 - unity.py - INFO - [36mHandling UDP Data: 0003:1.7859201,0,-5.8588395[0m
2026-08-12 14:13:44,080 - unity.py - INFO - Got Host Player Object Position: 1.7859201,0,-5.8588395
2026-08-12 14:13:44,091 - pyserver - INFO - Received from UDP: 0003:1.7827518,0,-5.882583
2026-08-12 14:13:44,091 - unity.py - INFO - [36mHandling UDP Data: 0003:1.7827518,0,-5.882583[0m
2026-08-12 14:13:44,091 - unity.py - INFO - Got Host Player Object Position: 1.7827518,0,-5.882583
2026-08-12 14:13:44,112 - pyserver - INFO - Received from UDP: 0003:1.7780459,0,-5.9078493
2026-08-12 14:13:44,112 - unity.py - INFO - [36mHandling UDP Data: 0003:1.7780459,0,-5.9078493[0m
2026-08-12 14:13:44,112 - unity.py - INFO - Got Host Player Object Position: 1.7780459,0,-5.9078493
2026-08-12 14:13:44,123 - pyserver - INFO - Received from UDP: 0003:1.7713208,0,-5.934622
2026-08-12 14:13:44,123 - unity.py - INFO - [36mHandling UDP Data: 0003:1.7713208,0,-5.934622[0m
2026-08-12 14:13:44,123 - unity.py - INFO - Got Host Player Object Position: 1.7713208,0,-5.934622
2026-08-12 14:13:44,144 - pyserver - INFO - Received from UDP: 0003:1.7621922,0,-5.9625497
2026-08-12 14:13:44,144 - unity.py - INFO - [36mHandling UDP Data: 0003:1.7621922,0,-5.9625497[0m
2026-08-12 14:13:44,144 - unity.py - INFO - Got Host Player Object Position: 1.7621922,0,-5.9625497
2026-08-12 14:13:44,155 - pyserver - INFO - Received from UDP: 0003:1.7513595,0,-5.987946
2026-08-12 14:13:44,155 - unity.py - INFO - [36mHandling UDP Data: 0003:1.7513595,0,-5.987946[0m
2026-08-12 14:13:44,155 - unity.py - INFO - Got Host Player Object Position: 1.7513595,0,-5.987946
2026-08-12 14:13:44,176 - pyserver - INFO - Received from UDP: 0003:1.7409551,0,-6.011486
2026-08-12 14:13:44,176 - unity.py - INFO - [36mHandling UDP Data: 0003:1.7409551,0,-6.011486[0m
2026-08-12 14:13:44,176 - unity.py - INFO - Got Host Player Object Position: 1.7409551,0,-6.011486
2026-08-12 14:13:44,197 - pyserver - INFO - Received from UDP: 0003:1.7311491,0,-6.0335546
2026-08-12 14:13:44,197 - unity.py - INFO - [36mHandling UDP Data: 0003:1.7311491,0,-6.0335546[0m
2026-08-12 14:13:44,197 - unity.py - INFO - Got Host Player Object Position: 1.7311491,0,-6.0335546
2026-08-12 14:13:44,208 - pyserver - INFO - Received from UDP: 0003:1.7220091,0,-6.054328
2026-08-12 14:13:44,208 - unity.py - INFO - [36mHandling UDP Data: 0003:1.7220091,0,-6.054328[0m
2026-08-12 14:13:44,209 - unity.py - INFO - Got Host Player Object Position: 1.7220091,0,-6.054328
2026-08-12 14:13:44,230 - pyserver - INFO - Received from UDP: 0003:1.7137967,0,-6.074251
2026-08-12 14:13:44,230 - unity.py - INFO - [36mHandling UDP Data: 0003:1.7137967,0,-6.074251[0m
2026-08-12 14:13:44,230 - unity.py - INFO - Got Host Player Object Position: 1.7137967,0,-6.074251
2026-08-12 14:13:44,240 - pyserver - INFO - Received from UDP: 0003:1.7065846,0,-6.0934896
2026-08-12 14:13:44,241 - unity.py - INFO - [36mHandling UDP Data: 0003:1.7065846,0,-6.0934896[0m
2026-08-12 14:13:44,241 - unity.py - INFO - Got Host Player Object Position: 1.7065846,0,-6.0934896
2026-08-12 14:13:44,262 - pyserver - INFO - Received from UDP: 0003:1.7004044,0,-6.112427
2026-08-12 14:13:44,262 - unity.py - INFO - [36mHandling UDP Data: 0003:1.7004044,0,-6.112427[0m
2026-08-12 14:13:44,262 - unity.py - INFO - Got Host Player Object Position: 1.7004044,0,-6.112427
2026-08-12 14:13:44,272 - pyserver - INFO - Received from UDP: 0003:1.6947134,0,-6.131107
2026-08-12 14:13:44,273 - unity.py - INFO - [36mHandling UDP Data: 0003:1.6947134,0,-6.131107[0m
2026-08-12 14:13:44,273 - unity.py - INFO - Got Host Player Object Position: 1.6947134,0,-6.131107
2026-08-12 14:13:44,294 - pyserver - INFO - Received from UDP: 0003:1.690033,0,-6.150104
2026-08-12 14:13:44,294 - unity.py - INFO - [36mHandling UDP Data: 0003:1.690033,0,-6.150104[0m
2026-08-12 14:13:44,294 - unity.py - INFO - Got Host Player Object Position: 1.690033,0,-6.150104
2026-08-12 14:13:44,305 - pyserver - INFO - Received from UDP: 0003:1.6864921,0,-6.169651
2026-08-12 14:13:44,305 - unity.py - INFO - [36mHandling UDP Data: 0003:1.6864921,0,-6.169651[0m
2026-08-12 14:13:44,305 - unity.py - INFO - Got Host Player Object Position: 1.6864921,0,-6.169651
2026-08-12 14:13:44,326 - pyserver - INFO - Received from UDP: 0003:1.6840893,0,-6.1900773
2026-08-12 14:13:44,326 - unity.py - INFO - [36mHandling UDP Data: 0003:1.6840893,0,-6.1900773[0m
2026-08-12 14:13:44,327 - unity.py - INFO - Got Host Player Object Position: 1.6840893,0,-6.1900773
2026-08-12 14:13:44,347 - pyserver - INFO - Received from UDP: 0003:1.6826901,0,-6.211534
2026-08-12 14:13:44,348 - unity.py - INFO - [36mHandling UDP Data: 0003:1.6826901,0,-6.211534[0m
2026-08-12 14:13:44,348 - unity.py - INFO - Got Host Player Object Position: 1.6826901,0,-6.211534
2026-08-12 14:13:44,358 - pyserver - INFO - Received from UDP: 0003:1.6821353,0,-6.234256
2026-08-12 14:13:44,359 - unity.py - INFO - [36mHandling UDP Data: 0003:1.6821353,0,-6.234256[0m
2026-08-12 14:13:44,359 - unity.py - INFO - Got Host Player Object Position: 1.6821353,0,-6.234256
2026-08-12 14:13:44,380 - pyserver - INFO - Received from UDP: 0003:1.6822454,0,-6.2583895
2026-08-12 14:13:44,380 - unity.py - INFO - [36mHandling UDP Data: 0003:1.6822454,0,-6.2583895[0m
2026-08-12 14:13:44,380 - unity.py - INFO - Got Host Player Object Position: 1.6822454,0,-6.2583895
2026-08-12 14:13:44,390 - pyserver - INFO - Received from UDP: 0003:1.6828464,0,-6.2841854
2026-08-12 14:13:44,391 - unity.py - INFO - [36mHandling UDP Data: 0003:1.6828464,0,-6.2841854[0m
2026-08-12 14:13:44,391 - unity.py - INFO - Got Host Player Object Position: 1.6828464,0,-6.2841854
2026-08-12 14:13:44,412 - pyserver - INFO - Received from UDP: 0003:1.683926,0,-6.3116946
2026-08-12 14:13:44,412 - unity.py - INFO - [36mHandling UDP Data: 0003:1.683926,0,-6.3116946[0m
2026-08-12 14:13:44,412 - unity.py - INFO - Got Host Player Object Position: 1.683926,0,-6.3116946
2026-08-12 14:13:44,422 - pyserver - INFO - Received from UDP: 0003:1.6834891,0,-6.3411226
2026-08-12 14:13:44,423 - unity.py - INFO - [36mHandling UDP Data: 0003:1.6834891,0,-6.3411226[0m
2026-08-12 14:13:44,423 - unity.py - INFO - Got Host Player Object Position: 1.6834891,0,-6.3411226
2026-08-12 14:13:44,444 - pyserver - INFO - Received from UDP: 0003:1.6813666,0,-6.3722515
2026-08-12 14:13:44,444 - unity.py - INFO - [36mHandling UDP Data: 0003:1.6813666,0,-6.3722515[0m
2026-08-12 14:13:44,444 - unity.py - INFO - Got Host Player Object Position: 1.6813666,0,-6.3722515
2026-08-12 14:13:44,464 - pyserver - INFO - Received from UDP: 0003:1.67725,0,-6.405065
2026-08-12 14:13:44,465 - unity.py - INFO - [36mHandling UDP Data: 0003:1.67725,0,-6.405065[0m
2026-08-12 14:13:44,465 - unity.py - INFO - Got Host Player Object Position: 1.67725,0,-6.405065
2026-08-12 14:13:44,475 - pyserver - INFO - Received from UDP: 0003:1.6692876,0,-6.4390116
2026-08-12 14:13:44,476 - unity.py - INFO - [36mHandling UDP Data: 0003:1.6692876,0,-6.4390116[0m
2026-08-12 14:13:44,476 - unity.py - INFO - Got Host Player Object Position: 1.6692876,0,-6.4390116
2026-08-12 14:13:44,497 - pyserver - INFO - Received from UDP: 0003:1.658209,0,-6.47404
2026-08-12 14:13:44,497 - unity.py - INFO - [36mHandling UDP Data: 0003:1.658209,0,-6.47404[0m
2026-08-12 14:13:44,497 - unity.py - INFO - Got Host Player Object Position: 1.658209,0,-6.47404
2026-08-12 14:13:44,507 - pyserver - INFO - Received from UDP: 0003:1.6442655,0,-6.507952
2026-08-12 14:13:44,508 - unity.py - INFO - [36mHandling UDP Data: 0003:1.6442655,0,-6.507952[0m
2026-08-12 14:13:44,508 - unity.py - INFO - Got Host Player Object Position: 1.6442655,0,-6.507952
2026-08-12 14:13:44,529 - pyserver - INFO - Received from UDP: 0003:1.6274723,0,-6.5406275
2026-08-12 14:13:44,529 - unity.py - INFO - [36mHandling UDP Data: 0003:1.6274723,0,-6.5406275[0m
2026-08-12 14:13:44,529 - unity.py - INFO - Got Host Player Object Position: 1.6274723,0,-6.5406275
2026-08-12 14:13:44,540 - pyserver - INFO - Received from UDP: 0003:1.607744,0,-6.5715346
2026-08-12 14:13:44,540 - unity.py - INFO - [36mHandling UDP Data: 0003:1.607744,0,-6.5715346[0m
2026-08-12 14:13:44,540 - unity.py - INFO - Got Host Player Object Position: 1.607744,0,-6.5715346
2026-08-12 14:13:44,561 - pyserver - INFO - Received from UDP: 0003:1.5847976,0,-6.600227
2026-08-12 14:13:44,561 - unity.py - INFO - [36mHandling UDP Data: 0003:1.5847976,0,-6.600227[0m
2026-08-12 14:13:44,561 - unity.py - INFO - Got Host Player Object Position: 1.5847976,0,-6.600227
2026-08-12 14:13:44,572 - pyserver - INFO - Received from UDP: 0003:1.5589154,0,-6.626199
2026-08-12 14:13:44,572 - unity.py - INFO - [36mHandling UDP Data: 0003:1.5589154,0,-6.626199[0m
2026-08-12 14:13:44,572 - unity.py - INFO - Got Host Player Object Position: 1.5589154,0,-6.626199
2026-08-12 14:13:44,593 - pyserver - INFO - Received from UDP: 0003:1.5303633,0,-6.649319
2026-08-12 14:13:44,593 - unity.py - INFO - [36mHandling UDP Data: 0003:1.5303633,0,-6.649319[0m
2026-08-12 14:13:44,593 - unity.py - INFO - Got Host Player Object Position: 1.5303633,0,-6.649319
2026-08-12 14:13:44,614 - pyserver - INFO - Received from UDP: 0003:1.4994216,0,-6.668993
2026-08-12 14:13:44,614 - unity.py - INFO - [36mHandling UDP Data: 0003:1.4994216,0,-6.668993[0m
2026-08-12 14:13:44,614 - unity.py - INFO - Got Host Player Object Position: 1.4994216,0,-6.668993
2026-08-12 14:13:44,624 - pyserver - INFO - Received from UDP: 0003:1.4664286,0,-6.6851554
2026-08-12 14:13:44,625 - unity.py - INFO - [36mHandling UDP Data: 0003:1.4664286,0,-6.6851554[0m
2026-08-12 14:13:44,625 - unity.py - INFO - Got Host Player Object Position: 1.4664286,0,-6.6851554
2026-08-12 14:13:44,646 - pyserver - INFO - Received from UDP: 0003:1.4313575,0,-6.695854
2026-08-12 14:13:44,647 - unity.py - INFO - [36mHandling UDP Data: 0003:1.4313575,0,-6.695854[0m
2026-08-12 14:13:44,647 - unity.py - INFO - Got Host Player Object Position: 1.4313575,0,-6.695854
2026-08-12 14:13:44,657 - pyserver - INFO - Received from UDP: 0003:1.3947502,0,-6.698973
2026-08-12 14:13:44,657 - unity.py - INFO - [36mHandling UDP Data: 0003:1.3947502,0,-6.698973[0m
2026-08-12 14:13:44,657 - unity.py - INFO - Got Host Player Object Position: 1.3947502,0,-6.698973
2026-08-12 14:13:44,678 - pyserver - INFO - Received from UDP: 0003:1.3581623,0,-6.6965723
2026-08-12 14:13:44,678 - unity.py - INFO - [36mHandling UDP Data: 0003:1.3581623,0,-6.6965723[0m
2026-08-12 14:13:44,678 - unity.py - INFO - Got Host Player Object Position: 1.3581623,0,-6.6965723
2026-08-12 14:13:44,689 - pyserver - INFO - Received from UDP: 0003:1.3222253,0,-6.6889353
2026-08-12 14:13:44,689 - unity.py - INFO - [36mHandling UDP Data: 0003:1.3222253,0,-6.6889353[0m
2026-08-12 14:13:44,689 - unity.py - INFO - Got Host Player Object Position: 1.3222253,0,-6.6889353
2026-08-12 14:13:44,710 - pyserver - INFO - Received from UDP: 0003:1.2876036,0,-6.67675
2026-08-12 14:13:44,710 - unity.py - INFO - [36mHandling UDP Data: 0003:1.2876036,0,-6.67675[0m
2026-08-12 14:13:44,710 - unity.py - INFO - Got Host Player Object Position: 1.2876036,0,-6.67675
2026-08-12 14:13:44,731 - pyserver - INFO - Received from UDP: 0003:1.2545104,0,-6.6608753
2026-08-12 14:13:44,732 - unity.py - INFO - [36mHandling UDP Data: 0003:1.2545104,0,-6.6608753[0m
2026-08-12 14:13:44,732 - unity.py - INFO - Got Host Player Object Position: 1.2545104,0,-6.6608753
2026-08-12 14:13:44,742 - pyserver - INFO - Received from UDP: 0003:1.2229537,0,-6.6422043
2026-08-12 14:13:44,743 - unity.py - INFO - [36mHandling UDP Data: 0003:1.2229537,0,-6.6422043[0m
2026-08-12 14:13:44,743 - unity.py - INFO - Got Host Player Object Position: 1.2229537,0,-6.6422043
2026-08-12 14:13:44,764 - pyserver - INFO - Received from UDP: 0003:1.192483,0,-6.621679
2026-08-12 14:13:44,764 - unity.py - INFO - [36mHandling UDP Data: 0003:1.192483,0,-6.621679[0m
2026-08-12 14:13:44,764 - unity.py - INFO - Got Host Player Object Position: 1.192483,0,-6.621679
2026-08-12 14:13:44,774 - pyserver - INFO - Received from UDP: 0003:1.1629952,0,-6.5998864
2026-08-12 14:13:44,774 - unity.py - INFO - [36mHandling UDP Data: 0003:1.1629952,0,-6.5998864[0m
2026-08-12 14:13:44,775 - unity.py - INFO - Got Host Player Object Position: 1.1629952,0,-6.5998864
2026-08-12 14:13:44,796 - pyserver - INFO - Received from UDP: 0003:1.1343623,0,-6.5768657
2026-08-12 14:13:44,796 - unity.py - INFO - [36mHandling UDP Data: 0003:1.1343623,0,-6.5768657[0m
2026-08-12 14:13:44,796 - unity.py - INFO - Got Host Player Object Position: 1.1343623,0,-6.5768657
2026-08-12 14:13:44,806 - pyserver - INFO - Received from UDP: 0003:1.1067092,0,-6.552788
2026-08-12 14:13:44,807 - unity.py - INFO - [36mHandling UDP Data: 0003:1.1067092,0,-6.552788[0m
2026-08-12 14:13:44,807 - unity.py - INFO - Got Host Player Object Position: 1.1067092,0,-6.552788
2026-08-12 14:13:44,828 - pyserver - INFO - Received from UDP: 0003:1.0799259,0,-6.527639
2026-08-12 14:13:44,828 - unity.py - INFO - [36mHandling UDP Data: 0003:1.0799259,0,-6.527639[0m
2026-08-12 14:13:44,828 - unity.py - INFO - Got Host Player Object Position: 1.0799259,0,-6.527639
2026-08-12 14:13:44,849 - pyserver - INFO - Received from UDP: 0003:1.0522482,0,-6.503589
2026-08-12 14:13:44,849 - unity.py - INFO - [36mHandling UDP Data: 0003:1.0522482,0,-6.503589[0m
2026-08-12 14:13:44,849 - unity.py - INFO - Got Host Player Object Position: 1.0522482,0,-6.503589
2026-08-12 14:13:44,860 - pyserver - INFO - Received from UDP: 0003:1.0236368,0,-6.4805427
2026-08-12 14:13:44,860 - unity.py - INFO - [36mHandling UDP Data: 0003:1.0236368,0,-6.4805427[0m
2026-08-12 14:13:44,860 - unity.py - INFO - Got Host Player Object Position: 1.0236368,0,-6.4805427
2026-08-12 14:13:44,881 - pyserver - INFO - Received from UDP: 0003:0.9941457,0,-6.458755
2026-08-12 14:13:44,881 - unity.py - INFO - [36mHandling UDP Data: 0003:0.9941457,0,-6.458755[0m
2026-08-12 14:13:44,881 - unity.py - INFO - Got Host Player Object Position: 0.9941457,0,-6.458755
2026-08-12 14:13:44,892 - pyserver - INFO - Received from UDP: 0003:0.96369874,0,-6.438194
2026-08-12 14:13:44,893 - unity.py - INFO - [36mHandling UDP Data: 0003:0.96369874,0,-6.438194[0m
2026-08-12 14:13:44,893 - unity.py - INFO - Got Host Player Object Position: 0.96369874,0,-6.438194
2026-08-12 14:13:44,914 - pyserver - INFO - Received from UDP: 0003:0.93244624,0,-6.419018
2026-08-12 14:13:44,914 - unity.py - INFO - [36mHandling UDP Data: 0003:0.93244624,0,-6.419018[0m
2026-08-12 14:13:44,914 - unity.py - INFO - Got Host Player Object Position: 0.93244624,0,-6.419018
2026-08-12 14:13:44,925 - pyserver - INFO - Received from UDP: 0003:0.9002797,0,-6.401267
2026-08-12 14:13:44,925 - unity.py - INFO - [36mHandling UDP Data: 0003:0.9002797,0,-6.401267[0m
2026-08-12 14:13:44,925 - unity.py - INFO - Got Host Player Object Position: 0.9002797,0,-6.401267
2026-08-12 14:13:44,946 - pyserver - INFO - Received from UDP: 0003:0.8673551,0,-6.385046
2026-08-12 14:13:44,947 - unity.py - INFO - [36mHandling UDP Data: 0003:0.8673551,0,-6.385046[0m
2026-08-12 14:13:44,947 - unity.py - INFO - Got Host Player Object Position: 0.8673551,0,-6.385046
2026-08-12 14:13:44,957 - pyserver - INFO - Received from UDP: 0003:0.83372056,0,-6.370353
2026-08-12 14:13:44,958 - unity.py - INFO - [36mHandling UDP Data: 0003:0.83372056,0,-6.370353[0m
2026-08-12 14:13:44,958 - unity.py - INFO - Got Host Player Object Position: 0.83372056,0,-6.370353
2026-08-12 14:13:44,979 - pyserver - INFO - Received from UDP: 0003:0.79938585,0,-6.35738
2026-08-12 14:13:44,980 - unity.py - INFO - [36mHandling UDP Data: 0003:0.79938585,0,-6.35738[0m
2026-08-12 14:13:44,980 - unity.py - INFO - Got Host Player Object Position: 0.79938585,0,-6.35738
2026-08-12 14:13:44,990 - pyserver - INFO - Received from UDP: 0003:0.764503,0,-6.3460827
2026-08-12 14:13:44,990 - unity.py - INFO - [36mHandling UDP Data: 0003:0.764503,0,-6.3460827[0m
2026-08-12 14:13:44,991 - unity.py - INFO - Got Host Player Object Position: 0.764503,0,-6.3460827
2026-08-12 14:13:45,012 - pyserver - INFO - Received from UDP: 0003:0.72902703,0,-6.336534
2026-08-12 14:13:45,012 - unity.py - INFO - [36mHandling UDP Data: 0003:0.72902703,0,-6.336534[0m
2026-08-12 14:13:45,012 - unity.py - INFO - Got Host Player Object Position: 0.72902703,0,-6.336534
2026-08-12 14:13:45,022 - pyserver - INFO - Received from UDP: 0003:0.6931912,0,-6.328773
2026-08-12 14:13:45,023 - unity.py - INFO - [36mHandling UDP Data: 0003:0.6931912,0,-6.328773[0m
2026-08-12 14:13:45,023 - unity.py - INFO - Got Host Player Object Position: 0.6931912,0,-6.328773
2026-08-12 14:13:45,044 - pyserver - INFO - Received from UDP: 0003:0.657282,0,-6.3210087
2026-08-12 14:13:45,044 - unity.py - INFO - [36mHandling UDP Data: 0003:0.657282,0,-6.3210087[0m
2026-08-12 14:13:45,044 - unity.py - INFO - Got Host Player Object Position: 0.657282,0,-6.3210087
2026-08-12 14:13:45,065 - pyserver - INFO - Received from UDP: 0003:0.6214435,0,-6.3132596
2026-08-12 14:13:45,065 - unity.py - INFO - [36mHandling UDP Data: 0003:0.6214435,0,-6.3132596[0m
2026-08-12 14:13:45,065 - unity.py - INFO - Got Host Player Object Position: 0.6214435,0,-6.3132596
2026-08-12 14:13:45,076 - pyserver - INFO - Received from UDP: 0003:0.5855341,0,-6.3054953
2026-08-12 14:13:45,076 - unity.py - INFO - [36mHandling UDP Data: 0003:0.5855341,0,-6.3054953[0m
2026-08-12 14:13:45,076 - unity.py - INFO - Got Host Player Object Position: 0.5855341,0,-6.3054953
2026-08-12 14:13:45,097 - pyserver - INFO - Received from UDP: 0003:0.5496957,0,-6.2977467
2026-08-12 14:13:45,097 - unity.py - INFO - [36mHandling UDP Data: 0003:0.5496957,0,-6.2977467[0m
2026-08-12 14:13:45,097 - unity.py - INFO - Got Host Player Object Position: 0.5496957,0,-6.2977467
2026-08-12 14:13:45,108 - pyserver - INFO - Received from UDP: 0003:0.5134402,0,-6.2918053
2026-08-12 14:13:45,108 - unity.py - INFO - [36mHandling UDP Data: 0003:0.5134402,0,-6.2918053[0m
2026-08-12 14:13:45,108 - unity.py - INFO - Got Host Player Object Position: 0.5134402,0,-6.2918053
2026-08-12 14:13:45,129 - pyserver - INFO - Received from UDP: 0003:0.47701734,0,-6.2875843
2026-08-12 14:13:45,129 - unity.py - INFO - [36mHandling UDP Data: 0003:0.47701734,0,-6.2875843[0m
2026-08-12 14:13:45,129 - unity.py - INFO - Got Host Player Object Position: 0.47701734,0,-6.2875843
2026-08-12 14:13:45,140 - pyserver - INFO - Received from UDP: 0003:0.44037634,0,-6.2848845
2026-08-12 14:13:45,140 - unity.py - INFO - [36mHandling UDP Data: 0003:0.44037634,0,-6.2848845[0m
2026-08-12 14:13:45,140 - unity.py - INFO - Got Host Player Object Position: 0.44037634,0,-6.2848845
2026-08-12 14:13:45,161 - pyserver - INFO - Received from UDP: 0003:0.40372172,0,-6.283945
2026-08-12 14:13:45,161 - unity.py - INFO - [36mHandling UDP Data: 0003:0.40372172,0,-6.283945[0m
2026-08-12 14:13:45,161 - unity.py - INFO - Got Host Player Object Position: 0.40372172,0,-6.283945
2026-08-12 14:13:45,182 - pyserver - INFO - Received from UDP: 0003:0.36699054,0,-6.2847037
2026-08-12 14:13:45,182 - unity.py - INFO - [36mHandling UDP Data: 0003:0.36699054,0,-6.2847037[0m
2026-08-12 14:13:45,182 - unity.py - INFO - Got Host Player Object Position: 0.36699054,0,-6.2847037
2026-08-12 14:13:45,193 - pyserver - INFO - Received from UDP: 0003:0.33043507,0,-6.2875566
2026-08-12 14:13:45,193 - unity.py - INFO - [36mHandling UDP Data: 0003:0.33043507,0,-6.2875566[0m
2026-08-12 14:13:45,193 - unity.py - INFO - Got Host Player Object Position: 0.33043507,0,-6.2875566
2026-08-12 14:13:45,214 - pyserver - INFO - Received from UDP: 0003:0.29407185,0,-6.2928023
2026-08-12 14:13:45,214 - unity.py - INFO - [36mHandling UDP Data: 0003:0.29407185,0,-6.2928023[0m
2026-08-12 14:13:45,214 - unity.py - INFO - Got Host Player Object Position: 0.29407185,0,-6.2928023
2026-08-12 14:13:45,225 - pyserver - INFO - Received from UDP: 0003:0.2582806,0,-6.3007665
2026-08-12 14:13:45,225 - unity.py - INFO - [36mHandling UDP Data: 0003:0.2582806,0,-6.3007665[0m
2026-08-12 14:13:45,225 - unity.py - INFO - Got Host Player Object Position: 0.2582806,0,-6.3007665
2026-08-12 14:13:45,246 - pyserver - INFO - Received from UDP: 0003:0.22384767,0,-6.313577
2026-08-12 14:13:45,246 - unity.py - INFO - [36mHandling UDP Data: 0003:0.22384767,0,-6.313577[0m
2026-08-12 14:13:45,246 - unity.py - INFO - Got Host Player Object Position: 0.22384767,0,-6.313577
2026-08-12 14:13:45,257 - pyserver - INFO - Received from UDP: 0003:0.19132225,0,-6.330505
2026-08-12 14:13:45,257 - unity.py - INFO - [36mHandling UDP Data: 0003:0.19132225,0,-6.330505[0m
2026-08-12 14:13:45,257 - unity.py - INFO - Got Host Player Object Position: 0.19132225,0,-6.330505
2026-08-12 14:13:45,278 - pyserver - INFO - Received from UDP: 0003:0.16157715,0,-6.352068
2026-08-12 14:13:45,278 - unity.py - INFO - [36mHandling UDP Data: 0003:0.16157715,0,-6.352068[0m
2026-08-12 14:13:45,278 - unity.py - INFO - Got Host Player Object Position: 0.16157715,0,-6.352068
2026-08-12 14:13:45,299 - pyserver - INFO - Received from UDP: 0003:0.13535209,0,-6.3776937
2026-08-12 14:13:45,299 - unity.py - INFO - [36mHandling UDP Data: 0003:0.13535209,0,-6.3776937[0m
2026-08-12 14:13:45,299 - unity.py - INFO - Got Host Player Object Position: 0.13535209,0,-6.3776937
2026-08-12 14:13:45,310 - pyserver - INFO - Received from UDP: 0003:0.11314742,0,-6.4069624
2026-08-12 14:13:45,310 - unity.py - INFO - [36mHandling UDP Data: 0003:0.11314742,0,-6.4069624[0m
2026-08-12 14:13:45,310 - unity.py - INFO - Got Host Player Object Position: 0.11314742,0,-6.4069624
2026-08-12 14:13:45,331 - pyserver - INFO - Received from UDP: 0003:0.09582737,0,-6.4392805
2026-08-12 14:13:45,331 - unity.py - INFO - [36mHandling UDP Data: 0003:0.09582737,0,-6.4392805[0m
2026-08-12 14:13:45,331 - unity.py - INFO - Got Host Player Object Position: 0.09582737,0,-6.4392805
2026-08-12 14:13:45,342 - pyserver - INFO - Received from UDP: 0003:0.08146769,0,-6.473097
2026-08-12 14:13:45,342 - unity.py - INFO - [36mHandling UDP Data: 0003:0.08146769,0,-6.473097[0m
2026-08-12 14:13:45,342 - unity.py - INFO - Got Host Player Object Position: 0.08146769,0,-6.473097
2026-08-12 14:13:45,363 - pyserver - INFO - Received from UDP: 0003:0.06947681,0,-6.5077477
2026-08-12 14:13:45,363 - unity.py - INFO - [36mHandling UDP Data: 0003:0.06947681,0,-6.5077477[0m
2026-08-12 14:13:45,363 - unity.py - INFO - Got Host Player Object Position: 0.06947681,0,-6.5077477
2026-08-12 14:13:45,374 - pyserver - INFO - Received from UDP: 0003:0.057918776,0,-6.5426207
2026-08-12 14:13:45,374 - unity.py - INFO - [36mHandling UDP Data: 0003:0.057918776,0,-6.5426207[0m
2026-08-12 14:13:45,374 - unity.py - INFO - Got Host Player Object Position: 0.057918776,0,-6.5426207
2026-08-12 14:13:45,395 - pyserver - INFO - Received from UDP: 0003:0.045027696,0,-6.5769463
2026-08-12 14:13:45,395 - unity.py - INFO - [36mHandling UDP Data: 0003:0.045027696,0,-6.5769463[0m
2026-08-12 14:13:45,395 - unity.py - INFO - Got Host Player Object Position: 0.045027696,0,-6.5769463
2026-08-12 14:13:45,406 - pyserver - INFO - Received from UDP: 0003:0.030718064,0,-6.610784
2026-08-12 14:13:45,406 - unity.py - INFO - [36mHandling UDP Data: 0003:0.030718064,0,-6.610784[0m
2026-08-12 14:13:45,406 - unity.py - INFO - Got Host Player Object Position: 0.030718064,0,-6.610784
2026-08-12 14:13:45,426 - pyserver - INFO - Received from UDP: 0003:0.015017414,0,-6.6439195
2026-08-12 14:13:45,427 - unity.py - INFO - [36mHandling UDP Data: 0003:0.015017414,0,-6.6439195[0m
2026-08-12 14:13:45,427 - unity.py - INFO - Got Host Player Object Position: 0.015017414,0,-6.6439195
2026-08-12 14:13:45,448 - pyserver - INFO - Received from UDP: 0003:-0.002151277,0,-6.6764007
2026-08-12 14:13:45,448 - unity.py - INFO - [36mHandling UDP Data: 0003:-0.002151277,0,-6.6764007[0m
2026-08-12 14:13:45,448 - unity.py - INFO - Got Host Player Object Position: -0.002151277,0,-6.6764007
2026-08-12 14:13:45,459 - pyserver - INFO - Received from UDP: 0003:-0.02069943,0,-6.70803
2026-08-12 14:13:45,459 - unity.py - INFO - [36mHandling UDP Data: 0003:-0.02069943,0,-6.70803[0m
2026-08-12 14:13:45,459 - unity.py - INFO - Got Host Player Object Position: -0.02069943,0,-6.70803
2026-08-12 14:13:45,480 - pyserver - INFO - Received from UDP: 0003:-0.040759463,0,-6.738809
2026-08-12 14:13:45,481 - unity.py - INFO - [36mHandling UDP Data: 0003:-0.040759463,0,-6.738809[0m
2026-08-12 14:13:45,481 - unity.py - INFO - Got Host Player Object Position: -0.040759463,0,-6.738809
2026-08-12 14:13:45,491 - pyserver - INFO - Received from UDP: 0003:-0.062230233,0,-6.768532
2026-08-12 14:13:45,492 - unity.py - INFO - [36mHandling UDP Data: 0003:-0.062230233,0,-6.768532[0m
2026-08-12 14:13:45,492 - unity.py - INFO - Got Host Player Object Position: -0.062230233,0,-6.768532
2026-08-12 14:13:45,513 - pyserver - INFO - Received from UDP: 0003:-0.08516409,0,-6.7972336
2026-08-12 14:13:45,513 - unity.py - INFO - [36mHandling UDP Data: 0003:-0.08516409,0,-6.7972336[0m
2026-08-12 14:13:45,513 - unity.py - INFO - Got Host Player Object Position: -0.08516409,0,-6.7972336
2026-08-12 14:13:45,523 - pyserver - INFO - Received from UDP: 0003:-0.10943026,0,-6.824722
2026-08-12 14:13:45,523 - unity.py - INFO - [36mHandling UDP Data: 0003:-0.10943026,0,-6.824722[0m
2026-08-12 14:13:45,524 - unity.py - INFO - Got Host Player Object Position: -0.10943026,0,-6.824722
2026-08-12 14:13:45,544 - pyserver - INFO - Received from UDP: 0003:-0.13509166,0,-6.851013
2026-08-12 14:13:45,544 - unity.py - INFO - [36mHandling UDP Data: 0003:-0.13509166,0,-6.851013[0m
2026-08-12 14:13:45,544 - unity.py - INFO - Got Host Player Object Position: -0.13509166,0,-6.851013
2026-08-12 14:13:45,565 - pyserver - INFO - Received from UDP: 0003:-0.1619736,0,-6.875949
2026-08-12 14:13:45,565 - unity.py - INFO - [36mHandling UDP Data: 0003:-0.1619736,0,-6.875949[0m
2026-08-12 14:13:45,565 - unity.py - INFO - Got Host Player Object Position: -0.1619736,0,-6.875949
2026-08-12 14:13:45,575 - pyserver - INFO - Received from UDP: 0003:-0.18890797,0,-6.9009337
2026-08-12 14:13:45,576 - unity.py - INFO - [36mHandling UDP Data: 0003:-0.18890797,0,-6.9009337[0m
2026-08-12 14:13:45,577 - unity.py - INFO - Got Host Player Object Position: -0.18890797,0,-6.9009337
2026-08-12 14:13:45,597 - pyserver - INFO - Received from UDP: 0003:-0.21578991,0,-6.92587
2026-08-12 14:13:45,597 - unity.py - INFO - [36mHandling UDP Data: 0003:-0.21578991,0,-6.92587[0m
2026-08-12 14:13:45,598 - unity.py - INFO - Got Host Player Object Position: -0.21578991,0,-6.92587
2026-08-12 14:13:45,608 - pyserver - INFO - Received from UDP: 0003:-0.24272412,0,-6.9508543
2026-08-12 14:13:45,608 - unity.py - INFO - [36mHandling UDP Data: 0003:-0.24272412,0,-6.9508543[0m
2026-08-12 14:13:45,608 - unity.py - INFO - Got Host Player Object Position: -0.24272412,0,-6.9508543
2026-08-12 14:13:45,629 - pyserver - INFO - Received from UDP: 0003:-0.26938742,0,-6.9760237
2026-08-12 14:13:45,629 - unity.py - INFO - [36mHandling UDP Data: 0003:-0.26938742,0,-6.9760237[0m
2026-08-12 14:13:45,629 - unity.py - INFO - Got Host Player Object Position: -0.26938742,0,-6.9760237
2026-08-12 14:13:45,640 - pyserver - INFO - Received from UDP: 0003:-0.29599276,0,-7.001359
2026-08-12 14:13:45,640 - unity.py - INFO - [36mHandling UDP Data: 0003:-0.29599276,0,-7.001359[0m
2026-08-12 14:13:45,640 - unity.py - INFO - Got Host Player Object Position: -0.29599276,0,-7.001359
2026-08-12 14:13:45,661 - pyserver - INFO - Received from UDP: 0003:-0.32267803,0,-7.0265055
2026-08-12 14:13:45,662 - unity.py - INFO - [36mHandling UDP Data: 0003:-0.32267803,0,-7.0265055[0m
2026-08-12 14:13:45,662 - unity.py - INFO - Got Host Player Object Position: -0.32267803,0,-7.0265055
2026-08-12 14:13:45,682 - pyserver - INFO - Received from UDP: 0003:-0.34950393,0,-7.051608
2026-08-12 14:13:45,683 - unity.py - INFO - [36mHandling UDP Data: 0003:-0.34950393,0,-7.051608[0m
2026-08-12 14:13:45,683 - unity.py - INFO - Got Host Player Object Position: -0.34950393,0,-7.051608
2026-08-12 14:13:45,693 - pyserver - INFO - Received from UDP: 0003:-0.37647277,0,-7.07645
2026-08-12 14:13:45,693 - unity.py - INFO - [36mHandling UDP Data: 0003:-0.37647277,0,-7.07645[0m
2026-08-12 14:13:45,693 - unity.py - INFO - Got Host Player Object Position: -0.37647277,0,-7.07645
2026-08-12 14:13:45,714 - pyserver - INFO - Received from UDP: 0003:-0.4038831,0,-7.100914
2026-08-12 14:13:45,714 - unity.py - INFO - [36mHandling UDP Data: 0003:-0.4038831,0,-7.100914[0m
2026-08-12 14:13:45,714 - unity.py - INFO - Got Host Player Object Position: -0.4038831,0,-7.100914
2026-08-12 14:13:45,725 - pyserver - INFO - Received from UDP: 0003:-0.4317649,0,-7.124727
2026-08-12 14:13:45,725 - unity.py - INFO - [36mHandling UDP Data: 0003:-0.4317649,0,-7.124727[0m
2026-08-12 14:13:45,725 - unity.py - INFO - Got Host Player Object Position: -0.4317649,0,-7.124727
2026-08-12 14:13:45,747 - pyserver - INFO - Received from UDP: 0003:-0.46035603,0,-7.1477966
2026-08-12 14:13:45,747 - unity.py - INFO - [36mHandling UDP Data: 0003:-0.46035603,0,-7.1477966[0m
2026-08-12 14:13:45,747 - unity.py - INFO - Got Host Player Object Position: -0.46035603,0,-7.1477966
2026-08-12 14:13:45,758 - pyserver - INFO - Received from UDP: 0003:-0.4894848,0,-7.170067
2026-08-12 14:13:45,758 - unity.py - INFO - [36mHandling UDP Data: 0003:-0.4894848,0,-7.170067[0m
2026-08-12 14:13:45,758 - unity.py - INFO - Got Host Player Object Position: -0.4894848,0,-7.170067
2026-08-12 14:13:45,779 - pyserver - INFO - Received from UDP: 0003:-0.519113,0,-7.1917906
2026-08-12 14:13:45,779 - unity.py - INFO - [36mHandling UDP Data: 0003:-0.519113,0,-7.1917906[0m
2026-08-12 14:13:45,779 - unity.py - INFO - Got Host Player Object Position: -0.519113,0,-7.1917906
2026-08-12 14:13:45,799 - pyserver - INFO - Received from UDP: 0003:-0.5491121,0,-7.2128735
2026-08-12 14:13:45,800 - unity.py - INFO - [36mHandling UDP Data: 0003:-0.5491121,0,-7.2128735[0m
2026-08-12 14:13:45,800 - unity.py - INFO - Got Host Player Object Position: -0.5491121,0,-7.2128735
2026-08-12 14:13:45,810 - pyserver - INFO - Received from UDP: 0003:-0.57958734,0,-7.2333903
2026-08-12 14:13:45,811 - unity.py - INFO - [36mHandling UDP Data: 0003:-0.57958734,0,-7.2333903[0m
2026-08-12 14:13:45,811 - unity.py - INFO - Got Host Player Object Position: -0.57958734,0,-7.2333903
2026-08-12 14:13:45,832 - pyserver - INFO - Received from UDP: 0003:-0.61056334,0,-7.25301
2026-08-12 14:13:45,832 - unity.py - INFO - [36mHandling UDP Data: 0003:-0.61056334,0,-7.25301[0m
2026-08-12 14:13:45,832 - unity.py - INFO - Got Host Player Object Position: -0.61056334,0,-7.25301
2026-08-12 14:13:45,842 - pyserver - INFO - Received from UDP: 0003:-0.6418714,0,-7.2722325
2026-08-12 14:13:45,842 - unity.py - INFO - [36mHandling UDP Data: 0003:-0.6418714,0,-7.2722325[0m
2026-08-12 14:13:45,843 - unity.py - INFO - Got Host Player Object Position: -0.6418714,0,-7.2722325
2026-08-12 14:13:45,863 - pyserver - INFO - Received from UDP: 0003:-0.6732846,0,-7.2911444
2026-08-12 14:13:45,864 - unity.py - INFO - [36mHandling UDP Data: 0003:-0.6732846,0,-7.2911444[0m
2026-08-12 14:13:45,864 - unity.py - INFO - Got Host Player Object Position: -0.6732846,0,-7.2911444
2026-08-12 14:13:45,874 - pyserver - INFO - Received from UDP: 0003:-0.70490724,0,-7.3098454
2026-08-12 14:13:45,874 - unity.py - INFO - [36mHandling UDP Data: 0003:-0.70490724,0,-7.3098454[0m
2026-08-12 14:13:45,874 - unity.py - INFO - Got Host Player Object Position: -0.70490724,0,-7.3098454
2026-08-12 14:13:45,895 - pyserver - INFO - Received from UDP: 0003:-0.7366136,0,-7.3282614
2026-08-12 14:13:45,895 - unity.py - INFO - [36mHandling UDP Data: 0003:-0.7366136,0,-7.3282614[0m
2026-08-12 14:13:45,895 - unity.py - INFO - Got Host Player Object Position: -0.7366136,0,-7.3282614
2026-08-12 14:13:45,916 - pyserver - INFO - Received from UDP: 0003:-0.76854193,0,-7.3464355
2026-08-12 14:13:45,916 - unity.py - INFO - [36mHandling UDP Data: 0003:-0.76854193,0,-7.3464355[0m
2026-08-12 14:13:45,916 - unity.py - INFO - Got Host Player Object Position: -0.76854193,0,-7.3464355
2026-08-12 14:13:45,927 - pyserver - INFO - Received from UDP: 0003:-0.8005336,0,-7.3643513
2026-08-12 14:13:45,927 - unity.py - INFO - [36mHandling UDP Data: 0003:-0.8005336,0,-7.3643513[0m
2026-08-12 14:13:45,927 - unity.py - INFO - Got Host Player Object Position: -0.8005336,0,-7.3643513
2026-08-12 14:13:45,948 - pyserver - INFO - Received from UDP: 0003:-0.83269787,0,-7.3821063
2026-08-12 14:13:45,948 - unity.py - INFO - [36mHandling UDP Data: 0003:-0.83269787,0,-7.3821063[0m
2026-08-12 14:13:45,948 - unity.py - INFO - Got Host Player Object Position: -0.83269787,0,-7.3821063
2026-08-12 14:13:45,959 - pyserver - INFO - Received from UDP: 0003:-0.86495376,0,-7.3996196
2026-08-12 14:13:45,959 - unity.py - INFO - [36mHandling UDP Data: 0003:-0.86495376,0,-7.3996196[0m
2026-08-12 14:13:45,959 - unity.py - INFO - Got Host Player Object Position: -0.86495376,0,-7.3996196
2026-08-12 14:13:45,979 - pyserver - INFO - Received from UDP: 0003:-0.8973136,0,-7.4168615
2026-08-12 14:13:45,980 - unity.py - INFO - [36mHandling UDP Data: 0003:-0.8973136,0,-7.4168615[0m
2026-08-12 14:13:45,980 - unity.py - INFO - Got Host Player Object Position: -0.8973136,0,-7.4168615
2026-08-12 14:13:45,990 - pyserver - INFO - Received from UDP: 0003:-0.9299456,0,-7.4337397
2026-08-12 14:13:45,991 - unity.py - INFO - [36mHandling UDP Data: 0003:-0.9299456,0,-7.4337397[0m
2026-08-12 14:13:45,991 - unity.py - INFO - Got Host Player Object Position: -0.9299456,0,-7.4337397
2026-08-12 14:13:46,012 - pyserver - INFO - Received from UDP: 0003:-0.9857058,0,-7.461601
2026-08-12 14:13:46,012 - unity.py - INFO - [36mHandling UDP Data: 0003:-0.9857058,0,-7.461601[0m
2026-08-12 14:13:46,012 - unity.py - INFO - Got Host Player Object Position: -0.9857058,0,-7.461601
2026-08-12 14:13:46,033 - pyserver - INFO - Received from UDP: 0003:-1.0419123,0,-7.4888315
2026-08-12 14:13:46,033 - unity.py - INFO - [36mHandling UDP Data: 0003:-1.0419123,0,-7.4888315[0m
2026-08-12 14:13:46,033 - unity.py - INFO - Got Host Player Object Position: -1.0419123,0,-7.4888315
2026-08-12 14:13:46,044 - pyserver - INFO - Received from UDP: 0003:-1.0983597,0,-7.5152726
2026-08-12 14:13:46,044 - unity.py - INFO - [36mHandling UDP Data: 0003:-1.0983597,0,-7.5152726[0m
2026-08-12 14:13:46,044 - unity.py - INFO - Got Host Player Object Position: -1.0983597,0,-7.5152726
2026-08-12 14:13:46,065 - pyserver - INFO - Received from UDP: 0003:-1.1550329,0,-7.5415187
2026-08-12 14:13:46,065 - unity.py - INFO - [36mHandling UDP Data: 0003:-1.1550329,0,-7.5415187[0m
2026-08-12 14:13:46,065 - unity.py - INFO - Got Host Player Object Position: -1.1550329,0,-7.5415187
2026-08-12 14:13:46,076 - pyserver - INFO - Received from UDP: 0003:-1.2116634,0,-7.567565
2026-08-12 14:13:46,076 - unity.py - INFO - [36mHandling UDP Data: 0003:-1.2116634,0,-7.567565[0m
2026-08-12 14:13:46,076 - unity.py - INFO - Got Host Player Object Position: -1.2116634,0,-7.567565
2026-08-12 14:13:46,096 - pyserver - INFO - Received from UDP: 0003:-1.2684726,0,-7.5935135
2026-08-12 14:13:46,097 - unity.py - INFO - [36mHandling UDP Data: 0003:-1.2684726,0,-7.5935135[0m
2026-08-12 14:13:46,097 - unity.py - INFO - Got Host Player Object Position: -1.2684726,0,-7.5935135
2026-08-12 14:13:46,107 - pyserver - INFO - Received from UDP: 0003:-1.3252612,0,-7.6192136
2026-08-12 14:13:46,107 - unity.py - INFO - [36mHandling UDP Data: 0003:-1.3252612,0,-7.6192136[0m
2026-08-12 14:13:46,108 - unity.py - INFO - Got Host Player Object Position: -1.3252612,0,-7.6192136
2026-08-12 14:13:46,129 - pyserver - INFO - Received from UDP: 0003:-1.3822274,0,-7.6448145
2026-08-12 14:13:46,129 - unity.py - INFO - [36mHandling UDP Data: 0003:-1.3822274,0,-7.6448145[0m
2026-08-12 14:13:46,129 - unity.py - INFO - Got Host Player Object Position: -1.3822274,0,-7.6448145
2026-08-12 14:13:46,150 - pyserver - INFO - Received from UDP: 0003:-1.4391499,0,-7.670217
2026-08-12 14:13:46,150 - unity.py - INFO - [36mHandling UDP Data: 0003:-1.4391499,0,-7.670217[0m
2026-08-12 14:13:46,150 - unity.py - INFO - Got Host Player Object Position: -1.4391499,0,-7.670217
2026-08-12 14:13:46,160 - pyserver - INFO - Received from UDP: 0003:-1.4962707,0,-7.695469
2026-08-12 14:13:46,161 - unity.py - INFO - [36mHandling UDP Data: 0003:-1.4962707,0,-7.695469[0m
2026-08-12 14:13:46,161 - unity.py - INFO - Got Host Player Object Position: -1.4962707,0,-7.695469
2026-08-12 14:13:46,182 - pyserver - INFO - Received from UDP: 0003:-1.5534126,0,-7.7203736
2026-08-12 14:13:46,182 - unity.py - INFO - [36mHandling UDP Data: 0003:-1.5534126,0,-7.7203736[0m
2026-08-12 14:13:46,182 - unity.py - INFO - Got Host Player Object Position: -1.5534126,0,-7.7203736
2026-08-12 14:13:46,192 - pyserver - INFO - Received from UDP: 0003:-1.6109669,0,-7.7446256
2026-08-12 14:13:46,193 - unity.py - INFO - [36mHandling UDP Data: 0003:-1.6109669,0,-7.7446256[0m
2026-08-12 14:13:46,193 - unity.py - INFO - Got Host Player Object Position: -1.6109669,0,-7.7446256
2026-08-12 14:13:46,213 - pyserver - INFO - Received from UDP: 0003:-1.6687819,0,-7.767925
2026-08-12 14:13:46,214 - unity.py - INFO - [36mHandling UDP Data: 0003:-1.6687819,0,-7.767925[0m
2026-08-12 14:13:46,214 - unity.py - INFO - Got Host Player Object Position: -1.6687819,0,-7.767925
2026-08-12 14:13:46,224 - pyserver - INFO - Received from UDP: 0003:-1.7273977,0,-7.7894907
2026-08-12 14:13:46,224 - unity.py - INFO - [36mHandling UDP Data: 0003:-1.7273977,0,-7.7894907[0m
2026-08-12 14:13:46,225 - unity.py - INFO - Got Host Player Object Position: -1.7273977,0,-7.7894907
2026-08-12 14:13:46,245 - pyserver - INFO - Received from UDP: 0003:-1.7863351,0,-7.809784
2026-08-12 14:13:46,246 - unity.py - INFO - [36mHandling UDP Data: 0003:-1.7863351,0,-7.809784[0m
2026-08-12 14:13:46,246 - unity.py - INFO - Got Host Player Object Position: -1.7863351,0,-7.809784
2026-08-12 14:13:46,267 - pyserver - INFO - Received from UDP: 0003:-1.8457859,0,-7.828928
2026-08-12 14:13:46,267 - unity.py - INFO - [36mHandling UDP Data: 0003:-1.8457859,0,-7.828928[0m
2026-08-12 14:13:46,267 - unity.py - INFO - Got Host Player Object Position: -1.8457859,0,-7.828928
2026-08-12 14:13:46,278 - pyserver - INFO - Received from UDP: 0003:-1.9054745,0,-7.8468914
2026-08-12 14:13:46,278 - unity.py - INFO - [36mHandling UDP Data: 0003:-1.9054745,0,-7.8468914[0m
2026-08-12 14:13:46,278 - unity.py - INFO - Got Host Player Object Position: -1.9054745,0,-7.8468914
2026-08-12 14:13:46,298 - pyserver - INFO - Received from UDP: 0003:-1.9655416,0,-7.8640013
2026-08-12 14:13:46,299 - unity.py - INFO - [36mHandling UDP Data: 0003:-1.9655416,0,-7.8640013[0m
2026-08-12 14:13:46,299 - unity.py - INFO - Got Host Player Object Position: -1.9655416,0,-7.8640013
2026-08-12 14:13:46,309 - pyserver - INFO - Received from UDP: 0003:-2.0257087,0,-7.8802915
2026-08-12 14:13:46,309 - unity.py - INFO - [36mHandling UDP Data: 0003:-2.0257087,0,-7.8802915[0m
2026-08-12 14:13:46,310 - unity.py - INFO - Got Host Player Object Position: -2.0257087,0,-7.8802915
2026-08-12 14:13:46,330 - pyserver - INFO - Received from UDP: 0003:-2.0862014,0,-7.8958225
2026-08-12 14:13:46,330 - unity.py - INFO - [36mHandling UDP Data: 0003:-2.0862014,0,-7.8958225[0m
2026-08-12 14:13:46,331 - unity.py - INFO - Got Host Player Object Position: -2.0862014,0,-7.8958225
2026-08-12 14:13:46,341 - pyserver - INFO - Received from UDP: 0003:-2.146838,0,-7.9102674
2026-08-12 14:13:46,341 - unity.py - INFO - [36mHandling UDP Data: 0003:-2.146838,0,-7.9102674[0m
2026-08-12 14:13:46,342 - unity.py - INFO - Got Host Player Object Position: -2.146838,0,-7.9102674
2026-08-12 14:13:46,362 - pyserver - INFO - Received from UDP: 0003:-2.207859,0,-7.9235716
2026-08-12 14:13:46,362 - unity.py - INFO - [36mHandling UDP Data: 0003:-2.207859,0,-7.9235716[0m
2026-08-12 14:13:46,362 - unity.py - INFO - Got Host Player Object Position: -2.207859,0,-7.9235716
2026-08-12 14:13:46,383 - pyserver - INFO - Received from UDP: 0003:-2.2690158,0,-7.935625
2026-08-12 14:13:46,383 - unity.py - INFO - [36mHandling UDP Data: 0003:-2.2690158,0,-7.935625[0m
2026-08-12 14:13:46,384 - unity.py - INFO - Got Host Player Object Position: -2.2690158,0,-7.935625
2026-08-12 14:13:46,394 - pyserver - INFO - Received from UDP: 0003:-2.3305128,0,-7.946523
2026-08-12 14:13:46,394 - unity.py - INFO - [36mHandling UDP Data: 0003:-2.3305128,0,-7.946523[0m
2026-08-12 14:13:46,394 - unity.py - INFO - Got Host Player Object Position: -2.3305128,0,-7.946523
2026-08-12 14:13:46,415 - pyserver - INFO - Received from UDP: 0003:-2.3920443,0,-7.9564886
2026-08-12 14:13:46,415 - unity.py - INFO - [36mHandling UDP Data: 0003:-2.3920443,0,-7.9564886[0m
2026-08-12 14:13:46,415 - unity.py - INFO - Got Host Player Object Position: -2.3920443,0,-7.9564886
2026-08-12 14:13:46,426 - pyserver - INFO - Received from UDP: 0003:-2.428388,0,-7.961855
2026-08-12 14:13:46,426 - unity.py - INFO - [36mHandling UDP Data: 0003:-2.428388,0,-7.961855[0m
2026-08-12 14:13:46,426 - unity.py - INFO - Got Host Player Object Position: -2.428388,0,-7.961855
2026-08-12 14:13:46,447 - pyserver - INFO - Received from UDP: 0003:-2.4646845,0,-7.9670525
2026-08-12 14:13:46,447 - unity.py - INFO - [36mHandling UDP Data: 0003:-2.4646845,0,-7.9670525[0m
2026-08-12 14:13:46,447 - unity.py - INFO - Got Host Player Object Position: -2.4646845,0,-7.9670525
2026-08-12 14:13:46,458 - pyserver - INFO - Received from UDP: 0003:-2.5010521,0,-7.9722605
2026-08-12 14:13:46,458 - unity.py - INFO - [36mHandling UDP Data: 0003:-2.5010521,0,-7.9722605[0m
2026-08-12 14:13:46,458 - unity.py - INFO - Got Host Player Object Position: -2.5010521,0,-7.9722605
2026-08-12 14:13:46,479 - pyserver - INFO - Received from UDP: 0003:-2.5373485,0,-7.977458
2026-08-12 14:13:46,479 - unity.py - INFO - [36mHandling UDP Data: 0003:-2.5373485,0,-7.977458[0m
2026-08-12 14:13:46,479 - unity.py - INFO - Got Host Player Object Position: -2.5373485,0,-7.977458
2026-08-12 14:13:46,500 - pyserver - INFO - Received from UDP: 0003:-2.573717,0,-7.982666
2026-08-12 14:13:46,500 - unity.py - INFO - [36mHandling UDP Data: 0003:-2.573717,0,-7.982666[0m
2026-08-12 14:13:46,500 - unity.py - INFO - Got Host Player Object Position: -2.573717,0,-7.982666
2026-08-12 14:13:46,510 - pyserver - INFO - Received from UDP: 0003:-2.6100135,0,-7.9878635
2026-08-12 14:13:46,510 - unity.py - INFO - [36mHandling UDP Data: 0003:-2.6100135,0,-7.9878635[0m
2026-08-12 14:13:46,511 - unity.py - INFO - Got Host Player Object Position: -2.6100135,0,-7.9878635
2026-08-12 14:13:46,532 - pyserver - INFO - Received from UDP: 0003:-2.6463814,0,-7.9930716
2026-08-12 14:13:46,532 - unity.py - INFO - [36mHandling UDP Data: 0003:-2.6463814,0,-7.9930716[0m
2026-08-12 14:13:46,532 - unity.py - INFO - Got Host Player Object Position: -2.6463814,0,-7.9930716
2026-08-12 14:13:46,543 - pyserver - INFO - Received from UDP: 0003:-2.6826777,0,-7.998269
2026-08-12 14:13:46,544 - unity.py - INFO - [36mHandling UDP Data: 0003:-2.6826777,0,-7.998269[0m
2026-08-12 14:13:46,544 - unity.py - INFO - Got Host Player Object Position: -2.6826777,0,-7.998269
2026-08-12 14:13:46,564 - pyserver - INFO - Received from UDP: 0003:-2.7190452,0,-8.003477
2026-08-12 14:13:46,564 - unity.py - INFO - [36mHandling UDP Data: 0003:-2.7190452,0,-8.003477[0m
2026-08-12 14:13:46,565 - unity.py - INFO - Got Host Player Object Position: -2.7190452,0,-8.003477
2026-08-12 14:13:46,575 - pyserver - INFO - Received from UDP: 0003:-2.7553415,0,-8.008675
2026-08-12 14:13:46,575 - unity.py - INFO - [36mHandling UDP Data: 0003:-2.7553415,0,-8.008675[0m
2026-08-12 14:13:46,575 - unity.py - INFO - Got Host Player Object Position: -2.7553415,0,-8.008675
2026-08-12 14:13:46,596 - pyserver - INFO - Received from UDP: 0003:-2.7917085,0,-8.013883
2026-08-12 14:13:46,597 - unity.py - INFO - [36mHandling UDP Data: 0003:-2.7917085,0,-8.013883[0m
2026-08-12 14:13:46,597 - unity.py - INFO - Got Host Player Object Position: -2.7917085,0,-8.013883
2026-08-12 14:13:46,607 - pyserver - INFO - Received from UDP: 0003:-2.8280048,0,-8.01908
2026-08-12 14:13:46,608 - unity.py - INFO - [36mHandling UDP Data: 0003:-2.8280048,0,-8.01908[0m
2026-08-12 14:13:46,608 - unity.py - INFO - Got Host Player Object Position: -2.8280048,0,-8.01908
2026-08-12 14:13:46,629 - pyserver - INFO - Received from UDP: 0003:-2.864372,0,-8.024288
2026-08-12 14:13:46,629 - unity.py - INFO - [36mHandling UDP Data: 0003:-2.864372,0,-8.024288[0m
2026-08-12 14:13:46,629 - unity.py - INFO - Got Host Player Object Position: -2.864372,0,-8.024288
2026-08-12 14:13:46,650 - pyserver - INFO - Received from UDP: 0003:-2.9006684,0,-8.029486
2026-08-12 14:13:46,650 - unity.py - INFO - [36mHandling UDP Data: 0003:-2.9006684,0,-8.029486[0m
2026-08-12 14:13:46,650 - unity.py - INFO - Got Host Player Object Position: -2.9006684,0,-8.029486
2026-08-12 14:13:46,660 - pyserver - INFO - Received from UDP: 0003:-2.9370353,0,-8.034694
2026-08-12 14:13:46,661 - unity.py - INFO - [36mHandling UDP Data: 0003:-2.9370353,0,-8.034694[0m
2026-08-12 14:13:46,661 - unity.py - INFO - Got Host Player Object Position: -2.9370353,0,-8.034694
2026-08-12 14:13:46,682 - pyserver - INFO - Received from UDP: 0003:-2.9733317,0,-8.039891
2026-08-12 14:13:46,682 - unity.py - INFO - [36mHandling UDP Data: 0003:-2.9733317,0,-8.039891[0m
2026-08-12 14:13:46,682 - unity.py - INFO - Got Host Player Object Position: -2.9733317,0,-8.039891
2026-08-12 14:13:46,693 - pyserver - INFO - Received from UDP: 0003:-3.0096984,0,-8.045099
2026-08-12 14:13:46,693 - unity.py - INFO - [36mHandling UDP Data: 0003:-3.0096984,0,-8.045099[0m
2026-08-12 14:13:46,693 - unity.py - INFO - Got Host Player Object Position: -3.0096984,0,-8.045099
2026-08-12 14:13:46,714 - pyserver - INFO - Received from UDP: 0003:-3.0459948,0,-8.050297
2026-08-12 14:13:46,714 - unity.py - INFO - [36mHandling UDP Data: 0003:-3.0459948,0,-8.050297[0m
2026-08-12 14:13:46,714 - unity.py - INFO - Got Host Player Object Position: -3.0459948,0,-8.050297
2026-08-12 14:13:46,725 - pyserver - INFO - Received from UDP: 0003:-3.0823634,0,-8.055505
2026-08-12 14:13:46,725 - unity.py - INFO - [36mHandling UDP Data: 0003:-3.0823634,0,-8.055505[0m
2026-08-12 14:13:46,725 - unity.py - INFO - Got Host Player Object Position: -3.0823634,0,-8.055505
2026-08-12 14:13:46,746 - pyserver - INFO - Received from UDP: 0003:-3.1186597,0,-8.060702
2026-08-12 14:13:46,746 - unity.py - INFO - [36mHandling UDP Data: 0003:-3.1186597,0,-8.060702[0m
2026-08-12 14:13:46,746 - unity.py - INFO - Got Host Player Object Position: -3.1186597,0,-8.060702
2026-08-12 14:13:46,767 - pyserver - INFO - Received from UDP: 0003:-3.1550379,0,-8.065846
2026-08-12 14:13:46,767 - unity.py - INFO - [36mHandling UDP Data: 0003:-3.1550379,0,-8.065846[0m
2026-08-12 14:13:46,767 - unity.py - INFO - Got Host Player Object Position: -3.1550379,0,-8.065846
2026-08-12 14:13:46,778 - pyserver - INFO - Received from UDP: 0003:-3.1881618,0,-8.063784
2026-08-12 14:13:46,778 - unity.py - INFO - [36mHandling UDP Data: 0003:-3.1881618,0,-8.063784[0m
2026-08-12 14:13:46,778 - unity.py - INFO - Got Host Player Object Position: -3.1881618,0,-8.063784
2026-08-12 14:13:46,799 - pyserver - INFO - Received from UDP: 0003:-3.2183807,0,-8.052825
2026-08-12 14:13:46,799 - unity.py - INFO - [36mHandling UDP Data: 0003:-3.2183807,0,-8.052825[0m
2026-08-12 14:13:46,799 - unity.py - INFO - Got Host Player Object Position: -3.2183807,0,-8.052825
2026-08-12 14:13:46,810 - pyserver - INFO - Received from UDP: 0003:-3.2525592,0,-8.047389
2026-08-12 14:13:46,810 - unity.py - INFO - [36mHandling UDP Data: 0003:-3.2525592,0,-8.047389[0m
2026-08-12 14:13:46,810 - unity.py - INFO - Got Host Player Object Position: -3.2525592,0,-8.047389
2026-08-12 14:13:46,831 - pyserver - INFO - Received from UDP: 0003:-3.2885294,0,-8.044821
2026-08-12 14:13:46,832 - unity.py - INFO - [36mHandling UDP Data: 0003:-3.2885294,0,-8.044821[0m
2026-08-12 14:13:46,832 - unity.py - INFO - Got Host Player Object Position: -3.2885294,0,-8.044821
2026-08-12 14:13:46,842 - pyserver - INFO - Received from UDP: 0003:-3.3508399,0,-8.04611
2026-08-12 14:13:46,843 - unity.py - INFO - [36mHandling UDP Data: 0003:-3.3508399,0,-8.04611[0m
2026-08-12 14:13:46,843 - unity.py - INFO - Got Host Player Object Position: -3.3508399,0,-8.04611
2026-08-12 14:13:46,863 - pyserver - INFO - Received from UDP: 0003:-3.4132967,0,-8.046164
2026-08-12 14:13:46,864 - unity.py - INFO - [36mHandling UDP Data: 0003:-3.4132967,0,-8.046164[0m
2026-08-12 14:13:46,864 - unity.py - INFO - Got Host Player Object Position: -3.4132967,0,-8.046164
2026-08-12 14:13:46,874 - pyserver - INFO - Received from UDP: 0003:-3.4756193,0,-8.045021
2026-08-12 14:13:46,875 - unity.py - INFO - [36mHandling UDP Data: 0003:-3.4756193,0,-8.045021[0m
2026-08-12 14:13:46,875 - unity.py - INFO - Got Host Player Object Position: -3.4756193,0,-8.045021
2026-08-12 14:13:46,896 - pyserver - INFO - Received from UDP: 0003:-3.5380473,0,-8.043113
2026-08-12 14:13:46,896 - unity.py - INFO - [36mHandling UDP Data: 0003:-3.5380473,0,-8.043113[0m
2026-08-12 14:13:46,896 - unity.py - INFO - Got Host Player Object Position: -3.5380473,0,-8.043113
2026-08-12 14:13:46,917 - pyserver - INFO - Received from UDP: 0003:-3.6003346,0,-8.040719
2026-08-12 14:13:46,917 - unity.py - INFO - [36mHandling UDP Data: 0003:-3.6003346,0,-8.040719[0m
2026-08-12 14:13:46,917 - unity.py - INFO - Got Host Player Object Position: -3.6003346,0,-8.040719
2026-08-12 14:13:46,928 - pyserver - INFO - Received from UDP: 0003:-3.6627355,0,-8.038103
2026-08-12 14:13:46,928 - unity.py - INFO - [36mHandling UDP Data: 0003:-3.6627355,0,-8.038103[0m
2026-08-12 14:13:46,928 - unity.py - INFO - Got Host Player Object Position: -3.6627355,0,-8.038103
2026-08-12 14:13:46,949 - pyserver - INFO - Received from UDP: 0003:-3.725014,0,-8.035492
2026-08-12 14:13:46,949 - unity.py - INFO - [36mHandling UDP Data: 0003:-3.725014,0,-8.035492[0m
2026-08-12 14:13:46,949 - unity.py - INFO - Got Host Player Object Position: -3.725014,0,-8.035492
2026-08-12 14:13:46,959 - pyserver - INFO - Received from UDP: 0003:-3.7874143,0,-8.032876
2026-08-12 14:13:46,960 - unity.py - INFO - [36mHandling UDP Data: 0003:-3.7874143,0,-8.032876[0m
2026-08-12 14:13:46,960 - unity.py - INFO - Got Host Player Object Position: -3.7874143,0,-8.032876
2026-08-12 14:13:46,980 - pyserver - INFO - Received from UDP: 0003:-3.8497555,0,-8.030263
2026-08-12 14:13:46,981 - unity.py - INFO - [36mHandling UDP Data: 0003:-3.8497555,0,-8.030263[0m
2026-08-12 14:13:46,981 - unity.py - INFO - Got Host Player Object Position: -3.8497555,0,-8.030263
2026-08-12 14:13:46,991 - pyserver - INFO - Received from UDP: 0003:-3.912034,0,-8.027652
2026-08-12 14:13:46,992 - unity.py - INFO - [36mHandling UDP Data: 0003:-3.912034,0,-8.027652[0m
2026-08-12 14:13:46,992 - unity.py - INFO - Got Host Player Object Position: -3.912034,0,-8.027652
2026-08-12 14:13:47,012 - pyserver - INFO - Received from UDP: 0003:-3.974436,0,-8.025036
2026-08-12 14:13:47,012 - unity.py - INFO - [36mHandling UDP Data: 0003:-3.974436,0,-8.025036[0m
2026-08-12 14:13:47,012 - unity.py - INFO - Got Host Player Object Position: -3.974436,0,-8.025036
2026-08-12 14:13:47,033 - pyserver - INFO - Received from UDP: 0003:-4.0367146,0,-8.022425
2026-08-12 14:13:47,033 - unity.py - INFO - [36mHandling UDP Data: 0003:-4.0367146,0,-8.022425[0m
2026-08-12 14:13:47,033 - unity.py - INFO - Got Host Player Object Position: -4.0367146,0,-8.022425
2026-08-12 14:13:47,043 - pyserver - INFO - Received from UDP: 0003:-4.0991144,0,-8.019754
2026-08-12 14:13:47,044 - unity.py - INFO - [36mHandling UDP Data: 0003:-4.0991144,0,-8.019754[0m
2026-08-12 14:13:47,044 - unity.py - INFO - Got Host Player Object Position: -4.0991144,0,-8.019754
2026-08-12 14:13:47,064 - pyserver - INFO - Received from UDP: 0003:-4.161386,0,-8.01698
2026-08-12 14:13:47,064 - unity.py - INFO - [36mHandling UDP Data: 0003:-4.161386,0,-8.01698[0m
2026-08-12 14:13:47,064 - unity.py - INFO - Got Host Player Object Position: -4.161386,0,-8.01698
2026-08-12 14:13:47,075 - pyserver - INFO - Received from UDP: 0003:-4.2237678,0,-8.013929
2026-08-12 14:13:47,075 - unity.py - INFO - [36mHandling UDP Data: 0003:-4.2237678,0,-8.013929[0m
2026-08-12 14:13:47,076 - unity.py - INFO - Got Host Player Object Position: -4.2237678,0,-8.013929
2026-08-12 14:13:47,097 - pyserver - INFO - Received from UDP: 0003:-4.285981,0,-8.010069
2026-08-12 14:13:47,097 - unity.py - INFO - [36mHandling UDP Data: 0003:-4.285981,0,-8.010069[0m
2026-08-12 14:13:47,097 - unity.py - INFO - Got Host Player Object Position: -4.285981,0,-8.010069
2026-08-12 14:13:47,117 - pyserver - INFO - Received from UDP: 0003:-4.3482223,0,-8.004896
2026-08-12 14:13:47,117 - unity.py - INFO - [36mHandling UDP Data: 0003:-4.3482223,0,-8.004896[0m
2026-08-12 14:13:47,117 - unity.py - INFO - Got Host Player Object Position: -4.3482223,0,-8.004896
2026-08-12 14:13:47,128 - pyserver - INFO - Received from UDP: 0003:-4.4101486,0,-7.997785
2026-08-12 14:13:47,128 - unity.py - INFO - [36mHandling UDP Data: 0003:-4.4101486,0,-7.997785[0m
2026-08-12 14:13:47,128 - unity.py - INFO - Got Host Player Object Position: -4.4101486,0,-7.997785
2026-08-12 14:13:47,149 - pyserver - INFO - Received from UDP: 0003:-4.4464197,0,-7.9919424
2026-08-12 14:13:47,149 - unity.py - INFO - [36mHandling UDP Data: 0003:-4.4464197,0,-7.9919424[0m
2026-08-12 14:13:47,149 - unity.py - INFO - Got Host Player Object Position: -4.4464197,0,-7.9919424
2026-08-12 14:13:47,160 - pyserver - INFO - Received from UDP: 0003:-4.4822717,0,-7.9842563
2026-08-12 14:13:47,160 - unity.py - INFO - [36mHandling UDP Data: 0003:-4.4822717,0,-7.9842563[0m
2026-08-12 14:13:47,160 - unity.py - INFO - Got Host Player Object Position: -4.4822717,0,-7.9842563
2026-08-12 14:13:47,181 - pyserver - INFO - Received from UDP: 0003:-4.5176735,0,-7.974438
2026-08-12 14:13:47,181 - unity.py - INFO - [36mHandling UDP Data: 0003:-4.5176735,0,-7.974438[0m
2026-08-12 14:13:47,181 - unity.py - INFO - Got Host Player Object Position: -4.5176735,0,-7.974438
2026-08-12 14:13:47,191 - pyserver - INFO - Received from UDP: 0003:-4.5521617,0,-7.961987
2026-08-12 14:13:47,192 - unity.py - INFO - [36mHandling UDP Data: 0003:-4.5521617,0,-7.961987[0m
2026-08-12 14:13:47,192 - unity.py - INFO - Got Host Player Object Position: -4.5521617,0,-7.961987
2026-08-12 14:13:47,213 - pyserver - INFO - Received from UDP: 0003:-4.5848217,0,-7.9451656
2026-08-12 14:13:47,213 - unity.py - INFO - [36mHandling UDP Data: 0003:-4.5848217,0,-7.9451656[0m
2026-08-12 14:13:47,213 - unity.py - INFO - Got Host Player Object Position: -4.5848217,0,-7.9451656
2026-08-12 14:13:47,234 - pyserver - INFO - Received from UDP: 0003:-4.6154857,0,-7.925061
2026-08-12 14:13:47,234 - unity.py - INFO - [36mHandling UDP Data: 0003:-4.6154857,0,-7.925061[0m
2026-08-12 14:13:47,234 - unity.py - INFO - Got Host Player Object Position: -4.6154857,0,-7.925061
2026-08-12 14:13:47,245 - pyserver - INFO - Received from UDP: 0003:-4.643794,0,-7.901642
2026-08-12 14:13:47,245 - unity.py - INFO - [36mHandling UDP Data: 0003:-4.643794,0,-7.901642[0m
2026-08-12 14:13:47,245 - unity.py - INFO - Got Host Player Object Position: -4.643794,0,-7.901642
2026-08-12 14:13:47,266 - pyserver - INFO - Received from UDP: 0003:-4.669221,0,-7.8751726
2026-08-12 14:13:47,266 - unity.py - INFO - [36mHandling UDP Data: 0003:-4.669221,0,-7.8751726[0m
2026-08-12 14:13:47,266 - unity.py - INFO - Got Host Player Object Position: -4.669221,0,-7.8751726
2026-08-12 14:13:47,277 - pyserver - INFO - Received from UDP: 0003:-4.690902,0,-7.8456025
2026-08-12 14:13:47,277 - unity.py - INFO - [36mHandling UDP Data: 0003:-4.690902,0,-7.8456025[0m
2026-08-12 14:13:47,278 - unity.py - INFO - Got Host Player Object Position: -4.690902,0,-7.8456025
2026-08-12 14:13:47,298 - pyserver - INFO - Received from UDP: 0003:-4.708601,0,-7.813408
2026-08-12 14:13:47,298 - unity.py - INFO - [36mHandling UDP Data: 0003:-4.708601,0,-7.813408[0m
2026-08-12 14:13:47,298 - unity.py - INFO - Got Host Player Object Position: -4.708601,0,-7.813408
2026-08-12 14:13:47,309 - pyserver - INFO - Received from UDP: 0003:-4.72186,0,-7.7792225
2026-08-12 14:13:47,309 - unity.py - INFO - [36mHandling UDP Data: 0003:-4.72186,0,-7.7792225[0m
2026-08-12 14:13:47,309 - unity.py - INFO - Got Host Player Object Position: -4.72186,0,-7.7792225
2026-08-12 14:13:47,330 - pyserver - INFO - Received from UDP: 0003:-4.729905,0,-7.743376
2026-08-12 14:13:47,330 - unity.py - INFO - [36mHandling UDP Data: 0003:-4.729905,0,-7.743376[0m
2026-08-12 14:13:47,330 - unity.py - INFO - Got Host Player Object Position: -4.729905,0,-7.743376
2026-08-12 14:13:47,351 - pyserver - INFO - Received from UDP: 0003:-4.732725,0,-7.7086983
2026-08-12 14:13:47,351 - unity.py - INFO - [36mHandling UDP Data: 0003:-4.732725,0,-7.7086983[0m
2026-08-12 14:13:47,351 - unity.py - INFO - Got Host Player Object Position: -4.732725,0,-7.7086983
2026-08-12 14:13:47,362 - pyserver - INFO - Received from UDP: 0003:-4.730508,0,-7.6757545
2026-08-12 14:13:47,362 - unity.py - INFO - [36mHandling UDP Data: 0003:-4.730508,0,-7.6757545[0m
2026-08-12 14:13:47,362 - unity.py - INFO - Got Host Player Object Position: -4.730508,0,-7.6757545
2026-08-12 14:13:47,383 - pyserver - INFO - Received from UDP: 0003:-4.7238865,0,-7.6452584
2026-08-12 14:13:47,383 - unity.py - INFO - [36mHandling UDP Data: 0003:-4.7238865,0,-7.6452584[0m
2026-08-12 14:13:47,383 - unity.py - INFO - Got Host Player Object Position: -4.7238865,0,-7.6452584
2026-08-12 14:13:47,394 - pyserver - INFO - Received from UDP: 0003:-4.7136693,0,-7.617713
2026-08-12 14:13:47,394 - unity.py - INFO - [36mHandling UDP Data: 0003:-4.7136693,0,-7.617713[0m
2026-08-12 14:13:47,395 - unity.py - INFO - Got Host Player Object Position: -4.7136693,0,-7.617713
2026-08-12 14:13:47,417 - pyserver - INFO - Received from UDP: 0003:-4.6984324,0,-7.594824
2026-08-12 14:13:47,417 - unity.py - INFO - [36mHandling UDP Data: 0003:-4.6984324,0,-7.594824[0m
2026-08-12 14:13:47,417 - unity.py - INFO - Got Host Player Object Position: -4.6984324,0,-7.594824
2026-08-12 14:13:47,428 - pyserver - INFO - Received from UDP: 0003:-4.681156,0,-7.575771
2026-08-12 14:13:47,429 - unity.py - INFO - [36mHandling UDP Data: 0003:-4.681156,0,-7.575771[0m
2026-08-12 14:13:47,429 - unity.py - INFO - Got Host Player Object Position: -4.681156,0,-7.575771
2026-08-12 14:13:47,450 - pyserver - INFO - Received from UDP: 0003:-4.662752,0,-7.5606275
2026-08-12 14:13:47,450 - unity.py - INFO - [36mHandling UDP Data: 0003:-4.662752,0,-7.5606275[0m
2026-08-12 14:13:47,450 - unity.py - INFO - Got Host Player Object Position: -4.662752,0,-7.5606275
2026-08-12 14:13:47,461 - pyserver - INFO - Received from UDP: 0003:-4.6440287,0,-7.549041
2026-08-12 14:13:47,461 - unity.py - INFO - [36mHandling UDP Data: 0003:-4.6440287,0,-7.549041[0m
2026-08-12 14:13:47,461 - unity.py - INFO - Got Host Player Object Position: -4.6440287,0,-7.549041
2026-08-12 14:13:47,482 - pyserver - INFO - Received from UDP: 0003:-4.625755,0,-7.54052
2026-08-12 14:13:47,482 - unity.py - INFO - [36mHandling UDP Data: 0003:-4.625755,0,-7.54052[0m
2026-08-12 14:13:47,482 - unity.py - INFO - Got Host Player Object Position: -4.625755,0,-7.54052
2026-08-12 14:13:47,492 - pyserver - INFO - Received from UDP: 0003:-4.608386,0,-7.5347257
2026-08-12 14:13:47,493 - unity.py - INFO - [36mHandling UDP Data: 0003:-4.608386,0,-7.5347257[0m
2026-08-12 14:13:47,493 - unity.py - INFO - Got Host Player Object Position: -4.608386,0,-7.5347257
2026-08-12 14:13:47,514 - pyserver - INFO - Received from UDP: 0003:-4.5922937,0,-7.5310993
2026-08-12 14:13:47,514 - unity.py - INFO - [36mHandling UDP Data: 0003:-4.5922937,0,-7.5310993[0m
2026-08-12 14:13:47,514 - unity.py - INFO - Got Host Player Object Position: -4.5922937,0,-7.5310993
2026-08-12 14:13:47,525 - pyserver - INFO - Received from UDP: 0003:-4.5777674,0,-7.5289545
2026-08-12 14:13:47,525 - unity.py - INFO - [36mHandling UDP Data: 0003:-4.5777674,0,-7.5289545[0m
2026-08-12 14:13:47,525 - unity.py - INFO - Got Host Player Object Position: -4.5777674,0,-7.5289545
2026-08-12 14:13:47,546 - pyserver - INFO - Received from UDP: 0003:-4.565007,0,-7.527748
2026-08-12 14:13:47,547 - unity.py - INFO - [36mHandling UDP Data: 0003:-4.565007,0,-7.527748[0m
2026-08-12 14:13:47,547 - unity.py - INFO - Got Host Player Object Position: -4.565007,0,-7.527748
2026-08-12 14:13:47,567 - pyserver - INFO - Received from UDP: 0003:-4.554028,0,-7.5270576
2026-08-12 14:13:47,568 - unity.py - INFO - [36mHandling UDP Data: 0003:-4.554028,0,-7.5270576[0m
2026-08-12 14:13:47,568 - unity.py - INFO - Got Host Player Object Position: -4.554028,0,-7.5270576
2026-08-12 14:13:47,599 - pyserver - INFO - Received from UDP: 0003:-4.5375395,0,-7.5263023
2026-08-12 14:13:47,599 - unity.py - INFO - [36mHandling UDP Data: 0003:-4.5375395,0,-7.5263023[0m
2026-08-12 14:13:47,599 - unity.py - INFO - Got Host Player Object Position: -4.5375395,0,-7.5263023
2026-08-12 14:13:47,651 - pyserver - INFO - Received from UDP: 0003:-4.5265827,0,-7.525882
2026-08-12 14:13:47,651 - unity.py - INFO - [36mHandling UDP Data: 0003:-4.5265827,0,-7.525882[0m
2026-08-12 14:13:47,651 - unity.py - INFO - Got Host Player Object Position: -4.5265827,0,-7.525882
2026-08-12 14:13:47,982 - pyserver - INFO - Received from UDP: 0003:-4.5257277,0,-7.53687
2026-08-12 14:13:47,983 - unity.py - INFO - [36mHandling UDP Data: 0003:-4.5257277,0,-7.53687[0m
2026-08-12 14:13:47,983 - unity.py - INFO - Got Host Player Object Position: -4.5257277,0,-7.53687
2026-08-12 14:13:48,014 - pyserver - INFO - Received from UDP: 0003:-4.524444,0,-7.5533705
2026-08-12 14:13:48,014 - unity.py - INFO - [36mHandling UDP Data: 0003:-4.524444,0,-7.5533705[0m
2026-08-12 14:13:48,015 - unity.py - INFO - Got Host Player Object Position: -4.524444,0,-7.5533705
2026-08-12 14:13:48,025 - pyserver - INFO - Received from UDP: 0003:-4.523587,0,-7.5643816
2026-08-12 14:13:48,025 - unity.py - INFO - [36mHandling UDP Data: 0003:-4.523587,0,-7.5643816[0m
2026-08-12 14:13:48,025 - unity.py - INFO - Got Host Player Object Position: -4.523587,0,-7.5643816
2026-08-12 14:13:48,046 - pyserver - INFO - Received from UDP: 0003:-4.522589,0,-7.5772038
2026-08-12 14:13:48,046 - unity.py - INFO - [36mHandling UDP Data: 0003:-4.522589,0,-7.5772038[0m
2026-08-12 14:13:48,047 - unity.py - INFO - Got Host Player Object Position: -4.522589,0,-7.5772038
2026-08-12 14:13:48,067 - pyserver - INFO - Received from UDP: 0003:-4.521447,0,-7.5918846
2026-08-12 14:13:48,067 - unity.py - INFO - [36mHandling UDP Data: 0003:-4.521447,0,-7.5918846[0m
2026-08-12 14:13:48,068 - unity.py - INFO - Got Host Player Object Position: -4.521447,0,-7.5918846
2026-08-12 14:13:48,078 - pyserver - INFO - Received from UDP: 0003:-4.520167,0,-7.6083336
2026-08-12 14:13:48,079 - unity.py - INFO - [36mHandling UDP Data: 0003:-4.520167,0,-7.6083336[0m
2026-08-12 14:13:48,080 - unity.py - INFO - Got Host Player Object Position: -4.520167,0,-7.6083336
2026-08-12 14:13:48,101 - pyserver - INFO - Received from UDP: 0003:-4.5187387,0,-7.6266885
2026-08-12 14:13:48,101 - unity.py - INFO - [36mHandling UDP Data: 0003:-4.5187387,0,-7.6266885[0m
2026-08-12 14:13:48,101 - unity.py - INFO - Got Host Player Object Position: -4.5187387,0,-7.6266885
2026-08-12 14:13:48,111 - pyserver - INFO - Received from UDP: 0003:-4.517172,0,-7.646828
2026-08-12 14:13:48,112 - unity.py - INFO - [36mHandling UDP Data: 0003:-4.517172,0,-7.646828[0m
2026-08-12 14:13:48,113 - unity.py - INFO - Got Host Player Object Position: -4.517172,0,-7.646828
2026-08-12 14:13:48,134 - pyserver - INFO - Received from UDP: 0003:-4.5154595,0,-7.6688337
2026-08-12 14:13:48,134 - unity.py - INFO - [36mHandling UDP Data: 0003:-4.5154595,0,-7.6688337[0m
2026-08-12 14:13:48,134 - unity.py - INFO - Got Host Player Object Position: -4.5154595,0,-7.6688337
2026-08-12 14:13:48,145 - pyserver - INFO - Received from UDP: 0003:-4.5136065,0,-7.6926475
2026-08-12 14:13:48,145 - unity.py - INFO - [36mHandling UDP Data: 0003:-4.5136065,0,-7.6926475[0m
2026-08-12 14:13:48,145 - unity.py - INFO - Got Host Player Object Position: -4.5136065,0,-7.6926475
2026-08-12 14:13:48,166 - pyserver - INFO - Received from UDP: 0003:-4.5097737,0,-7.7181983
2026-08-12 14:13:48,166 - unity.py - INFO - [36mHandling UDP Data: 0003:-4.5097737,0,-7.7181983[0m
2026-08-12 14:13:48,167 - unity.py - INFO - Got Host Player Object Position: -4.5097737,0,-7.7181983
2026-08-12 14:13:48,177 - pyserver - INFO - Received from UDP: 0003:-4.5040383,0,-7.7453346
2026-08-12 14:13:48,177 - unity.py - INFO - [36mHandling UDP Data: 0003:-4.5040383,0,-7.7453346[0m
2026-08-12 14:13:48,177 - unity.py - INFO - Got Host Player Object Position: -4.5040383,0,-7.7453346
2026-08-12 14:13:48,197 - pyserver - INFO - Received from UDP: 0003:-4.496498,0,-7.770426
2026-08-12 14:13:48,198 - unity.py - INFO - [36mHandling UDP Data: 0003:-4.496498,0,-7.770426[0m
2026-08-12 14:13:48,198 - unity.py - INFO - Got Host Player Object Position: -4.496498,0,-7.770426
2026-08-12 14:13:48,218 - pyserver - INFO - Received from UDP: 0003:-4.487349,0,-7.7935724
2026-08-12 14:13:48,218 - unity.py - INFO - [36mHandling UDP Data: 0003:-4.487349,0,-7.7935724[0m
2026-08-12 14:13:48,219 - unity.py - INFO - Got Host Player Object Position: -4.487349,0,-7.7935724
2026-08-12 14:13:48,229 - pyserver - INFO - Received from UDP: 0003:-4.4764886,0,-7.8147836
2026-08-12 14:13:48,230 - unity.py - INFO - [36mHandling UDP Data: 0003:-4.4764886,0,-7.8147836[0m
2026-08-12 14:13:48,231 - unity.py - INFO - Got Host Player Object Position: -4.4764886,0,-7.8147836
2026-08-12 14:13:48,251 - pyserver - INFO - Received from UDP: 0003:-4.4639387,0,-7.8339553
2026-08-12 14:13:48,251 - unity.py - INFO - [36mHandling UDP Data: 0003:-4.4639387,0,-7.8339553[0m
2026-08-12 14:13:48,252 - unity.py - INFO - Got Host Player Object Position: -4.4639387,0,-7.8339553
2026-08-12 14:13:48,262 - pyserver - INFO - Received from UDP: 0003:-4.449698,0,-7.8512163
2026-08-12 14:13:48,263 - unity.py - INFO - [36mHandling UDP Data: 0003:-4.449698,0,-7.8512163[0m
2026-08-12 14:13:48,264 - unity.py - INFO - Got Host Player Object Position: -4.449698,0,-7.8512163
2026-08-12 14:13:48,285 - pyserver - INFO - Received from UDP: 0003:-4.4338284,0,-7.8665085
2026-08-12 14:13:48,285 - unity.py - INFO - [36mHandling UDP Data: 0003:-4.4338284,0,-7.8665085[0m
2026-08-12 14:13:48,285 - unity.py - INFO - Got Host Player Object Position: -4.4338284,0,-7.8665085
2026-08-12 14:13:48,296 - pyserver - INFO - Received from UDP: 0003:-4.416208,0,-7.879819
2026-08-12 14:13:48,296 - unity.py - INFO - [36mHandling UDP Data: 0003:-4.416208,0,-7.879819[0m
2026-08-12 14:13:48,297 - unity.py - INFO - Got Host Player Object Position: -4.416208,0,-7.879819
2026-08-12 14:13:48,317 - pyserver - INFO - Received from UDP: 0003:-4.396929,0,-7.891126
2026-08-12 14:13:48,318 - unity.py - INFO - [36mHandling UDP Data: 0003:-4.396929,0,-7.891126[0m
2026-08-12 14:13:48,318 - unity.py - INFO - Got Host Player Object Position: -4.396929,0,-7.891126
2026-08-12 14:13:48,328 - pyserver - INFO - Received from UDP: 0003:-4.3759303,0,-7.9004893
2026-08-12 14:13:48,328 - unity.py - INFO - [36mHandling UDP Data: 0003:-4.3759303,0,-7.9004893[0m
2026-08-12 14:13:48,328 - unity.py - INFO - Got Host Player Object Position: -4.3759303,0,-7.9004893
2026-08-12 14:13:48,350 - pyserver - INFO - Received from UDP: 0003:-4.3532796,0,-7.9078555
2026-08-12 14:13:48,351 - unity.py - INFO - [36mHandling UDP Data: 0003:-4.3532796,0,-7.9078555[0m
2026-08-12 14:13:48,351 - unity.py - INFO - Got Host Player Object Position: -4.3532796,0,-7.9078555
2026-08-12 14:13:48,361 - pyserver - INFO - Received from UDP: 0003:-4.3288856,0,-7.913252
2026-08-12 14:13:48,362 - unity.py - INFO - [36mHandling UDP Data: 0003:-4.3288856,0,-7.913252[0m
2026-08-12 14:13:48,362 - unity.py - INFO - Got Host Player Object Position: -4.3288856,0,-7.913252
2026-08-12 14:13:48,382 - pyserver - INFO - Received from UDP: 0003:-4.3028984,0,-7.9167185
2026-08-12 14:13:48,383 - unity.py - INFO - [36mHandling UDP Data: 0003:-4.3028984,0,-7.9167185[0m
2026-08-12 14:13:48,383 - unity.py - INFO - Got Host Player Object Position: -4.3028984,0,-7.9167185
2026-08-12 14:13:48,393 - pyserver - INFO - Received from UDP: 0003:-4.2751303,0,-7.918077
2026-08-12 14:13:48,394 - unity.py - INFO - [36mHandling UDP Data: 0003:-4.2751303,0,-7.918077[0m
2026-08-12 14:13:48,394 - unity.py - INFO - Got Host Player Object Position: -4.2751303,0,-7.918077
2026-08-12 14:13:48,415 - pyserver - INFO - Received from UDP: 0003:-4.2457113,0,-7.9173756
2026-08-12 14:13:48,415 - unity.py - INFO - [36mHandling UDP Data: 0003:-4.2457113,0,-7.9173756[0m
2026-08-12 14:13:48,415 - unity.py - INFO - Got Host Player Object Position: -4.2457113,0,-7.9173756
2026-08-12 14:13:48,426 - pyserver - INFO - Received from UDP: 0003:-4.214557,0,-7.9147596
2026-08-12 14:13:48,426 - unity.py - INFO - [36mHandling UDP Data: 0003:-4.214557,0,-7.9147596[0m
2026-08-12 14:13:48,426 - unity.py - INFO - Got Host Player Object Position: -4.214557,0,-7.9147596
2026-08-12 14:13:48,447 - pyserver - INFO - Received from UDP: 0003:-4.18531,0,-7.912124
2026-08-12 14:13:48,447 - unity.py - INFO - [36mHandling UDP Data: 0003:-4.18531,0,-7.912124[0m
2026-08-12 14:13:48,447 - unity.py - INFO - Got Host Player Object Position: -4.18531,0,-7.912124
2026-08-12 14:13:48,468 - pyserver - INFO - Received from UDP: 0003:-4.157877,0,-7.9094105
2026-08-12 14:13:48,468 - unity.py - INFO - [36mHandling UDP Data: 0003:-4.157877,0,-7.9094105[0m
2026-08-12 14:13:48,468 - unity.py - INFO - Got Host Player Object Position: -4.157877,0,-7.9094105
2026-08-12 14:13:48,479 - pyserver - INFO - Received from UDP: 0003:-4.1323147,0,-7.906724
2026-08-12 14:13:48,480 - unity.py - INFO - [36mHandling UDP Data: 0003:-4.1323147,0,-7.906724[0m
2026-08-12 14:13:48,480 - unity.py - INFO - Got Host Player Object Position: -4.1323147,0,-7.906724
2026-08-12 14:13:48,501 - pyserver - INFO - Received from UDP: 0003:-4.10854,0,-7.9041204
2026-08-12 14:13:48,501 - unity.py - INFO - [36mHandling UDP Data: 0003:-4.10854,0,-7.9041204[0m
2026-08-12 14:13:48,502 - unity.py - INFO - Got Host Player Object Position: -4.10854,0,-7.9041204
2026-08-12 14:13:48,512 - pyserver - INFO - Received from UDP: 0003:-4.086636,0,-7.9016833
2026-08-12 14:13:48,512 - unity.py - INFO - [36mHandling UDP Data: 0003:-4.086636,0,-7.9016833[0m
2026-08-12 14:13:48,513 - unity.py - INFO - Got Host Player Object Position: -4.086636,0,-7.9016833
2026-08-12 14:13:48,534 - pyserver - INFO - Received from UDP: 0003:-4.066522,0,-7.899445
2026-08-12 14:13:48,535 - unity.py - INFO - [36mHandling UDP Data: 0003:-4.066522,0,-7.899445[0m
2026-08-12 14:13:48,535 - unity.py - INFO - Got Host Player Object Position: -4.066522,0,-7.899445
2026-08-12 14:13:48,545 - pyserver - INFO - Received from UDP: 0003:-4.048308,0,-7.897418
2026-08-12 14:13:48,545 - unity.py - INFO - [36mHandling UDP Data: 0003:-4.048308,0,-7.897418[0m
2026-08-12 14:13:48,545 - unity.py - INFO - Got Host Player Object Position: -4.048308,0,-7.897418
2026-08-12 14:13:48,566 - pyserver - INFO - Received from UDP: 0003:-4.0318427,0,-7.8955717
2026-08-12 14:13:48,566 - unity.py - INFO - [36mHandling UDP Data: 0003:-4.0318427,0,-7.8955717[0m
2026-08-12 14:13:48,566 - unity.py - INFO - Got Host Player Object Position: -4.0318427,0,-7.8955717
2026-08-12 14:13:48,577 - pyserver - INFO - Received from UDP: 0003:-4.0172243,0,-7.893932
2026-08-12 14:13:48,577 - unity.py - INFO - [36mHandling UDP Data: 0003:-4.0172243,0,-7.893932[0m
2026-08-12 14:13:48,577 - unity.py - INFO - Got Host Player Object Position: -4.0172243,0,-7.893932
2026-08-12 14:13:48,598 - pyserver - INFO - Received from UDP: 0003:-4.004407,0,-7.8924947
2026-08-12 14:13:48,598 - unity.py - INFO - [36mHandling UDP Data: 0003:-4.004407,0,-7.8924947[0m
2026-08-12 14:13:48,598 - unity.py - INFO - Got Host Player Object Position: -4.004407,0,-7.8924947
2026-08-12 14:13:48,619 - pyserver - INFO - Received from UDP: 0003:-3.9934464,0,-7.891265
2026-08-12 14:13:48,619 - unity.py - INFO - [36mHandling UDP Data: 0003:-3.9934464,0,-7.891265[0m
2026-08-12 14:13:48,619 - unity.py - INFO - Got Host Player Object Position: -3.9934464,0,-7.891265
2026-08-12 14:13:48,650 - pyserver - INFO - Received from UDP: 0003:-3.976977,0,-7.889418
2026-08-12 14:13:48,650 - unity.py - INFO - [36mHandling UDP Data: 0003:-3.976977,0,-7.889418[0m
2026-08-12 14:13:48,651 - unity.py - INFO - Got Host Player Object Position: -3.976977,0,-7.889418
2026-08-12 14:13:48,702 - pyserver - INFO - Received from UDP: 0003:-3.9658968,0,-7.8881755
2026-08-12 14:13:48,702 - unity.py - INFO - [36mHandling UDP Data: 0003:-3.9658968,0,-7.8881755[0m
2026-08-12 14:13:48,702 - unity.py - INFO - Got Host Player Object Position: -3.9658968,0,-7.8881755
2026-08-12 14:13:49,178 - pyserver - INFO - Received from UDP: 0003:-3.9549317,0,-7.8869452
2026-08-12 14:13:49,178 - unity.py - INFO - [36mHandling UDP Data: 0003:-3.9549317,0,-7.8869452[0m
2026-08-12 14:13:49,178 - unity.py - INFO - Got Host Player Object Position: -3.9549317,0,-7.8869452
2026-08-12 14:13:49,220 - pyserver - INFO - Received from UDP: 0003:-3.9385319,0,-7.885106
2026-08-12 14:13:49,220 - unity.py - INFO - [36mHandling UDP Data: 0003:-3.9385319,0,-7.885106[0m
2026-08-12 14:13:49,220 - unity.py - INFO - Got Host Player Object Position: -3.9385319,0,-7.885106
2026-08-12 14:13:49,230 - pyserver - INFO - Received from UDP: 0003:-3.9275591,0,-7.8838754
2026-08-12 14:13:49,231 - unity.py - INFO - [36mHandling UDP Data: 0003:-3.9275591,0,-7.8838754[0m
2026-08-12 14:13:49,231 - unity.py - INFO - Got Host Player Object Position: -3.9275591,0,-7.8838754
2026-08-12 14:13:49,252 - pyserver - INFO - Received from UDP: 0003:-3.914743,0,-7.882438
2026-08-12 14:13:49,252 - unity.py - INFO - [36mHandling UDP Data: 0003:-3.914743,0,-7.882438[0m
2026-08-12 14:13:49,252 - unity.py - INFO - Got Host Player Object Position: -3.914743,0,-7.882438
2026-08-12 14:13:49,262 - pyserver - INFO - Received from UDP: 0003:-3.9000995,0,-7.8807955
2026-08-12 14:13:49,263 - unity.py - INFO - [36mHandling UDP Data: 0003:-3.9000995,0,-7.8807955[0m
2026-08-12 14:13:49,263 - unity.py - INFO - Got Host Player Object Position: -3.9000995,0,-7.8807955
2026-08-12 14:13:49,283 - pyserver - INFO - Received from UDP: 0003:-3.8836682,0,-7.878953
2026-08-12 14:13:49,284 - unity.py - INFO - [36mHandling UDP Data: 0003:-3.8836682,0,-7.878953[0m
2026-08-12 14:13:49,284 - unity.py - INFO - Got Host Player Object Position: -3.8836682,0,-7.878953
2026-08-12 14:13:49,294 - pyserver - INFO - Received from UDP: 0003:-3.865407,0,-7.8769045
2026-08-12 14:13:49,294 - unity.py - INFO - [36mHandling UDP Data: 0003:-3.865407,0,-7.8769045[0m
2026-08-12 14:13:49,294 - unity.py - INFO - Got Host Player Object Position: -3.865407,0,-7.8769045
2026-08-12 14:13:49,315 - pyserver - INFO - Received from UDP: 0003:-3.8457227,0,-7.8764505
2026-08-12 14:13:49,316 - unity.py - INFO - [36mHandling UDP Data: 0003:-3.8457227,0,-7.8764505[0m
2026-08-12 14:13:49,316 - unity.py - INFO - Got Host Player Object Position: -3.8457227,0,-7.8764505
2026-08-12 14:13:49,326 - pyserver - INFO - Received from UDP: 0003:-3.8250735,0,-7.880491
2026-08-12 14:13:49,326 - unity.py - INFO - [36mHandling UDP Data: 0003:-3.8250735,0,-7.880491[0m
2026-08-12 14:13:49,327 - unity.py - INFO - Got Host Player Object Position: -3.8250735,0,-7.880491
2026-08-12 14:13:49,347 - pyserver - INFO - Received from UDP: 0003:-3.8020017,0,-7.8828506
2026-08-12 14:13:49,348 - unity.py - INFO - [36mHandling UDP Data: 0003:-3.8020017,0,-7.8828506[0m
2026-08-12 14:13:49,348 - unity.py - INFO - Got Host Player Object Position: -3.8020017,0,-7.8828506
2026-08-12 14:13:49,369 - pyserver - INFO - Received from UDP: 0003:-3.7802665,0,-7.883555
2026-08-12 14:13:49,369 - unity.py - INFO - [36mHandling UDP Data: 0003:-3.7802665,0,-7.883555[0m
2026-08-12 14:13:49,369 - unity.py - INFO - Got Host Player Object Position: -3.7802665,0,-7.883555
2026-08-12 14:13:49,379 - pyserver - INFO - Received from UDP: 0003:-3.760182,0,-7.883009
2026-08-12 14:13:49,380 - unity.py - INFO - [36mHandling UDP Data: 0003:-3.760182,0,-7.883009[0m
2026-08-12 14:13:49,381 - unity.py - INFO - Got Host Player Object Position: -3.760182,0,-7.883009
2026-08-12 14:13:49,402 - pyserver - INFO - Received from UDP: 0003:-3.7418568,0,-7.8830094
2026-08-12 14:13:49,402 - unity.py - INFO - [36mHandling UDP Data: 0003:-3.7418568,0,-7.8830094[0m
2026-08-12 14:13:49,402 - unity.py - INFO - Got Host Player Object Position: -3.7418568,0,-7.8830094
2026-08-12 14:13:49,413 - pyserver - INFO - Received from UDP: 0003:-3.7254238,0,-7.8830094
2026-08-12 14:13:49,414 - unity.py - INFO - [36mHandling UDP Data: 0003:-3.7254238,0,-7.8830094[0m
2026-08-12 14:13:49,414 - unity.py - INFO - Got Host Player Object Position: -3.7254238,0,-7.8830094
2026-08-12 14:13:49,435 - pyserver - INFO - Received from UDP: 0003:-3.7107968,0,-7.88301
2026-08-12 14:13:49,435 - unity.py - INFO - [36mHandling UDP Data: 0003:-3.7107968,0,-7.88301[0m
2026-08-12 14:13:49,435 - unity.py - INFO - Got Host Player Object Position: -3.7107968,0,-7.88301
2026-08-12 14:13:49,446 - pyserver - INFO - Received from UDP: 0003:-3.698044,0,-7.8830104
2026-08-12 14:13:49,446 - unity.py - INFO - [36mHandling UDP Data: 0003:-3.698044,0,-7.8830104[0m
2026-08-12 14:13:49,446 - unity.py - INFO - Got Host Player Object Position: -3.698044,0,-7.8830104
2026-08-12 14:13:49,467 - pyserver - INFO - Received from UDP: 0003:-3.6870844,0,-7.8830104
2026-08-12 14:13:49,467 - unity.py - INFO - [36mHandling UDP Data: 0003:-3.6870844,0,-7.8830104[0m
2026-08-12 14:13:49,467 - unity.py - INFO - Got Host Player Object Position: -3.6870844,0,-7.8830104
2026-08-12 14:13:49,498 - pyserver - INFO - Received from UDP: 0003:-3.6706097,0,-7.883011
2026-08-12 14:13:49,498 - unity.py - INFO - [36mHandling UDP Data: 0003:-3.6706097,0,-7.883011[0m
2026-08-12 14:13:49,498 - unity.py - INFO - Got Host Player Object Position: -3.6706097,0,-7.883011
2026-08-12 14:13:49,550 - pyserver - INFO - Received from UDP: 0003:-3.6596284,0,-7.883011
2026-08-12 14:13:49,550 - unity.py - INFO - [36mHandling UDP Data: 0003:-3.6596284,0,-7.883011[0m
2026-08-12 14:13:49,551 - unity.py - INFO - Got Host Player Object Position: -3.6596284,0,-7.883011
2026-08-12 14:13:58,274 - pyserver - INFO - Received from UDP: 0003:-3.6488583,0,-7.8830113
2026-08-12 14:13:58,274 - unity.py - INFO - [36mHandling UDP Data: 0003:-3.6488583,0,-7.8830113[0m
2026-08-12 14:13:58,274 - unity.py - INFO - Got Host Player Object Position: -3.6488583,0,-7.8830113
2026-08-12 14:13:58,306 - pyserver - INFO - Received from UDP: 0003:-3.6327667,0,-7.8830113
2026-08-12 14:13:58,307 - unity.py - INFO - [36mHandling UDP Data: 0003:-3.6327667,0,-7.8830113[0m
2026-08-12 14:13:58,308 - unity.py - INFO - Got Host Player Object Position: -3.6327667,0,-7.8830113
2026-08-12 14:13:58,339 - pyserver - INFO - Received from UDP: 0003:-3.6077664,0,-7.883012
2026-08-12 14:13:58,339 - unity.py - INFO - [36mHandling UDP Data: 0003:-3.6077664,0,-7.883012[0m
2026-08-12 14:13:58,339 - unity.py - INFO - Got Host Player Object Position: -3.6077664,0,-7.883012
2026-08-12 14:13:58,360 - pyserver - INFO - Received from UDP: 0003:-3.593584,0,-7.8830123
2026-08-12 14:13:58,360 - unity.py - INFO - [36mHandling UDP Data: 0003:-3.593584,0,-7.8830123[0m
2026-08-12 14:13:58,360 - unity.py - INFO - Got Host Player Object Position: -3.593584,0,-7.8830123
2026-08-12 14:13:58,370 - pyserver - INFO - Received from UDP: 0003:-3.5775473,0,-7.883013
2026-08-12 14:13:58,371 - unity.py - INFO - [36mHandling UDP Data: 0003:-3.5775473,0,-7.883013[0m
2026-08-12 14:13:58,371 - unity.py - INFO - Got Host Player Object Position: -3.5775473,0,-7.883013
2026-08-12 14:13:58,391 - pyserver - INFO - Received from UDP: 0003:-3.5597615,0,-7.883013
2026-08-12 14:13:58,391 - unity.py - INFO - [36mHandling UDP Data: 0003:-3.5597615,0,-7.883013[0m
2026-08-12 14:13:58,392 - unity.py - INFO - Got Host Player Object Position: -3.5597615,0,-7.883013
2026-08-12 14:13:58,402 - pyserver - INFO - Received from UDP: 0003:-3.540204,0,-7.883013
2026-08-12 14:13:58,402 - unity.py - INFO - [36mHandling UDP Data: 0003:-3.540204,0,-7.883013[0m
2026-08-12 14:13:58,403 - unity.py - INFO - Got Host Player Object Position: -3.540204,0,-7.883013
2026-08-12 14:13:58,423 - pyserver - INFO - Received from UDP: 0003:-3.51891,0,-7.8830132
2026-08-12 14:13:58,424 - unity.py - INFO - [36mHandling UDP Data: 0003:-3.51891,0,-7.8830132[0m
2026-08-12 14:13:58,424 - unity.py - INFO - Got Host Player Object Position: -3.51891,0,-7.8830132
2026-08-12 14:13:58,445 - pyserver - INFO - Received from UDP: 0003:-3.495661,0,-7.8823133
2026-08-12 14:13:58,445 - unity.py - INFO - [36mHandling UDP Data: 0003:-3.495661,0,-7.8823133[0m
2026-08-12 14:13:58,445 - unity.py - INFO - Got Host Player Object Position: -3.495661,0,-7.8823133
2026-08-12 14:13:58,456 - pyserver - INFO - Received from UDP: 0003:-3.4708166,0,-7.8823133
2026-08-12 14:13:58,456 - unity.py - INFO - [36mHandling UDP Data: 0003:-3.4708166,0,-7.8823133[0m
2026-08-12 14:13:58,457 - unity.py - INFO - Got Host Player Object Position: -3.4708166,0,-7.8823133
2026-08-12 14:13:58,477 - pyserver - INFO - Received from UDP: 0003:-3.4441435,0,-7.8823133
2026-08-12 14:13:58,477 - unity.py - INFO - [36mHandling UDP Data: 0003:-3.4441435,0,-7.8823133[0m
2026-08-12 14:13:58,477 - unity.py - INFO - Got Host Player Object Position: -3.4441435,0,-7.8823133
2026-08-12 14:13:58,488 - pyserver - INFO - Received from UDP: 0003:-3.415753,0,-7.8823137
2026-08-12 14:13:58,488 - unity.py - INFO - [36mHandling UDP Data: 0003:-3.415753,0,-7.8823137[0m
2026-08-12 14:13:58,488 - unity.py - INFO - Got Host Player Object Position: -3.415753,0,-7.8823137
2026-08-12 14:13:58,509 - pyserver - INFO - Received from UDP: 0003:-3.3851929,0,-7.880746
2026-08-12 14:13:58,509 - unity.py - INFO - [36mHandling UDP Data: 0003:-3.3851929,0,-7.880746[0m
2026-08-12 14:13:58,510 - unity.py - INFO - Got Host Player Object Position: -3.3851929,0,-7.880746
2026-08-12 14:13:58,520 - pyserver - INFO - Received from UDP: 0003:-3.352768,0,-7.874992
2026-08-12 14:13:58,520 - unity.py - INFO - [36mHandling UDP Data: 0003:-3.352768,0,-7.874992[0m
2026-08-12 14:13:58,520 - unity.py - INFO - Got Host Player Object Position: -3.352768,0,-7.874992
2026-08-12 14:13:58,541 - pyserver - INFO - Received from UDP: 0003:-3.3190286,0,-7.8660464
2026-08-12 14:13:58,541 - unity.py - INFO - [36mHandling UDP Data: 0003:-3.3190286,0,-7.8660464[0m
2026-08-12 14:13:58,541 - unity.py - INFO - Got Host Player Object Position: -3.3190286,0,-7.8660464
2026-08-12 14:13:58,552 - pyserver - INFO - Received from UDP: 0003:-3.2835865,0,-7.8566494
2026-08-12 14:13:58,552 - unity.py - INFO - [36mHandling UDP Data: 0003:-3.2835865,0,-7.8566494[0m
2026-08-12 14:13:58,552 - unity.py - INFO - Got Host Player Object Position: -3.2835865,0,-7.8566494
2026-08-12 14:13:58,573 - pyserver - INFO - Received from UDP: 0003:-3.2480764,0,-7.8472347
2026-08-12 14:13:58,574 - unity.py - INFO - [36mHandling UDP Data: 0003:-3.2480764,0,-7.8472347[0m
2026-08-12 14:13:58,574 - unity.py - INFO - Got Host Player Object Position: -3.2480764,0,-7.8472347
2026-08-12 14:13:58,594 - pyserver - INFO - Received from UDP: 0003:-3.2126427,0,-7.8378067
2026-08-12 14:13:58,594 - unity.py - INFO - [36mHandling UDP Data: 0003:-3.2126427,0,-7.8378067[0m
2026-08-12 14:13:58,594 - unity.py - INFO - Got Host Player Object Position: -3.2126427,0,-7.8378067
2026-08-12 14:13:58,605 - pyserver - INFO - Received from UDP: 0003:-3.1771402,0,-7.8283606
2026-08-12 14:13:58,605 - unity.py - INFO - [36mHandling UDP Data: 0003:-3.1771402,0,-7.8283606[0m
2026-08-12 14:13:58,607 - unity.py - INFO - Got Host Player Object Position: -3.1771402,0,-7.8283606
2026-08-12 14:13:58,628 - pyserver - INFO - Received from UDP: 0003:-3.1417065,0,-7.818933
2026-08-12 14:13:58,628 - unity.py - INFO - [36mHandling UDP Data: 0003:-3.1417065,0,-7.818933[0m
2026-08-12 14:13:58,628 - unity.py - INFO - Got Host Player Object Position: -3.1417065,0,-7.818933
2026-08-12 14:13:58,639 - pyserver - INFO - Received from UDP: 0003:-3.1062117,0,-7.8094554
2026-08-12 14:13:58,640 - unity.py - INFO - [36mHandling UDP Data: 0003:-3.1062117,0,-7.8094554[0m
2026-08-12 14:13:58,640 - unity.py - INFO - Got Host Player Object Position: -3.1062117,0,-7.8094554
2026-08-12 14:13:58,661 - pyserver - INFO - Received from UDP: 0003:-3.0708025,0,-7.799935
2026-08-12 14:13:58,661 - unity.py - INFO - [36mHandling UDP Data: 0003:-3.0708025,0,-7.799935[0m
2026-08-12 14:13:58,661 - unity.py - INFO - Got Host Player Object Position: -3.0708025,0,-7.799935
2026-08-12 14:13:58,671 - pyserver - INFO - Received from UDP: 0003:-3.0353408,0,-7.7903337
2026-08-12 14:13:58,672 - unity.py - INFO - [36mHandling UDP Data: 0003:-3.0353408,0,-7.7903337[0m
2026-08-12 14:13:58,672 - unity.py - INFO - Got Host Player Object Position: -3.0353408,0,-7.7903337
2026-08-12 14:13:58,692 - pyserver - INFO - Received from UDP: 0003:-2.999982,0,-7.780628
2026-08-12 14:13:58,693 - unity.py - INFO - [36mHandling UDP Data: 0003:-2.999982,0,-7.780628[0m
2026-08-12 14:13:58,693 - unity.py - INFO - Got Host Player Object Position: -2.999982,0,-7.780628
2026-08-12 14:13:58,703 - pyserver - INFO - Received from UDP: 0003:-2.9646063,0,-7.770718
2026-08-12 14:13:58,704 - unity.py - INFO - [36mHandling UDP Data: 0003:-2.9646063,0,-7.770718[0m
2026-08-12 14:13:58,704 - unity.py - INFO - Got Host Player Object Position: -2.9646063,0,-7.770718
2026-08-12 14:13:58,724 - pyserver - INFO - Received from UDP: 0003:-2.929351,0,-7.7606425
2026-08-12 14:13:58,724 - unity.py - INFO - [36mHandling UDP Data: 0003:-2.929351,0,-7.7606425[0m
2026-08-12 14:13:58,725 - unity.py - INFO - Got Host Player Object Position: -2.929351,0,-7.7606425
2026-08-12 14:13:58,745 - pyserver - INFO - Received from UDP: 0003:-2.8940716,0,-7.7503934
2026-08-12 14:13:58,745 - unity.py - INFO - [36mHandling UDP Data: 0003:-2.8940716,0,-7.7503934[0m
2026-08-12 14:13:58,745 - unity.py - INFO - Got Host Player Object Position: -2.8940716,0,-7.7503934
2026-08-12 14:13:58,757 - pyserver - INFO - Received from UDP: 0003:-2.858933,0,-7.739918
2026-08-12 14:13:58,757 - unity.py - INFO - [36mHandling UDP Data: 0003:-2.858933,0,-7.739918[0m
2026-08-12 14:13:58,757 - unity.py - INFO - Got Host Player Object Position: -2.858933,0,-7.739918
2026-08-12 14:13:58,778 - pyserver - INFO - Received from UDP: 0003:-2.823782,0,-7.729239
2026-08-12 14:13:58,778 - unity.py - INFO - [36mHandling UDP Data: 0003:-2.823782,0,-7.729239[0m
2026-08-12 14:13:58,778 - unity.py - INFO - Got Host Player Object Position: -2.823782,0,-7.729239
2026-08-12 14:13:58,789 - pyserver - INFO - Received from UDP: 0003:-2.788755,0,-7.7183967
2026-08-12 14:13:58,790 - unity.py - INFO - [36mHandling UDP Data: 0003:-2.788755,0,-7.7183967[0m
2026-08-12 14:13:58,791 - unity.py - INFO - Got Host Player Object Position: -2.788755,0,-7.7183967
2026-08-12 14:13:58,812 - pyserver - INFO - Received from UDP: 0003:-2.753746,0,-7.707258
2026-08-12 14:13:58,812 - unity.py - INFO - [36mHandling UDP Data: 0003:-2.753746,0,-7.707258[0m
2026-08-12 14:13:58,812 - unity.py - INFO - Got Host Player Object Position: -2.753746,0,-7.707258
2026-08-12 14:13:58,824 - pyserver - INFO - Received from UDP: 0003:-2.7188938,0,-7.695867
2026-08-12 14:13:58,824 - unity.py - INFO - [36mHandling UDP Data: 0003:-2.7188938,0,-7.695867[0m
2026-08-12 14:13:58,824 - unity.py - INFO - Got Host Player Object Position: -2.7188938,0,-7.695867
2026-08-12 14:13:58,845 - pyserver - INFO - Received from UDP: 0003:-2.6840637,0,-7.68418
2026-08-12 14:13:58,845 - unity.py - INFO - [36mHandling UDP Data: 0003:-2.6840637,0,-7.68418[0m
2026-08-12 14:13:58,845 - unity.py - INFO - Got Host Player Object Position: -2.6840637,0,-7.68418
2026-08-12 14:13:58,856 - pyserver - INFO - Received from UDP: 0003:-2.649426,0,-7.672152
2026-08-12 14:13:58,856 - unity.py - INFO - [36mHandling UDP Data: 0003:-2.649426,0,-7.672152[0m
2026-08-12 14:13:58,856 - unity.py - INFO - Got Host Player Object Position: -2.649426,0,-7.672152
2026-08-12 14:13:58,878 - pyserver - INFO - Received from UDP: 0003:-2.6148605,0,-7.659708
2026-08-12 14:13:58,878 - unity.py - INFO - [36mHandling UDP Data: 0003:-2.6148605,0,-7.659708[0m
2026-08-12 14:13:58,878 - unity.py - INFO - Got Host Player Object Position: -2.6148605,0,-7.659708
2026-08-12 14:13:58,889 - pyserver - INFO - Received from UDP: 0003:-2.5805383,0,-7.6468077
2026-08-12 14:13:58,890 - unity.py - INFO - [36mHandling UDP Data: 0003:-2.5805383,0,-7.6468077[0m
2026-08-12 14:13:58,891 - unity.py - INFO - Got Host Player Object Position: -2.5805383,0,-7.6468077
2026-08-12 14:13:58,911 - pyserver - INFO - Received from UDP: 0003:-2.5463572,0,-7.6333437
2026-08-12 14:13:58,912 - unity.py - INFO - [36mHandling UDP Data: 0003:-2.5463572,0,-7.6333437[0m
2026-08-12 14:13:58,912 - unity.py - INFO - Got Host Player Object Position: -2.5463572,0,-7.6333437
2026-08-12 14:13:58,922 - pyserver - INFO - Received from UDP: 0003:-2.512457,0,-7.6193714
2026-08-12 14:13:58,922 - unity.py - INFO - [36mHandling UDP Data: 0003:-2.512457,0,-7.6193714[0m
2026-08-12 14:13:58,922 - unity.py - INFO - Got Host Player Object Position: -2.512457,0,-7.6193714
2026-08-12 14:13:58,944 - pyserver - INFO - Received from UDP: 0003:-2.4788938,0,-7.6044283
2026-08-12 14:13:58,944 - unity.py - INFO - [36mHandling UDP Data: 0003:-2.4788938,0,-7.6044283[0m
2026-08-12 14:13:58,944 - unity.py - INFO - Got Host Player Object Position: -2.4788938,0,-7.6044283
2026-08-12 14:13:58,954 - pyserver - INFO - Received from UDP: 0003:-2.4456625,0,-7.588933
2026-08-12 14:13:58,955 - unity.py - INFO - [36mHandling UDP Data: 0003:-2.4456625,0,-7.588933[0m
2026-08-12 14:13:58,955 - unity.py - INFO - Got Host Player Object Position: -2.4456625,0,-7.588933
2026-08-12 14:13:58,975 - pyserver - INFO - Received from UDP: 0003:-2.412615,0,-7.5728865
2026-08-12 14:13:58,976 - unity.py - INFO - [36mHandling UDP Data: 0003:-2.412615,0,-7.5728865[0m
2026-08-12 14:13:58,976 - unity.py - INFO - Got Host Player Object Position: -2.412615,0,-7.5728865
2026-08-12 14:13:58,986 - pyserver - INFO - Received from UDP: 0003:-2.3797944,0,-7.5565653
2026-08-12 14:13:58,987 - unity.py - INFO - [36mHandling UDP Data: 0003:-2.3797944,0,-7.5565653[0m
2026-08-12 14:13:58,987 - unity.py - INFO - Got Host Player Object Position: -2.3797944,0,-7.5565653
2026-08-12 14:13:59,007 - pyserver - INFO - Received from UDP: 0003:-2.3458433,0,-7.54301
2026-08-12 14:13:59,008 - unity.py - INFO - [36mHandling UDP Data: 0003:-2.3458433,0,-7.54301[0m
2026-08-12 14:13:59,008 - unity.py - INFO - Got Host Player Object Position: -2.3458433,0,-7.54301
2026-08-12 14:13:59,029 - pyserver - INFO - Received from UDP: 0003:-2.3134835,0,-7.5257688
2026-08-12 14:13:59,029 - unity.py - INFO - [36mHandling UDP Data: 0003:-2.3134835,0,-7.5257688[0m
2026-08-12 14:13:59,029 - unity.py - INFO - Got Host Player Object Position: -2.3134835,0,-7.5257688
2026-08-12 14:13:59,040 - pyserver - INFO - Received from UDP: 0003:-2.2812128,0,-7.508211
2026-08-12 14:13:59,041 - unity.py - INFO - [36mHandling UDP Data: 0003:-2.2812128,0,-7.508211[0m
2026-08-12 14:13:59,041 - unity.py - INFO - Got Host Player Object Position: -2.2812128,0,-7.508211
2026-08-12 14:13:59,062 - pyserver - INFO - Received from UDP: 0003:-2.2490969,0,-7.490519
2026-08-12 14:13:59,062 - unity.py - INFO - [36mHandling UDP Data: 0003:-2.2490969,0,-7.490519[0m
2026-08-12 14:13:59,062 - unity.py - INFO - Got Host Player Object Position: -2.2490969,0,-7.490519
2026-08-12 14:13:59,072 - pyserver - INFO - Received from UDP: 0003:-2.2169957,0,-7.472652
2026-08-12 14:13:59,072 - unity.py - INFO - [36mHandling UDP Data: 0003:-2.2169957,0,-7.472652[0m
2026-08-12 14:13:59,072 - unity.py - INFO - Got Host Player Object Position: -2.2169957,0,-7.472652
2026-08-12 14:13:59,093 - pyserver - INFO - Received from UDP: 0003:-2.1849883,0,-7.4547644
2026-08-12 14:13:59,094 - unity.py - INFO - [36mHandling UDP Data: 0003:-2.1849883,0,-7.4547644[0m
2026-08-12 14:13:59,094 - unity.py - INFO - Got Host Player Object Position: -2.1849883,0,-7.4547644
2026-08-12 14:13:59,105 - pyserver - INFO - Received from UDP: 0003:-2.1529503,0,-7.4367857
2026-08-12 14:13:59,105 - unity.py - INFO - [36mHandling UDP Data: 0003:-2.1529503,0,-7.4367857[0m
2026-08-12 14:13:59,105 - unity.py - INFO - Got Host Player Object Position: -2.1529503,0,-7.4367857
2026-08-12 14:13:59,125 - pyserver - INFO - Received from UDP: 0003:-2.12099,0,-7.418814
2026-08-12 14:13:59,126 - unity.py - INFO - [36mHandling UDP Data: 0003:-2.12099,0,-7.418814[0m
2026-08-12 14:13:59,126 - unity.py - INFO - Got Host Player Object Position: -2.12099,0,-7.418814
2026-08-12 14:13:59,146 - pyserver - INFO - Received from UDP: 0003:-2.0890152,0,-7.4007244
2026-08-12 14:13:59,146 - unity.py - INFO - [36mHandling UDP Data: 0003:-2.0890152,0,-7.4007244[0m
2026-08-12 14:13:59,147 - unity.py - INFO - Got Host Player Object Position: -2.0890152,0,-7.4007244
2026-08-12 14:13:59,158 - pyserver - INFO - Received from UDP: 0003:-2.057118,0,-7.3826413
2026-08-12 14:13:59,158 - unity.py - INFO - [36mHandling UDP Data: 0003:-2.057118,0,-7.3826413[0m
2026-08-12 14:13:59,159 - unity.py - INFO - Got Host Player Object Position: -2.057118,0,-7.3826413
2026-08-12 14:13:59,179 - pyserver - INFO - Received from UDP: 0003:-2.025189,0,-7.3644667
2026-08-12 14:13:59,179 - unity.py - INFO - [36mHandling UDP Data: 0003:-2.025189,0,-7.3644667[0m
2026-08-12 14:13:59,179 - unity.py - INFO - Got Host Player Object Position: -2.025189,0,-7.3644667
2026-08-12 14:13:59,190 - pyserver - INFO - Received from UDP: 0003:-1.9933549,0,-7.3462725
2026-08-12 14:13:59,191 - unity.py - INFO - [36mHandling UDP Data: 0003:-1.9933549,0,-7.3462725[0m
2026-08-12 14:13:59,191 - unity.py - INFO - Got Host Player Object Position: -1.9933549,0,-7.3462725
2026-08-12 14:13:59,212 - pyserver - INFO - Received from UDP: 0003:-1.9614742,0,-7.328015
2026-08-12 14:13:59,212 - unity.py - INFO - [36mHandling UDP Data: 0003:-1.9614742,0,-7.328015[0m
2026-08-12 14:13:59,212 - unity.py - INFO - Got Host Player Object Position: -1.9614742,0,-7.328015
2026-08-12 14:13:59,222 - pyserver - INFO - Received from UDP: 0003:-1.929656,0,-7.3097925
2026-08-12 14:13:59,224 - unity.py - INFO - [36mHandling UDP Data: 0003:-1.929656,0,-7.3097925[0m
2026-08-12 14:13:59,224 - unity.py - INFO - Got Host Player Object Position: -1.929656,0,-7.3097925
2026-08-12 14:13:59,245 - pyserver - INFO - Received from UDP: 0003:-1.8977915,0,-7.2915072
2026-08-12 14:13:59,245 - unity.py - INFO - [36mHandling UDP Data: 0003:-1.8977915,0,-7.2915072[0m
2026-08-12 14:13:59,245 - unity.py - INFO - Got Host Player Object Position: -1.8977915,0,-7.2915072
2026-08-12 14:13:59,256 - pyserver - INFO - Received from UDP: 0003:-1.8659891,0,-7.2732573
2026-08-12 14:13:59,256 - unity.py - INFO - [36mHandling UDP Data: 0003:-1.8659891,0,-7.2732573[0m
2026-08-12 14:13:59,257 - unity.py - INFO - Got Host Player Object Position: -1.8659891,0,-7.2732573
2026-08-12 14:13:59,278 - pyserver - INFO - Received from UDP: 0003:-1.8341252,0,-7.2549725
2026-08-12 14:13:59,278 - unity.py - INFO - [36mHandling UDP Data: 0003:-1.8341252,0,-7.2549725[0m
2026-08-12 14:13:59,278 - unity.py - INFO - Got Host Player Object Position: -1.8341252,0,-7.2549725
2026-08-12 14:13:59,288 - pyserver - INFO - Received from UDP: 0003:-1.8023229,0,-7.2367225
2026-08-12 14:13:59,289 - unity.py - INFO - [36mHandling UDP Data: 0003:-1.8023229,0,-7.2367225[0m
2026-08-12 14:13:59,289 - unity.py - INFO - Got Host Player Object Position: -1.8023229,0,-7.2367225
2026-08-12 14:13:59,309 - pyserver - INFO - Received from UDP: 0003:-1.7704586,0,-7.218437
2026-08-12 14:13:59,310 - unity.py - INFO - [36mHandling UDP Data: 0003:-1.7704586,0,-7.218437[0m
2026-08-12 14:13:59,310 - unity.py - INFO - Got Host Player Object Position: -1.7704586,0,-7.218437
2026-08-12 14:13:59,320 - pyserver - INFO - Received from UDP: 0003:-1.7386563,0,-7.200187
2026-08-12 14:13:59,320 - unity.py - INFO - [36mHandling UDP Data: 0003:-1.7386563,0,-7.200187[0m
2026-08-12 14:13:59,320 - unity.py - INFO - Got Host Player Object Position: -1.7386563,0,-7.200187
2026-08-12 14:13:59,341 - pyserver - INFO - Received from UDP: 0003:-1.7067922,0,-7.1819024
2026-08-12 14:13:59,341 - unity.py - INFO - [36mHandling UDP Data: 0003:-1.7067922,0,-7.1819024[0m
2026-08-12 14:13:59,341 - unity.py - INFO - Got Host Player Object Position: -1.7067922,0,-7.1819024
2026-08-12 14:13:59,362 - pyserver - INFO - Received from UDP: 0003:-1.6749899,0,-7.1636524
2026-08-12 14:13:59,362 - unity.py - INFO - [36mHandling UDP Data: 0003:-1.6749899,0,-7.1636524[0m
2026-08-12 14:13:59,362 - unity.py - INFO - Got Host Player Object Position: -1.6749899,0,-7.1636524
2026-08-12 14:13:59,373 - pyserver - INFO - Received from UDP: 0003:-1.6431254,0,-7.145367
2026-08-12 14:13:59,373 - unity.py - INFO - [36mHandling UDP Data: 0003:-1.6431254,0,-7.145367[0m
2026-08-12 14:13:59,374 - unity.py - INFO - Got Host Player Object Position: -1.6431254,0,-7.145367
2026-08-12 14:13:59,395 - pyserver - INFO - Received from UDP: 0003:-1.6113231,0,-7.127117
2026-08-12 14:13:59,395 - unity.py - INFO - [36mHandling UDP Data: 0003:-1.6113231,0,-7.127117[0m
2026-08-12 14:13:59,395 - unity.py - INFO - Got Host Player Object Position: -1.6113231,0,-7.127117
2026-08-12 14:13:59,406 - pyserver - INFO - Received from UDP: 0003:-1.5794593,0,-7.1088324
2026-08-12 14:13:59,407 - unity.py - INFO - [36mHandling UDP Data: 0003:-1.5794593,0,-7.1088324[0m
2026-08-12 14:13:59,408 - unity.py - INFO - Got Host Player Object Position: -1.5794593,0,-7.1088324
2026-08-12 14:13:59,428 - pyserver - INFO - Received from UDP: 0003:-1.547657,0,-7.0905824
2026-08-12 14:13:59,429 - unity.py - INFO - [36mHandling UDP Data: 0003:-1.547657,0,-7.0905824[0m
2026-08-12 14:13:59,429 - unity.py - INFO - Got Host Player Object Position: -1.547657,0,-7.0905824
2026-08-12 14:13:59,439 - pyserver - INFO - Received from UDP: 0003:-1.5157924,0,-7.0722966
2026-08-12 14:13:59,439 - unity.py - INFO - [36mHandling UDP Data: 0003:-1.5157924,0,-7.0722966[0m
2026-08-12 14:13:59,440 - unity.py - INFO - Got Host Player Object Position: -1.5157924,0,-7.0722966
2026-08-12 14:13:59,460 - pyserver - INFO - Received from UDP: 0003:-1.48399,0,-7.054047
2026-08-12 14:13:59,460 - unity.py - INFO - [36mHandling UDP Data: 0003:-1.48399,0,-7.054047[0m
2026-08-12 14:13:59,461 - unity.py - INFO - Got Host Player Object Position: -1.48399,0,-7.054047
2026-08-12 14:13:59,471 - pyserver - INFO - Received from UDP: 0003:-1.4521257,0,-7.035762
2026-08-12 14:13:59,471 - unity.py - INFO - [36mHandling UDP Data: 0003:-1.4521257,0,-7.035762[0m
2026-08-12 14:13:59,471 - unity.py - INFO - Got Host Player Object Position: -1.4521257,0,-7.035762
2026-08-12 14:13:59,492 - pyserver - INFO - Received from UDP: 0003:-1.4203234,0,-7.017512
2026-08-12 14:13:59,492 - unity.py - INFO - [36mHandling UDP Data: 0003:-1.4203234,0,-7.017512[0m
2026-08-12 14:13:59,492 - unity.py - INFO - Got Host Player Object Position: -1.4203234,0,-7.017512
2026-08-12 14:13:59,513 - pyserver - INFO - Received from UDP: 0003:-1.3884586,0,-6.999226
2026-08-12 14:13:59,513 - unity.py - INFO - [36mHandling UDP Data: 0003:-1.3884586,0,-6.999226[0m
2026-08-12 14:13:59,513 - unity.py - INFO - Got Host Player Object Position: -1.3884586,0,-6.999226
2026-08-12 14:13:59,524 - pyserver - INFO - Received from UDP: 0003:-1.3566563,0,-6.9809766
2026-08-12 14:13:59,524 - unity.py - INFO - [36mHandling UDP Data: 0003:-1.3566563,0,-6.9809766[0m
2026-08-12 14:13:59,524 - unity.py - INFO - Got Host Player Object Position: -1.3566563,0,-6.9809766
2026-08-12 14:13:59,545 - pyserver - INFO - Received from UDP: 0003:-1.3247921,0,-6.9626913
2026-08-12 14:13:59,545 - unity.py - INFO - [36mHandling UDP Data: 0003:-1.3247921,0,-6.9626913[0m
2026-08-12 14:13:59,545 - unity.py - INFO - Got Host Player Object Position: -1.3247921,0,-6.9626913
2026-08-12 14:13:59,556 - pyserver - INFO - Received from UDP: 0003:-1.2929899,0,-6.9444413
2026-08-12 14:13:59,557 - unity.py - INFO - [36mHandling UDP Data: 0003:-1.2929899,0,-6.9444413[0m
2026-08-12 14:13:59,557 - unity.py - INFO - Got Host Player Object Position: -1.2929899,0,-6.9444413
2026-08-12 14:13:59,578 - pyserver - INFO - Received from UDP: 0003:-1.2611263,0,-6.9261565
2026-08-12 14:13:59,578 - unity.py - INFO - [36mHandling UDP Data: 0003:-1.2611263,0,-6.9261565[0m
2026-08-12 14:13:59,578 - unity.py - INFO - Got Host Player Object Position: -1.2611263,0,-6.9261565
2026-08-12 14:13:59,588 - pyserver - INFO - Received from UDP: 0003:-1.229324,0,-6.9079065
2026-08-12 14:13:59,589 - unity.py - INFO - [36mHandling UDP Data: 0003:-1.229324,0,-6.9079065[0m
2026-08-12 14:13:59,589 - unity.py - INFO - Got Host Player Object Position: -1.229324,0,-6.9079065
2026-08-12 14:13:59,610 - pyserver - INFO - Received from UDP: 0003:-1.19746,0,-6.8896217
2026-08-12 14:13:59,610 - unity.py - INFO - [36mHandling UDP Data: 0003:-1.19746,0,-6.8896217[0m
2026-08-12 14:13:59,610 - unity.py - INFO - Got Host Player Object Position: -1.19746,0,-6.8896217
2026-08-12 14:13:59,621 - pyserver - INFO - Received from UDP: 0003:-1.1672393,0,-6.872279
2026-08-12 14:13:59,621 - unity.py - INFO - [36mHandling UDP Data: 0003:-1.1672393,0,-6.872279[0m
2026-08-12 14:13:59,621 - unity.py - INFO - Got Host Player Object Position: -1.1672393,0,-6.872279
2026-08-12 14:13:59,642 - pyserver - INFO - Received from UDP: 0003:-1.138549,0,-6.8558154
2026-08-12 14:13:59,642 - unity.py - INFO - [36mHandling UDP Data: 0003:-1.138549,0,-6.8558154[0m
2026-08-12 14:13:59,642 - unity.py - INFO - Got Host Player Object Position: -1.138549,0,-6.8558154
2026-08-12 14:13:59,653 - pyserver - INFO - Received from UDP: 0003:-1.1114652,0,-6.8402734
2026-08-12 14:13:59,653 - unity.py - INFO - [36mHandling UDP Data: 0003:-1.1114652,0,-6.8402734[0m
2026-08-12 14:13:59,653 - unity.py - INFO - Got Host Player Object Position: -1.1114652,0,-6.8402734
2026-08-12 14:13:59,674 - pyserver - INFO - Received from UDP: 0003:-1.0859615,0,-6.8256383
2026-08-12 14:13:59,674 - unity.py - INFO - [36mHandling UDP Data: 0003:-1.0859615,0,-6.8256383[0m
2026-08-12 14:13:59,675 - unity.py - INFO - Got Host Player Object Position: -1.0859615,0,-6.8256383
2026-08-12 14:13:59,695 - pyserver - INFO - Received from UDP: 0003:-1.062135,0,-6.811965
2026-08-12 14:13:59,695 - unity.py - INFO - [36mHandling UDP Data: 0003:-1.062135,0,-6.811965[0m
2026-08-12 14:13:59,695 - unity.py - INFO - Got Host Player Object Position: -1.062135,0,-6.811965
2026-08-12 14:13:59,706 - pyserver - INFO - Received from UDP: 0003:-1.0398238,0,-6.799162
2026-08-12 14:13:59,707 - unity.py - INFO - [36mHandling UDP Data: 0003:-1.0398238,0,-6.799162[0m
2026-08-12 14:13:59,707 - unity.py - INFO - Got Host Player Object Position: -1.0398238,0,-6.799162
2026-08-12 14:13:59,728 - pyserver - INFO - Received from UDP: 0003:-1.0191393,0,-6.787292
2026-08-12 14:13:59,728 - unity.py - INFO - [36mHandling UDP Data: 0003:-1.0191393,0,-6.787292[0m
2026-08-12 14:13:59,728 - unity.py - INFO - Got Host Player Object Position: -1.0191393,0,-6.787292
2026-08-12 14:13:59,739 - pyserver - INFO - Received from UDP: 0003:-1.000033,0,-6.776328
2026-08-12 14:13:59,739 - unity.py - INFO - [36mHandling UDP Data: 0003:-1.000033,0,-6.776328[0m
2026-08-12 14:13:59,739 - unity.py - INFO - Got Host Player Object Position: -1.000033,0,-6.776328
2026-08-12 14:13:59,760 - pyserver - INFO - Received from UDP: 0003:-0.9824975,0,-6.7662654
2026-08-12 14:13:59,760 - unity.py - INFO - [36mHandling UDP Data: 0003:-0.9824975,0,-6.7662654[0m
2026-08-12 14:13:59,761 - unity.py - INFO - Got Host Player Object Position: -0.9824975,0,-6.7662654
2026-08-12 14:13:59,771 - pyserver - INFO - Received from UDP: 0003:-0.9665618,0,-6.7571206
2026-08-12 14:13:59,771 - unity.py - INFO - [36mHandling UDP Data: 0003:-0.9665618,0,-6.7571206[0m
2026-08-12 14:13:59,771 - unity.py - INFO - Got Host Player Object Position: -0.9665618,0,-6.7571206
2026-08-12 14:13:59,792 - pyserver - INFO - Received from UDP: 0003:-0.9522474,0,-6.748906
2026-08-12 14:13:59,792 - unity.py - INFO - [36mHandling UDP Data: 0003:-0.9522474,0,-6.748906[0m
2026-08-12 14:13:59,792 - unity.py - INFO - Got Host Player Object Position: -0.9522474,0,-6.748906
2026-08-12 14:13:59,813 - pyserver - INFO - Received from UDP: 0003:-0.93949836,0,-6.74159
2026-08-12 14:13:59,814 - unity.py - INFO - [36mHandling UDP Data: 0003:-0.93949836,0,-6.74159[0m
2026-08-12 14:13:59,814 - unity.py - INFO - Got Host Player Object Position: -0.93949836,0,-6.74159
2026-08-12 14:13:59,824 - pyserver - INFO - Received from UDP: 0003:-0.9283606,0,-6.7351985
2026-08-12 14:13:59,825 - unity.py - INFO - [36mHandling UDP Data: 0003:-0.9283606,0,-6.7351985[0m
2026-08-12 14:13:59,825 - unity.py - INFO - Got Host Player Object Position: -0.9283606,0,-6.7351985
2026-08-12 14:13:59,846 - pyserver - INFO - Received from UDP: 0003:-0.9188071,0,-6.7297163
2026-08-12 14:13:59,846 - unity.py - INFO - [36mHandling UDP Data: 0003:-0.9188071,0,-6.7297163[0m
2026-08-12 14:13:59,846 - unity.py - INFO - Got Host Player Object Position: -0.9188071,0,-6.7297163
2026-08-12 14:13:59,888 - pyserver - INFO - Received from UDP: 0003:-0.905826,0,-6.722267
2026-08-12 14:13:59,889 - unity.py - INFO - [36mHandling UDP Data: 0003:-0.905826,0,-6.722267[0m
2026-08-12 14:13:59,891 - unity.py - INFO - Got Host Player Object Position: -0.905826,0,-6.722267
2026-08-12 14:14:08,330 - pyserver - INFO - Received from UDP: 0003:-0.896968,0,-6.7137527
2026-08-12 14:14:08,330 - unity.py - INFO - [36mHandling UDP Data: 0003:-0.896968,0,-6.7137527[0m
2026-08-12 14:14:08,330 - unity.py - INFO - Got Host Player Object Position: -0.896968,0,-6.7137527
2026-08-12 14:14:08,361 - pyserver - INFO - Received from UDP: 0003:-0.89101,0,-6.702357
2026-08-12 14:14:08,362 - unity.py - INFO - [36mHandling UDP Data: 0003:-0.89101,0,-6.702357[0m
2026-08-12 14:14:08,362 - unity.py - INFO - Got Host Player Object Position: -0.89101,0,-6.702357
2026-08-12 14:14:08,414 - pyserver - INFO - Received from UDP: 0003:-0.87476546,0,-6.6712847
2026-08-12 14:14:08,414 - unity.py - INFO - [36mHandling UDP Data: 0003:-0.87476546,0,-6.6712847[0m
2026-08-12 14:14:08,415 - unity.py - INFO - Got Host Player Object Position: -0.87476546,0,-6.6712847
2026-08-12 14:14:08,435 - pyserver - INFO - Received from UDP: 0003:-0.8679607,0,-6.6582685
2026-08-12 14:14:08,435 - unity.py - INFO - [36mHandling UDP Data: 0003:-0.8679607,0,-6.6582685[0m
2026-08-12 14:14:08,435 - unity.py - INFO - Got Host Player Object Position: -0.8679607,0,-6.6582685
2026-08-12 14:14:08,446 - pyserver - INFO - Received from UDP: 0003:-0.8602781,0,-6.6435733
2026-08-12 14:14:08,446 - unity.py - INFO - [36mHandling UDP Data: 0003:-0.8602781,0,-6.6435733[0m
2026-08-12 14:14:08,446 - unity.py - INFO - Got Host Player Object Position: -0.8602781,0,-6.6435733
2026-08-12 14:14:08,467 - pyserver - INFO - Received from UDP: 0003:-0.8517884,0,-6.6273346
2026-08-12 14:14:08,467 - unity.py - INFO - [36mHandling UDP Data: 0003:-0.8517884,0,-6.6273346[0m
2026-08-12 14:14:08,467 - unity.py - INFO - Got Host Player Object Position: -0.8517884,0,-6.6273346
2026-08-12 14:14:08,488 - pyserver - INFO - Received from UDP: 0003:-0.8424041,0,-6.6093845
2026-08-12 14:14:08,488 - unity.py - INFO - [36mHandling UDP Data: 0003:-0.8424041,0,-6.6093845[0m
2026-08-12 14:14:08,489 - unity.py - INFO - Got Host Player Object Position: -0.8424041,0,-6.6093845
2026-08-12 14:14:08,499 - pyserver - INFO - Received from UDP: 0003:-0.83388585,0,-6.593091
2026-08-12 14:14:08,500 - unity.py - INFO - [36mHandling UDP Data: 0003:-0.83388585,0,-6.593091[0m
2026-08-12 14:14:08,500 - unity.py - INFO - Got Host Player Object Position: -0.83388585,0,-6.593091
2026-08-12 14:14:08,520 - pyserver - INFO - Received from UDP: 0003:-0.82620376,0,-6.578397
2026-08-12 14:14:08,521 - unity.py - INFO - [36mHandling UDP Data: 0003:-0.82620376,0,-6.578397[0m
2026-08-12 14:14:08,521 - unity.py - INFO - Got Host Player Object Position: -0.82620376,0,-6.578397
2026-08-12 14:14:08,531 - pyserver - INFO - Received from UDP: 0003:-0.8193818,0,-6.565348
2026-08-12 14:14:08,531 - unity.py - INFO - [36mHandling UDP Data: 0003:-0.8193818,0,-6.565348[0m
2026-08-12 14:14:08,531 - unity.py - INFO - Got Host Player Object Position: -0.8193818,0,-6.565348
2026-08-12 14:14:08,552 - pyserver - INFO - Received from UDP: 0003:-0.8133983,0,-6.553903
2026-08-12 14:14:08,552 - unity.py - INFO - [36mHandling UDP Data: 0003:-0.8133983,0,-6.553903[0m
2026-08-12 14:14:08,552 - unity.py - INFO - Got Host Player Object Position: -0.8133983,0,-6.553903
2026-08-12 14:14:08,563 - pyserver - INFO - Received from UDP: 0003:-0.8082606,0,-6.544076
2026-08-12 14:14:08,563 - unity.py - INFO - [36mHandling UDP Data: 0003:-0.8082606,0,-6.544076[0m
2026-08-12 14:14:08,563 - unity.py - INFO - Got Host Player Object Position: -0.8082606,0,-6.544076
2026-08-12 14:14:08,604 - pyserver - INFO - Received from UDP: 0003:-0.80056226,0,-6.5293503
2026-08-12 14:14:08,605 - unity.py - INFO - [36mHandling UDP Data: 0003:-0.80056226,0,-6.5293503[0m
2026-08-12 14:14:08,605 - unity.py - INFO - Got Host Player Object Position: -0.80056226,0,-6.5293503
2026-08-12 14:14:08,646 - pyserver - INFO - Received from UDP: 0003:-0.79539126,0,-6.5194597
2026-08-12 14:14:08,647 - unity.py - INFO - [36mHandling UDP Data: 0003:-0.79539126,0,-6.5194597[0m
2026-08-12 14:14:08,647 - unity.py - INFO - Got Host Player Object Position: -0.79539126,0,-6.5194597
